INFO:     Started server process [21502]
INFO:     Waiting for application startup.
INFO:     Application startup complete.
INFO:     Uvicorn running on http://0.0.0.0:8000 (Press CTRL+C to quit)
INFO:     127.0.0.1:50538 - "GET /api/checkins/report?date=2026-04-22 HTTP/1.1" 401 Unauthorized
INFO:     127.0.0.1:45084 - "GET /api/checkins/report?date=2026-04-22 HTTP/1.1" 401 Unauthorized
INFO:     Started server process [36503]
INFO:     Waiting for application startup.
INFO:     Application startup complete.
INFO:     Uvicorn running on http://0.0.0.0:5000 (Press CTRL+C to quit)
INFO:     192.168.65.193:0 - "GET /api/checkins/report?date=2026-04-28 HTTP/1.1" 200 OK
INFO:     192.168.65.193:0 - "GET /api/employees/teams HTTP/1.1" 200 OK
INFO:     192.168.65.193:0 - "GET /api/checkins/report?date=2026-04-15 HTTP/1.1" 200 OK
INFO:     192.168.65.129:0 - "GET /api/checkins/report?date=2026-04-15 HTTP/1.1" 200 OK
INFO:     10.3.5.7:0 - "POST /api/auth/login HTTP/1.1" 200 OK
INFO:     10.3.5.7:0 - "GET /api/api/teams HTTP/1.1" 404 Not Found
INFO:     192.168.65.129:0 - "GET /api/stats HTTP/1.1" 200 OK
INFO:     192.168.65.193:0 - "GET /api/api/departments HTTP/1.1" 404 Not Found
INFO:     10.3.5.7:0 - "GET /api/reports/daily?schedule_date=2026-04-28 HTTP/1.1" 200 OK
INFO:     10.3.5.15:0 - "GET /api/reports/team-ranking?year_month=2026-04 HTTP/1.1" 500 Internal Server Error
ERROR:    Exception in ASGI application
Traceback (most recent call last):
  File "/root/.pyenv/versions/3.11.1/lib/python3.11/site-packages/sqlalchemy/engine/base.py", line 1969, in _exec_single_context
    self.dialect.do_execute(
  File "/root/.pyenv/versions/3.11.1/lib/python3.11/site-packages/sqlalchemy/engine/default.py", line 922, in do_execute
    cursor.execute(statement, parameters)
sqlite3.OperationalError: no such column: shift_types.time_segments

The above exception was the direct cause of the following exception:

Traceback (most recent call last):
  File "/root/.pyenv/versions/3.11.1/lib/python3.11/site-packages/uvicorn/protocols/http/httptools_impl.py", line 426, in run_asgi
    result = await app(  # type: ignore[func-returns-value]
             ^^^^^^^^^^^^^^^^^^^^^^^^^^^^^^^^^^^^^^^^^^^^^^
  File "/root/.pyenv/versions/3.11.1/lib/python3.11/site-packages/uvicorn/middleware/proxy_headers.py", line 84, in __call__
    return await self.app(scope, receive, send)
           ^^^^^^^^^^^^^^^^^^^^^^^^^^^^^^^^^^^^
  File "/root/.pyenv/versions/3.11.1/lib/python3.11/site-packages/fastapi/applications.py", line 1106, in __call__
    await super().__call__(scope, receive, send)
  File "/root/.pyenv/versions/3.11.1/lib/python3.11/site-packages/starlette/applications.py", line 122, in __call__
    await self.middleware_stack(scope, receive, send)
  File "/root/.pyenv/versions/3.11.1/lib/python3.11/site-packages/starlette/middleware/errors.py", line 184, in __call__
    raise exc
  File "/root/.pyenv/versions/3.11.1/lib/python3.11/site-packages/starlette/middleware/errors.py", line 162, in __call__
    await self.app(scope, receive, _send)
  File "/root/.pyenv/versions/3.11.1/lib/python3.11/site-packages/starlette/middleware/cors.py", line 83, in __call__
    await self.app(scope, receive, send)
  File "/root/.pyenv/versions/3.11.1/lib/python3.11/site-packages/starlette/middleware/exceptions.py", line 79, in __call__
    raise exc
  File "/root/.pyenv/versions/3.11.1/lib/python3.11/site-packages/starlette/middleware/exceptions.py", line 68, in __call__
    await self.app(scope, receive, sender)
  File "/root/.pyenv/versions/3.11.1/lib/python3.11/contextlib.py", line 222, in __aexit__
    await self.gen.athrow(typ, value, traceback)
  File "/root/.pyenv/versions/3.11.1/lib/python3.11/site-packages/fastapi/concurrency.py", line 36, in contextmanager_in_threadpool
    raise e
sqlalchemy.exc.OperationalError: (sqlite3.OperationalError) no such column: shift_types.time_segments
[SQL: SELECT shift_types.id AS shift_types_id, shift_types.shift_name AS shift_types_shift_name, shift_types.time_segments AS shift_types_time_segments, shift_types.work_hours AS shift_types_work_hours, shift_types.color AS shift_types_color, shift_types.is_night AS shift_types_is_night, shift_types.is_active AS shift_types_is_active, shift_types.created_at AS shift_types_created_at 
FROM shift_types 
WHERE shift_types.id = ?
 LIMIT ? OFFSET ?]
[parameters: (3, 1, 0)]
(Background on this error at: https://sqlalche.me/e/20/e3q8)
INFO:     192.168.65.193:0 - "GET /api/employees/teams HTTP/1.1" 200 OK
INFO:     192.168.65.129:0 - "GET /api/checkins/report?date=2026-04-28 HTTP/1.1" 200 OK
INFO:     192.168.65.129:0 - "GET /api/checkins/report?date=2026-04-14 HTTP/1.1" 200 OK
INFO:     10.3.5.15:0 - "GET /api/schedules?date=&team= HTTP/1.1" 500 Internal Server Error
ERROR:    Exception in ASGI application
Traceback (most recent call last):
  File "/root/.pyenv/versions/3.11.1/lib/python3.11/site-packages/sqlalchemy/engine/base.py", line 1969, in _exec_single_context
    self.dialect.do_execute(
  File "/root/.pyenv/versions/3.11.1/lib/python3.11/site-packages/sqlalchemy/engine/default.py", line 922, in do_execute
    cursor.execute(statement, parameters)
sqlite3.OperationalError: no such column: shift_types.time_segments

The above exception was the direct cause of the following exception:

Traceback (most recent call last):
  File "/root/.pyenv/versions/3.11.1/lib/python3.11/site-packages/uvicorn/protocols/http/httptools_impl.py", line 426, in run_asgi
    result = await app(  # type: ignore[func-returns-value]
             ^^^^^^^^^^^^^^^^^^^^^^^^^^^^^^^^^^^^^^^^^^^^^^
  File "/root/.pyenv/versions/3.11.1/lib/python3.11/site-packages/uvicorn/middleware/proxy_headers.py", line 84, in __call__
    return await self.app(scope, receive, send)
           ^^^^^^^^^^^^^^^^^^^^^^^^^^^^^^^^^^^^
  File "/root/.pyenv/versions/3.11.1/lib/python3.11/site-packages/fastapi/applications.py", line 1106, in __call__
    await super().__call__(scope, receive, send)
  File "/root/.pyenv/versions/3.11.1/lib/python3.11/site-packages/starlette/applications.py", line 122, in __call__
    await self.middleware_stack(scope, receive, send)
  File "/root/.pyenv/versions/3.11.1/lib/python3.11/site-packages/starlette/middleware/errors.py", line 184, in __call__
    raise exc
  File "/root/.pyenv/versions/3.11.1/lib/python3.11/site-packages/starlette/middleware/errors.py", line 162, in __call__
    await self.app(scope, receive, _send)
  File "/root/.pyenv/versions/3.11.1/lib/python3.11/site-packages/starlette/middleware/cors.py", line 83, in __call__
    await self.app(scope, receive, send)
  File "/root/.pyenv/versions/3.11.1/lib/python3.11/site-packages/starlette/middleware/exceptions.py", line 79, in __call__
    raise exc
  File "/root/.pyenv/versions/3.11.1/lib/python3.11/site-packages/starlette/middleware/exceptions.py", line 68, in __call__
    await self.app(scope, receive, sender)
  File "/root/.pyenv/versions/3.11.1/lib/python3.11/contextlib.py", line 222, in __aexit__
    await self.gen.athrow(typ, value, traceback)
  File "/root/.pyenv/versions/3.11.1/lib/python3.11/site-packages/fastapi/concurrency.py", line 36, in contextmanager_in_threadpool
    raise e
sqlalchemy.exc.OperationalError: (sqlite3.OperationalError) no such column: shift_types.time_segments
[SQL: SELECT shift_types.id AS shift_types_id, shift_types.shift_name AS shift_types_shift_name, shift_types.time_segments AS shift_types_time_segments, shift_types.work_hours AS shift_types_work_hours, shift_types.color AS shift_types_color, shift_types.is_night AS shift_types_is_night, shift_types.is_active AS shift_types_is_active, shift_types.created_at AS shift_types_created_at 
FROM shift_types 
WHERE shift_types.id = ?
 LIMIT ? OFFSET ?]
[parameters: (4, 1, 0)]
(Background on this error at: https://sqlalche.me/e/20/e3q8)
INFO:     192.168.65.129:0 - "GET /api/employees?limit=1000 HTTP/1.1" 422 Unprocessable Entity
INFO:     192.168.65.193:0 - "GET /api/shift-types HTTP/1.1" 500 Internal Server Error
ERROR:    Exception in ASGI application
Traceback (most recent call last):
  File "/root/.pyenv/versions/3.11.1/lib/python3.11/site-packages/sqlalchemy/engine/base.py", line 1969, in _exec_single_context
    self.dialect.do_execute(
  File "/root/.pyenv/versions/3.11.1/lib/python3.11/site-packages/sqlalchemy/engine/default.py", line 922, in do_execute
    cursor.execute(statement, parameters)
sqlite3.OperationalError: no such column: shift_types.time_segments

The above exception was the direct cause of the following exception:

Traceback (most recent call last):
  File "/root/.pyenv/versions/3.11.1/lib/python3.11/site-packages/uvicorn/protocols/http/httptools_impl.py", line 426, in run_asgi
    result = await app(  # type: ignore[func-returns-value]
             ^^^^^^^^^^^^^^^^^^^^^^^^^^^^^^^^^^^^^^^^^^^^^^
  File "/root/.pyenv/versions/3.11.1/lib/python3.11/site-packages/uvicorn/middleware/proxy_headers.py", line 84, in __call__
    return await self.app(scope, receive, send)
           ^^^^^^^^^^^^^^^^^^^^^^^^^^^^^^^^^^^^
  File "/root/.pyenv/versions/3.11.1/lib/python3.11/site-packages/fastapi/applications.py", line 1106, in __call__
    await super().__call__(scope, receive, send)
  File "/root/.pyenv/versions/3.11.1/lib/python3.11/site-packages/starlette/applications.py", line 122, in __call__
    await self.middleware_stack(scope, receive, send)
  File "/root/.pyenv/versions/3.11.1/lib/python3.11/site-packages/starlette/middleware/errors.py", line 184, in __call__
    raise exc
  File "/root/.pyenv/versions/3.11.1/lib/python3.11/site-packages/starlette/middleware/errors.py", line 162, in __call__
    await self.app(scope, receive, _send)
  File "/root/.pyenv/versions/3.11.1/lib/python3.11/site-packages/starlette/middleware/cors.py", line 83, in __call__
    await self.app(scope, receive, send)
  File "/root/.pyenv/versions/3.11.1/lib/python3.11/site-packages/starlette/middleware/exceptions.py", line 79, in __call__
    raise exc
  File "/root/.pyenv/versions/3.11.1/lib/python3.11/site-packages/starlette/middleware/exceptions.py", line 68, in __call__
    await self.app(scope, receive, sender)
  File "/root/.pyenv/versions/3.11.1/lib/python3.11/contextlib.py", line 222, in __aexit__
    await self.gen.athrow(typ, value, traceback)
  File "/root/.pyenv/versions/3.11.1/lib/python3.11/site-packages/fastapi/concurrency.py", line 36, in contextmanager_in_threadpool
    raise e
sqlalchemy.exc.OperationalError: (sqlite3.OperationalError) no such column: shift_types.time_segments
[SQL: SELECT shift_types.id AS shift_types_id, shift_types.shift_name AS shift_types_shift_name, shift_types.time_segments AS shift_types_time_segments, shift_types.work_hours AS shift_types_work_hours, shift_types.color AS shift_types_color, shift_types.is_night AS shift_types_is_night, shift_types.is_active AS shift_types_is_active, shift_types.created_at AS shift_types_created_at 
FROM shift_types 
WHERE shift_types.is_active = 1]
(Background on this error at: https://sqlalche.me/e/20/e3q8)
INFO:     192.168.65.129:0 - "GET /api/employees/teams HTTP/1.1" 200 OK
INFO:     192.168.65.193:0 - "GET /api/employees/teams HTTP/1.1" 200 OK
INFO:     10.3.5.7:0 - "GET /api/employees/departments HTTP/1.1" 200 OK
INFO:     192.168.65.193:0 - "GET /api/employees?page=1&limit=20&search=&team=&dept= HTTP/1.1" 200 OK
INFO:     192.168.65.193:0 - "GET /api/employees?page=3&limit=20&search=&team=&dept= HTTP/1.1" 200 OK
INFO:     10.3.5.7:0 - "GET /api/employees/teams HTTP/1.1" 200 OK
INFO:     192.168.65.193:0 - "GET /api/checkins/report?date=2026-04-28 HTTP/1.1" 200 OK
INFO:     10.3.5.7:0 - "GET /api/checkins?page=1&limit=20 HTTP/1.1" 200 OK
INFO:     10.3.5.15:0 - "POST /api/checkins/import HTTP/1.1" 200 OK
INFO:     10.3.5.15:0 - "GET /api/checkins?page=1&limit=20 HTTP/1.1" 200 OK
INFO:     192.168.65.193:0 - "GET /api/employees/departments HTTP/1.1" 200 OK
INFO:     10.3.5.15:0 - "GET /api/employees/teams HTTP/1.1" 200 OK
INFO:     192.168.65.129:0 - "GET /api/employees?page=1&limit=20&search=&team=&dept= HTTP/1.1" 200 OK
INFO:     192.168.65.129:0 - "GET /api/employees?page=1&limit=20&search=&team=&dept= HTTP/1.1" 200 OK
INFO:     10.3.5.7:0 - "GET /api/shift-types HTTP/1.1" 500 Internal Server Error
ERROR:    Exception in ASGI application
Traceback (most recent call last):
  File "/root/.pyenv/versions/3.11.1/lib/python3.11/site-packages/sqlalchemy/engine/base.py", line 1969, in _exec_single_context
    self.dialect.do_execute(
  File "/root/.pyenv/versions/3.11.1/lib/python3.11/site-packages/sqlalchemy/engine/default.py", line 922, in do_execute
    cursor.execute(statement, parameters)
sqlite3.OperationalError: no such column: shift_types.time_segments

The above exception was the direct cause of the following exception:

Traceback (most recent call last):
  File "/root/.pyenv/versions/3.11.1/lib/python3.11/site-packages/uvicorn/protocols/http/httptools_impl.py", line 426, in run_asgi
    result = await app(  # type: ignore[func-returns-value]
             ^^^^^^^^^^^^^^^^^^^^^^^^^^^^^^^^^^^^^^^^^^^^^^
  File "/root/.pyenv/versions/3.11.1/lib/python3.11/site-packages/uvicorn/middleware/proxy_headers.py", line 84, in __call__
    return await self.app(scope, receive, send)
           ^^^^^^^^^^^^^^^^^^^^^^^^^^^^^^^^^^^^
  File "/root/.pyenv/versions/3.11.1/lib/python3.11/site-packages/fastapi/applications.py", line 1106, in __call__
    await super().__call__(scope, receive, send)
  File "/root/.pyenv/versions/3.11.1/lib/python3.11/site-packages/starlette/applications.py", line 122, in __call__
    await self.middleware_stack(scope, receive, send)
  File "/root/.pyenv/versions/3.11.1/lib/python3.11/site-packages/starlette/middleware/errors.py", line 184, in __call__
    raise exc
  File "/root/.pyenv/versions/3.11.1/lib/python3.11/site-packages/starlette/middleware/errors.py", line 162, in __call__
    await self.app(scope, receive, _send)
  File "/root/.pyenv/versions/3.11.1/lib/python3.11/site-packages/starlette/middleware/cors.py", line 83, in __call__
    await self.app(scope, receive, send)
  File "/root/.pyenv/versions/3.11.1/lib/python3.11/site-packages/starlette/middleware/exceptions.py", line 79, in __call__
    raise exc
  File "/root/.pyenv/versions/3.11.1/lib/python3.11/site-packages/starlette/middleware/exceptions.py", line 68, in __call__
    await self.app(scope, receive, sender)
  File "/root/.pyenv/versions/3.11.1/lib/python3.11/contextlib.py", line 222, in __aexit__
    await self.gen.athrow(typ, value, traceback)
  File "/root/.pyenv/versions/3.11.1/lib/python3.11/site-packages/fastapi/concurrency.py", line 36, in contextmanager_in_threadpool
    raise e
sqlalchemy.exc.OperationalError: (sqlite3.OperationalError) no such column: shift_types.time_segments
[SQL: SELECT shift_types.id AS shift_types_id, shift_types.shift_name AS shift_types_shift_name, shift_types.time_segments AS shift_types_time_segments, shift_types.work_hours AS shift_types_work_hours, shift_types.color AS shift_types_color, shift_types.is_night AS shift_types_is_night, shift_types.is_active AS shift_types_is_active, shift_types.created_at AS shift_types_created_at 
FROM shift_types 
WHERE shift_types.is_active = 1]
(Background on this error at: https://sqlalche.me/e/20/e3q8)
INFO:     10.3.5.15:0 - "GET /api/employees/teams HTTP/1.1" 200 OK
INFO:     192.168.65.129:0 - "GET /api/schedules?date=&team= HTTP/1.1" 500 Internal Server Error
ERROR:    Exception in ASGI application
Traceback (most recent call last):
  File "/root/.pyenv/versions/3.11.1/lib/python3.11/site-packages/sqlalchemy/engine/base.py", line 1969, in _exec_single_context
    self.dialect.do_execute(
  File "/root/.pyenv/versions/3.11.1/lib/python3.11/site-packages/sqlalchemy/engine/default.py", line 922, in do_execute
    cursor.execute(statement, parameters)
sqlite3.OperationalError: no such column: shift_types.time_segments

The above exception was the direct cause of the following exception:

Traceback (most recent call last):
  File "/root/.pyenv/versions/3.11.1/lib/python3.11/site-packages/uvicorn/protocols/http/httptools_impl.py", line 426, in run_asgi
    result = await app(  # type: ignore[func-returns-value]
             ^^^^^^^^^^^^^^^^^^^^^^^^^^^^^^^^^^^^^^^^^^^^^^
  File "/root/.pyenv/versions/3.11.1/lib/python3.11/site-packages/uvicorn/middleware/proxy_headers.py", line 84, in __call__
    return await self.app(scope, receive, send)
           ^^^^^^^^^^^^^^^^^^^^^^^^^^^^^^^^^^^^
  File "/root/.pyenv/versions/3.11.1/lib/python3.11/site-packages/fastapi/applications.py", line 1106, in __call__
    await super().__call__(scope, receive, send)
  File "/root/.pyenv/versions/3.11.1/lib/python3.11/site-packages/starlette/applications.py", line 122, in __call__
    await self.middleware_stack(scope, receive, send)
  File "/root/.pyenv/versions/3.11.1/lib/python3.11/site-packages/starlette/middleware/errors.py", line 184, in __call__
    raise exc
  File "/root/.pyenv/versions/3.11.1/lib/python3.11/site-packages/starlette/middleware/errors.py", line 162, in __call__
    await self.app(scope, receive, _send)
  File "/root/.pyenv/versions/3.11.1/lib/python3.11/site-packages/starlette/middleware/cors.py", line 83, in __call__
    await self.app(scope, receive, send)
  File "/root/.pyenv/versions/3.11.1/lib/python3.11/site-packages/starlette/middleware/exceptions.py", line 79, in __call__
    raise exc
  File "/root/.pyenv/versions/3.11.1/lib/python3.11/site-packages/starlette/middleware/exceptions.py", line 68, in __call__
    await self.app(scope, receive, sender)
  File "/root/.pyenv/versions/3.11.1/lib/python3.11/contextlib.py", line 222, in __aexit__
    await self.gen.athrow(typ, value, traceback)
  File "/root/.pyenv/versions/3.11.1/lib/python3.11/site-packages/fastapi/concurrency.py", line 36, in contextmanager_in_threadpool
    raise e
sqlalchemy.exc.OperationalError: (sqlite3.OperationalError) no such column: shift_types.time_segments
[SQL: SELECT shift_types.id AS shift_types_id, shift_types.shift_name AS shift_types_shift_name, shift_types.time_segments AS shift_types_time_segments, shift_types.work_hours AS shift_types_work_hours, shift_types.color AS shift_types_color, shift_types.is_night AS shift_types_is_night, shift_types.is_active AS shift_types_is_active, shift_types.created_at AS shift_types_created_at 
FROM shift_types 
WHERE shift_types.id = ?
 LIMIT ? OFFSET ?]
[parameters: (4, 1, 0)]
(Background on this error at: https://sqlalche.me/e/20/e3q8)
INFO:     10.3.5.15:0 - "GET /api/employees?limit=1000 HTTP/1.1" 422 Unprocessable Entity
INFO:     192.168.65.193:0 - "GET /api/checkins?page=1&limit=20 HTTP/1.1" 200 OK
INFO:     10.3.5.7:0 - "GET /api/shift-types HTTP/1.1" 500 Internal Server Error
ERROR:    Exception in ASGI application
Traceback (most recent call last):
  File "/root/.pyenv/versions/3.11.1/lib/python3.11/site-packages/sqlalchemy/engine/base.py", line 1969, in _exec_single_context
    self.dialect.do_execute(
  File "/root/.pyenv/versions/3.11.1/lib/python3.11/site-packages/sqlalchemy/engine/default.py", line 922, in do_execute
    cursor.execute(statement, parameters)
sqlite3.OperationalError: no such column: shift_types.time_segments

The above exception was the direct cause of the following exception:

Traceback (most recent call last):
  File "/root/.pyenv/versions/3.11.1/lib/python3.11/site-packages/uvicorn/protocols/http/httptools_impl.py", line 426, in run_asgi
    result = await app(  # type: ignore[func-returns-value]
             ^^^^^^^^^^^^^^^^^^^^^^^^^^^^^^^^^^^^^^^^^^^^^^
  File "/root/.pyenv/versions/3.11.1/lib/python3.11/site-packages/uvicorn/middleware/proxy_headers.py", line 84, in __call__
    return await self.app(scope, receive, send)
           ^^^^^^^^^^^^^^^^^^^^^^^^^^^^^^^^^^^^
  File "/root/.pyenv/versions/3.11.1/lib/python3.11/site-packages/fastapi/applications.py", line 1106, in __call__
    await super().__call__(scope, receive, send)
  File "/root/.pyenv/versions/3.11.1/lib/python3.11/site-packages/starlette/applications.py", line 122, in __call__
    await self.middleware_stack(scope, receive, send)
  File "/root/.pyenv/versions/3.11.1/lib/python3.11/site-packages/starlette/middleware/errors.py", line 184, in __call__
    raise exc
  File "/root/.pyenv/versions/3.11.1/lib/python3.11/site-packages/starlette/middleware/errors.py", line 162, in __call__
    await self.app(scope, receive, _send)
  File "/root/.pyenv/versions/3.11.1/lib/python3.11/site-packages/starlette/middleware/cors.py", line 83, in __call__
    await self.app(scope, receive, send)
  File "/root/.pyenv/versions/3.11.1/lib/python3.11/site-packages/starlette/middleware/exceptions.py", line 79, in __call__
    raise exc
  File "/root/.pyenv/versions/3.11.1/lib/python3.11/site-packages/starlette/middleware/exceptions.py", line 68, in __call__
    await self.app(scope, receive, sender)
  File "/root/.pyenv/versions/3.11.1/lib/python3.11/contextlib.py", line 222, in __aexit__
    await self.gen.athrow(typ, value, traceback)
  File "/root/.pyenv/versions/3.11.1/lib/python3.11/site-packages/fastapi/concurrency.py", line 36, in contextmanager_in_threadpool
    raise e
sqlalchemy.exc.OperationalError: (sqlite3.OperationalError) no such column: shift_types.time_segments
[SQL: SELECT shift_types.id AS shift_types_id, shift_types.shift_name AS shift_types_shift_name, shift_types.time_segments AS shift_types_time_segments, shift_types.work_hours AS shift_types_work_hours, shift_types.color AS shift_types_color, shift_types.is_night AS shift_types_is_night, shift_types.is_active AS shift_types_is_active, shift_types.created_at AS shift_types_created_at 
FROM shift_types 
WHERE shift_types.is_active = 1]
(Background on this error at: https://sqlalche.me/e/20/e3q8)
INFO:     10.3.5.15:0 - "GET /api/users?page=1&limit=20&search=&role= HTTP/1.1" 200 OK
INFO:     192.168.65.129:0 - "GET /api/shift-types HTTP/1.1" 500 Internal Server Error
ERROR:    Exception in ASGI application
Traceback (most recent call last):
  File "/root/.pyenv/versions/3.11.1/lib/python3.11/site-packages/sqlalchemy/engine/base.py", line 1969, in _exec_single_context
    self.dialect.do_execute(
  File "/root/.pyenv/versions/3.11.1/lib/python3.11/site-packages/sqlalchemy/engine/default.py", line 922, in do_execute
    cursor.execute(statement, parameters)
sqlite3.OperationalError: no such column: shift_types.time_segments

The above exception was the direct cause of the following exception:

Traceback (most recent call last):
  File "/root/.pyenv/versions/3.11.1/lib/python3.11/site-packages/uvicorn/protocols/http/httptools_impl.py", line 426, in run_asgi
    result = await app(  # type: ignore[func-returns-value]
             ^^^^^^^^^^^^^^^^^^^^^^^^^^^^^^^^^^^^^^^^^^^^^^
  File "/root/.pyenv/versions/3.11.1/lib/python3.11/site-packages/uvicorn/middleware/proxy_headers.py", line 84, in __call__
    return await self.app(scope, receive, send)
           ^^^^^^^^^^^^^^^^^^^^^^^^^^^^^^^^^^^^
  File "/root/.pyenv/versions/3.11.1/lib/python3.11/site-packages/fastapi/applications.py", line 1106, in __call__
    await super().__call__(scope, receive, send)
  File "/root/.pyenv/versions/3.11.1/lib/python3.11/site-packages/starlette/applications.py", line 122, in __call__
    await self.middleware_stack(scope, receive, send)
  File "/root/.pyenv/versions/3.11.1/lib/python3.11/site-packages/starlette/middleware/errors.py", line 184, in __call__
    raise exc
  File "/root/.pyenv/versions/3.11.1/lib/python3.11/site-packages/starlette/middleware/errors.py", line 162, in __call__
    await self.app(scope, receive, _send)
  File "/root/.pyenv/versions/3.11.1/lib/python3.11/site-packages/starlette/middleware/cors.py", line 83, in __call__
    await self.app(scope, receive, send)
  File "/root/.pyenv/versions/3.11.1/lib/python3.11/site-packages/starlette/middleware/exceptions.py", line 79, in __call__
    raise exc
  File "/root/.pyenv/versions/3.11.1/lib/python3.11/site-packages/starlette/middleware/exceptions.py", line 68, in __call__
    await self.app(scope, receive, sender)
  File "/root/.pyenv/versions/3.11.1/lib/python3.11/contextlib.py", line 222, in __aexit__
    await self.gen.athrow(typ, value, traceback)
  File "/root/.pyenv/versions/3.11.1/lib/python3.11/site-packages/fastapi/concurrency.py", line 36, in contextmanager_in_threadpool
    raise e
sqlalchemy.exc.OperationalError: (sqlite3.OperationalError) no such column: shift_types.time_segments
[SQL: SELECT shift_types.id AS shift_types_id, shift_types.shift_name AS shift_types_shift_name, shift_types.time_segments AS shift_types_time_segments, shift_types.work_hours AS shift_types_work_hours, shift_types.color AS shift_types_color, shift_types.is_night AS shift_types_is_night, shift_types.is_active AS shift_types_is_active, shift_types.created_at AS shift_types_created_at 
FROM shift_types 
WHERE shift_types.is_active = 1]
(Background on this error at: https://sqlalche.me/e/20/e3q8)
INFO:     10.3.5.7:0 - "DELETE /api/clear-data?tables=checkins HTTP/1.1" 200 OK
INFO:     192.168.65.129:0 - "GET /api/schedules?date=&team= HTTP/1.1" 500 Internal Server Error
ERROR:    Exception in ASGI application
Traceback (most recent call last):
  File "/root/.pyenv/versions/3.11.1/lib/python3.11/site-packages/sqlalchemy/engine/base.py", line 1969, in _exec_single_context
    self.dialect.do_execute(
  File "/root/.pyenv/versions/3.11.1/lib/python3.11/site-packages/sqlalchemy/engine/default.py", line 922, in do_execute
    cursor.execute(statement, parameters)
sqlite3.OperationalError: no such column: shift_types.time_segments

The above exception was the direct cause of the following exception:

Traceback (most recent call last):
  File "/root/.pyenv/versions/3.11.1/lib/python3.11/site-packages/uvicorn/protocols/http/httptools_impl.py", line 426, in run_asgi
    result = await app(  # type: ignore[func-returns-value]
             ^^^^^^^^^^^^^^^^^^^^^^^^^^^^^^^^^^^^^^^^^^^^^^
  File "/root/.pyenv/versions/3.11.1/lib/python3.11/site-packages/uvicorn/middleware/proxy_headers.py", line 84, in __call__
    return await self.app(scope, receive, send)
           ^^^^^^^^^^^^^^^^^^^^^^^^^^^^^^^^^^^^
  File "/root/.pyenv/versions/3.11.1/lib/python3.11/site-packages/fastapi/applications.py", line 1106, in __call__
    await super().__call__(scope, receive, send)
  File "/root/.pyenv/versions/3.11.1/lib/python3.11/site-packages/starlette/applications.py", line 122, in __call__
    await self.middleware_stack(scope, receive, send)
  File "/root/.pyenv/versions/3.11.1/lib/python3.11/site-packages/starlette/middleware/errors.py", line 184, in __call__
    raise exc
  File "/root/.pyenv/versions/3.11.1/lib/python3.11/site-packages/starlette/middleware/errors.py", line 162, in __call__
    await self.app(scope, receive, _send)
  File "/root/.pyenv/versions/3.11.1/lib/python3.11/site-packages/starlette/middleware/cors.py", line 83, in __call__
    await self.app(scope, receive, send)
  File "/root/.pyenv/versions/3.11.1/lib/python3.11/site-packages/starlette/middleware/exceptions.py", line 79, in __call__
    raise exc
  File "/root/.pyenv/versions/3.11.1/lib/python3.11/site-packages/starlette/middleware/exceptions.py", line 68, in __call__
    await self.app(scope, receive, sender)
  File "/root/.pyenv/versions/3.11.1/lib/python3.11/contextlib.py", line 222, in __aexit__
    await self.gen.athrow(typ, value, traceback)
  File "/root/.pyenv/versions/3.11.1/lib/python3.11/site-packages/fastapi/concurrency.py", line 36, in contextmanager_in_threadpool
    raise e
sqlalchemy.exc.OperationalError: (sqlite3.OperationalError) no such column: shift_types.time_segments
[SQL: SELECT shift_types.id AS shift_types_id, shift_types.shift_name AS shift_types_shift_name, shift_types.time_segments AS shift_types_time_segments, shift_types.work_hours AS shift_types_work_hours, shift_types.color AS shift_types_color, shift_types.is_night AS shift_types_is_night, shift_types.is_active AS shift_types_is_active, shift_types.created_at AS shift_types_created_at 
FROM shift_types 
WHERE shift_types.id = ?
 LIMIT ? OFFSET ?]
[parameters: (4, 1, 0)]
(Background on this error at: https://sqlalche.me/e/20/e3q8)
INFO:     10.3.5.7:0 - "GET /api/employees?limit=1000 HTTP/1.1" 422 Unprocessable Entity
INFO:     10.3.5.15:0 - "GET /api/employees/teams HTTP/1.1" 200 OK
INFO:     192.168.65.193:0 - "GET /api/shift-types HTTP/1.1" 500 Internal Server Error
ERROR:    Exception in ASGI application
Traceback (most recent call last):
  File "/root/.pyenv/versions/3.11.1/lib/python3.11/site-packages/sqlalchemy/engine/base.py", line 1969, in _exec_single_context
    self.dialect.do_execute(
  File "/root/.pyenv/versions/3.11.1/lib/python3.11/site-packages/sqlalchemy/engine/default.py", line 922, in do_execute
    cursor.execute(statement, parameters)
sqlite3.OperationalError: no such column: shift_types.time_segments

The above exception was the direct cause of the following exception:

Traceback (most recent call last):
  File "/root/.pyenv/versions/3.11.1/lib/python3.11/site-packages/uvicorn/protocols/http/httptools_impl.py", line 426, in run_asgi
    result = await app(  # type: ignore[func-returns-value]
             ^^^^^^^^^^^^^^^^^^^^^^^^^^^^^^^^^^^^^^^^^^^^^^
  File "/root/.pyenv/versions/3.11.1/lib/python3.11/site-packages/uvicorn/middleware/proxy_headers.py", line 84, in __call__
    return await self.app(scope, receive, send)
           ^^^^^^^^^^^^^^^^^^^^^^^^^^^^^^^^^^^^
  File "/root/.pyenv/versions/3.11.1/lib/python3.11/site-packages/fastapi/applications.py", line 1106, in __call__
    await super().__call__(scope, receive, send)
  File "/root/.pyenv/versions/3.11.1/lib/python3.11/site-packages/starlette/applications.py", line 122, in __call__
    await self.middleware_stack(scope, receive, send)
  File "/root/.pyenv/versions/3.11.1/lib/python3.11/site-packages/starlette/middleware/errors.py", line 184, in __call__
    raise exc
  File "/root/.pyenv/versions/3.11.1/lib/python3.11/site-packages/starlette/middleware/errors.py", line 162, in __call__
    await self.app(scope, receive, _send)
  File "/root/.pyenv/versions/3.11.1/lib/python3.11/site-packages/starlette/middleware/cors.py", line 83, in __call__
    await self.app(scope, receive, send)
  File "/root/.pyenv/versions/3.11.1/lib/python3.11/site-packages/starlette/middleware/exceptions.py", line 79, in __call__
    raise exc
  File "/root/.pyenv/versions/3.11.1/lib/python3.11/site-packages/starlette/middleware/exceptions.py", line 68, in __call__
    await self.app(scope, receive, sender)
  File "/root/.pyenv/versions/3.11.1/lib/python3.11/contextlib.py", line 222, in __aexit__
    await self.gen.athrow(typ, value, traceback)
  File "/root/.pyenv/versions/3.11.1/lib/python3.11/site-packages/fastapi/concurrency.py", line 36, in contextmanager_in_threadpool
    raise e
sqlalchemy.exc.OperationalError: (sqlite3.OperationalError) no such column: shift_types.time_segments
[SQL: SELECT shift_types.id AS shift_types_id, shift_types.shift_name AS shift_types_shift_name, shift_types.time_segments AS shift_types_time_segments, shift_types.work_hours AS shift_types_work_hours, shift_types.color AS shift_types_color, shift_types.is_night AS shift_types_is_night, shift_types.is_active AS shift_types_is_active, shift_types.created_at AS shift_types_created_at 
FROM shift_types 
WHERE shift_types.is_active = 1]
(Background on this error at: https://sqlalche.me/e/20/e3q8)
INFO:     192.168.65.193:0 - "GET /api/checkins?page=1&limit=20 HTTP/1.1" 200 OK
INFO:     192.168.65.193:0 - "POST /api/checkins/import HTTP/1.1" 500 Internal Server Error
ERROR:    Exception in ASGI application
Traceback (most recent call last):
  File "/root/.pyenv/versions/3.11.1/lib/python3.11/site-packages/sqlalchemy/engine/base.py", line 1969, in _exec_single_context
    self.dialect.do_execute(
  File "/root/.pyenv/versions/3.11.1/lib/python3.11/site-packages/sqlalchemy/engine/default.py", line 922, in do_execute
    cursor.execute(statement, parameters)
sqlite3.OperationalError: no such column: shift_types.time_segments

The above exception was the direct cause of the following exception:

Traceback (most recent call last):
  File "/root/.pyenv/versions/3.11.1/lib/python3.11/site-packages/uvicorn/protocols/http/httptools_impl.py", line 426, in run_asgi
    result = await app(  # type: ignore[func-returns-value]
             ^^^^^^^^^^^^^^^^^^^^^^^^^^^^^^^^^^^^^^^^^^^^^^
  File "/root/.pyenv/versions/3.11.1/lib/python3.11/site-packages/uvicorn/middleware/proxy_headers.py", line 84, in __call__
    return await self.app(scope, receive, send)
           ^^^^^^^^^^^^^^^^^^^^^^^^^^^^^^^^^^^^
  File "/root/.pyenv/versions/3.11.1/lib/python3.11/site-packages/fastapi/applications.py", line 1106, in __call__
    await super().__call__(scope, receive, send)
  File "/root/.pyenv/versions/3.11.1/lib/python3.11/site-packages/starlette/applications.py", line 122, in __call__
    await self.middleware_stack(scope, receive, send)
  File "/root/.pyenv/versions/3.11.1/lib/python3.11/site-packages/starlette/middleware/errors.py", line 184, in __call__
    raise exc
  File "/root/.pyenv/versions/3.11.1/lib/python3.11/site-packages/starlette/middleware/errors.py", line 162, in __call__
    await self.app(scope, receive, _send)
  File "/root/.pyenv/versions/3.11.1/lib/python3.11/site-packages/starlette/middleware/cors.py", line 91, in __call__
    await self.simple_response(scope, receive, send, request_headers=headers)
  File "/root/.pyenv/versions/3.11.1/lib/python3.11/site-packages/starlette/middleware/cors.py", line 146, in simple_response
    await self.app(scope, receive, send)
  File "/root/.pyenv/versions/3.11.1/lib/python3.11/site-packages/starlette/middleware/exceptions.py", line 79, in __call__
    raise exc
  File "/root/.pyenv/versions/3.11.1/lib/python3.11/site-packages/starlette/middleware/exceptions.py", line 68, in __call__
    await self.app(scope, receive, sender)
  File "/root/.pyenv/versions/3.11.1/lib/python3.11/contextlib.py", line 222, in __aexit__
    await self.gen.athrow(typ, value, traceback)
  File "/root/.pyenv/versions/3.11.1/lib/python3.11/site-packages/fastapi/concurrency.py", line 36, in contextmanager_in_threadpool
    raise e
sqlalchemy.exc.OperationalError: (sqlite3.OperationalError) no such column: shift_types.time_segments
[SQL: SELECT shift_types.id AS shift_types_id, shift_types.shift_name AS shift_types_shift_name, shift_types.time_segments AS shift_types_time_segments, shift_types.work_hours AS shift_types_work_hours, shift_types.color AS shift_types_color, shift_types.is_night AS shift_types_is_night, shift_types.is_active AS shift_types_is_active, shift_types.created_at AS shift_types_created_at 
FROM shift_types 
WHERE shift_types.id = ?
 LIMIT ? OFFSET ?]
[parameters: (3, 1, 0)]
(Background on this error at: https://sqlalche.me/e/20/e3q8)
INFO:     10.3.5.15:0 - "POST /api/checkins/import HTTP/1.1" 200 OK
INFO:     10.3.5.7:0 - "GET /api/checkins?page=1&limit=20 HTTP/1.1" 200 OK
INFO:     10.3.5.15:0 - "GET /api/employees?page=1&limit=20&search=&team=&dept= HTTP/1.1" 200 OK
INFO:     192.168.65.193:0 - "GET /api/employees/teams HTTP/1.1" 200 OK
INFO:     192.168.65.193:0 - "GET /api/employees/departments HTTP/1.1" 200 OK
INFO:     192.168.65.129:0 - "GET /api/shift-types HTTP/1.1" 500 Internal Server Error
ERROR:    Exception in ASGI application
Traceback (most recent call last):
  File "/root/.pyenv/versions/3.11.1/lib/python3.11/site-packages/sqlalchemy/engine/base.py", line 1969, in _exec_single_context
    self.dialect.do_execute(
  File "/root/.pyenv/versions/3.11.1/lib/python3.11/site-packages/sqlalchemy/engine/default.py", line 922, in do_execute
    cursor.execute(statement, parameters)
sqlite3.OperationalError: no such column: shift_types.time_segments

The above exception was the direct cause of the following exception:

Traceback (most recent call last):
  File "/root/.pyenv/versions/3.11.1/lib/python3.11/site-packages/uvicorn/protocols/http/httptools_impl.py", line 426, in run_asgi
    result = await app(  # type: ignore[func-returns-value]
             ^^^^^^^^^^^^^^^^^^^^^^^^^^^^^^^^^^^^^^^^^^^^^^
  File "/root/.pyenv/versions/3.11.1/lib/python3.11/site-packages/uvicorn/middleware/proxy_headers.py", line 84, in __call__
    return await self.app(scope, receive, send)
           ^^^^^^^^^^^^^^^^^^^^^^^^^^^^^^^^^^^^
  File "/root/.pyenv/versions/3.11.1/lib/python3.11/site-packages/fastapi/applications.py", line 1106, in __call__
    await super().__call__(scope, receive, send)
  File "/root/.pyenv/versions/3.11.1/lib/python3.11/site-packages/starlette/applications.py", line 122, in __call__
    await self.middleware_stack(scope, receive, send)
  File "/root/.pyenv/versions/3.11.1/lib/python3.11/site-packages/starlette/middleware/errors.py", line 184, in __call__
    raise exc
  File "/root/.pyenv/versions/3.11.1/lib/python3.11/site-packages/starlette/middleware/errors.py", line 162, in __call__
    await self.app(scope, receive, _send)
  File "/root/.pyenv/versions/3.11.1/lib/python3.11/site-packages/starlette/middleware/cors.py", line 83, in __call__
    await self.app(scope, receive, send)
  File "/root/.pyenv/versions/3.11.1/lib/python3.11/site-packages/starlette/middleware/exceptions.py", line 79, in __call__
    raise exc
  File "/root/.pyenv/versions/3.11.1/lib/python3.11/site-packages/starlette/middleware/exceptions.py", line 68, in __call__
    await self.app(scope, receive, sender)
  File "/root/.pyenv/versions/3.11.1/lib/python3.11/contextlib.py", line 222, in __aexit__
    await self.gen.athrow(typ, value, traceback)
  File "/root/.pyenv/versions/3.11.1/lib/python3.11/site-packages/fastapi/concurrency.py", line 36, in contextmanager_in_threadpool
    raise e
sqlalchemy.exc.OperationalError: (sqlite3.OperationalError) no such column: shift_types.time_segments
[SQL: SELECT shift_types.id AS shift_types_id, shift_types.shift_name AS shift_types_shift_name, shift_types.time_segments AS shift_types_time_segments, shift_types.work_hours AS shift_types_work_hours, shift_types.color AS shift_types_color, shift_types.is_night AS shift_types_is_night, shift_types.is_active AS shift_types_is_active, shift_types.created_at AS shift_types_created_at 
FROM shift_types 
WHERE shift_types.is_active = 1]
(Background on this error at: https://sqlalche.me/e/20/e3q8)
INFO:     10.3.5.15:0 - "GET /api/employees?limit=1000 HTTP/1.1" 422 Unprocessable Entity
INFO:     10.3.5.15:0 - "GET /api/employees/teams HTTP/1.1" 200 OK
INFO:     192.168.65.129:0 - "GET /api/schedules?date=&team= HTTP/1.1" 500 Internal Server Error
ERROR:    Exception in ASGI application
Traceback (most recent call last):
  File "/root/.pyenv/versions/3.11.1/lib/python3.11/site-packages/sqlalchemy/engine/base.py", line 1969, in _exec_single_context
    self.dialect.do_execute(
  File "/root/.pyenv/versions/3.11.1/lib/python3.11/site-packages/sqlalchemy/engine/default.py", line 922, in do_execute
    cursor.execute(statement, parameters)
sqlite3.OperationalError: no such column: shift_types.time_segments

The above exception was the direct cause of the following exception:

Traceback (most recent call last):
  File "/root/.pyenv/versions/3.11.1/lib/python3.11/site-packages/uvicorn/protocols/http/httptools_impl.py", line 426, in run_asgi
    result = await app(  # type: ignore[func-returns-value]
             ^^^^^^^^^^^^^^^^^^^^^^^^^^^^^^^^^^^^^^^^^^^^^^
  File "/root/.pyenv/versions/3.11.1/lib/python3.11/site-packages/uvicorn/middleware/proxy_headers.py", line 84, in __call__
    return await self.app(scope, receive, send)
           ^^^^^^^^^^^^^^^^^^^^^^^^^^^^^^^^^^^^
  File "/root/.pyenv/versions/3.11.1/lib/python3.11/site-packages/fastapi/applications.py", line 1106, in __call__
    await super().__call__(scope, receive, send)
  File "/root/.pyenv/versions/3.11.1/lib/python3.11/site-packages/starlette/applications.py", line 122, in __call__
    await self.middleware_stack(scope, receive, send)
  File "/root/.pyenv/versions/3.11.1/lib/python3.11/site-packages/starlette/middleware/errors.py", line 184, in __call__
    raise exc
  File "/root/.pyenv/versions/3.11.1/lib/python3.11/site-packages/starlette/middleware/errors.py", line 162, in __call__
    await self.app(scope, receive, _send)
  File "/root/.pyenv/versions/3.11.1/lib/python3.11/site-packages/starlette/middleware/cors.py", line 83, in __call__
    await self.app(scope, receive, send)
  File "/root/.pyenv/versions/3.11.1/lib/python3.11/site-packages/starlette/middleware/exceptions.py", line 79, in __call__
    raise exc
  File "/root/.pyenv/versions/3.11.1/lib/python3.11/site-packages/starlette/middleware/exceptions.py", line 68, in __call__
    await self.app(scope, receive, sender)
  File "/root/.pyenv/versions/3.11.1/lib/python3.11/contextlib.py", line 222, in __aexit__
    await self.gen.athrow(typ, value, traceback)
  File "/root/.pyenv/versions/3.11.1/lib/python3.11/site-packages/fastapi/concurrency.py", line 36, in contextmanager_in_threadpool
    raise e
sqlalchemy.exc.OperationalError: (sqlite3.OperationalError) no such column: shift_types.time_segments
[SQL: SELECT shift_types.id AS shift_types_id, shift_types.shift_name AS shift_types_shift_name, shift_types.time_segments AS shift_types_time_segments, shift_types.work_hours AS shift_types_work_hours, shift_types.color AS shift_types_color, shift_types.is_night AS shift_types_is_night, shift_types.is_active AS shift_types_is_active, shift_types.created_at AS shift_types_created_at 
FROM shift_types 
WHERE shift_types.id = ?
 LIMIT ? OFFSET ?]
[parameters: (4, 1, 0)]
(Background on this error at: https://sqlalche.me/e/20/e3q8)
INFO:     192.168.65.129:0 - "GET /api/employees/teams HTTP/1.1" 200 OK
INFO:     10.3.5.15:0 - "GET /api/employees/departments HTTP/1.1" 200 OK
INFO:     192.168.65.129:0 - "GET /api/employees?page=1&limit=20&search=&team=&dept= HTTP/1.1" 200 OK
INFO:     10.3.5.7:0 - "GET /api/employees/teams HTTP/1.1" 200 OK
INFO:     10.3.5.15:0 - "GET /api/schedules?date=&team= HTTP/1.1" 500 Internal Server Error
ERROR:    Exception in ASGI application
Traceback (most recent call last):
  File "/root/.pyenv/versions/3.11.1/lib/python3.11/site-packages/sqlalchemy/engine/base.py", line 1969, in _exec_single_context
    self.dialect.do_execute(
  File "/root/.pyenv/versions/3.11.1/lib/python3.11/site-packages/sqlalchemy/engine/default.py", line 922, in do_execute
    cursor.execute(statement, parameters)
sqlite3.OperationalError: no such column: shift_types.time_segments

The above exception was the direct cause of the following exception:

Traceback (most recent call last):
  File "/root/.pyenv/versions/3.11.1/lib/python3.11/site-packages/uvicorn/protocols/http/httptools_impl.py", line 426, in run_asgi
    result = await app(  # type: ignore[func-returns-value]
             ^^^^^^^^^^^^^^^^^^^^^^^^^^^^^^^^^^^^^^^^^^^^^^
  File "/root/.pyenv/versions/3.11.1/lib/python3.11/site-packages/uvicorn/middleware/proxy_headers.py", line 84, in __call__
    return await self.app(scope, receive, send)
           ^^^^^^^^^^^^^^^^^^^^^^^^^^^^^^^^^^^^
  File "/root/.pyenv/versions/3.11.1/lib/python3.11/site-packages/fastapi/applications.py", line 1106, in __call__
    await super().__call__(scope, receive, send)
  File "/root/.pyenv/versions/3.11.1/lib/python3.11/site-packages/starlette/applications.py", line 122, in __call__
    await self.middleware_stack(scope, receive, send)
  File "/root/.pyenv/versions/3.11.1/lib/python3.11/site-packages/starlette/middleware/errors.py", line 184, in __call__
    raise exc
  File "/root/.pyenv/versions/3.11.1/lib/python3.11/site-packages/starlette/middleware/errors.py", line 162, in __call__
    await self.app(scope, receive, _send)
  File "/root/.pyenv/versions/3.11.1/lib/python3.11/site-packages/starlette/middleware/cors.py", line 83, in __call__
    await self.app(scope, receive, send)
  File "/root/.pyenv/versions/3.11.1/lib/python3.11/site-packages/starlette/middleware/exceptions.py", line 79, in __call__
    raise exc
  File "/root/.pyenv/versions/3.11.1/lib/python3.11/site-packages/starlette/middleware/exceptions.py", line 68, in __call__
    await self.app(scope, receive, sender)
  File "/root/.pyenv/versions/3.11.1/lib/python3.11/contextlib.py", line 222, in __aexit__
    await self.gen.athrow(typ, value, traceback)
  File "/root/.pyenv/versions/3.11.1/lib/python3.11/site-packages/fastapi/concurrency.py", line 36, in contextmanager_in_threadpool
    raise e
sqlalchemy.exc.OperationalError: (sqlite3.OperationalError) no such column: shift_types.time_segments
[SQL: SELECT shift_types.id AS shift_types_id, shift_types.shift_name AS shift_types_shift_name, shift_types.time_segments AS shift_types_time_segments, shift_types.work_hours AS shift_types_work_hours, shift_types.color AS shift_types_color, shift_types.is_night AS shift_types_is_night, shift_types.is_active AS shift_types_is_active, shift_types.created_at AS shift_types_created_at 
FROM shift_types 
WHERE shift_types.id = ?
 LIMIT ? OFFSET ?]
[parameters: (4, 1, 0)]
(Background on this error at: https://sqlalche.me/e/20/e3q8)
INFO:     192.168.65.193:0 - "GET /api/employees?limit=1000 HTTP/1.1" 422 Unprocessable Entity
INFO:     192.168.65.193:0 - "GET /api/shift-types HTTP/1.1" 500 Internal Server Error
ERROR:    Exception in ASGI application
Traceback (most recent call last):
  File "/root/.pyenv/versions/3.11.1/lib/python3.11/site-packages/sqlalchemy/engine/base.py", line 1969, in _exec_single_context
    self.dialect.do_execute(
  File "/root/.pyenv/versions/3.11.1/lib/python3.11/site-packages/sqlalchemy/engine/default.py", line 922, in do_execute
    cursor.execute(statement, parameters)
sqlite3.OperationalError: no such column: shift_types.time_segments

The above exception was the direct cause of the following exception:

Traceback (most recent call last):
  File "/root/.pyenv/versions/3.11.1/lib/python3.11/site-packages/uvicorn/protocols/http/httptools_impl.py", line 426, in run_asgi
    result = await app(  # type: ignore[func-returns-value]
             ^^^^^^^^^^^^^^^^^^^^^^^^^^^^^^^^^^^^^^^^^^^^^^
  File "/root/.pyenv/versions/3.11.1/lib/python3.11/site-packages/uvicorn/middleware/proxy_headers.py", line 84, in __call__
    return await self.app(scope, receive, send)
           ^^^^^^^^^^^^^^^^^^^^^^^^^^^^^^^^^^^^
  File "/root/.pyenv/versions/3.11.1/lib/python3.11/site-packages/fastapi/applications.py", line 1106, in __call__
    await super().__call__(scope, receive, send)
  File "/root/.pyenv/versions/3.11.1/lib/python3.11/site-packages/starlette/applications.py", line 122, in __call__
    await self.middleware_stack(scope, receive, send)
  File "/root/.pyenv/versions/3.11.1/lib/python3.11/site-packages/starlette/middleware/errors.py", line 184, in __call__
    raise exc
  File "/root/.pyenv/versions/3.11.1/lib/python3.11/site-packages/starlette/middleware/errors.py", line 162, in __call__
    await self.app(scope, receive, _send)
  File "/root/.pyenv/versions/3.11.1/lib/python3.11/site-packages/starlette/middleware/cors.py", line 83, in __call__
    await self.app(scope, receive, send)
  File "/root/.pyenv/versions/3.11.1/lib/python3.11/site-packages/starlette/middleware/exceptions.py", line 79, in __call__
    raise exc
  File "/root/.pyenv/versions/3.11.1/lib/python3.11/site-packages/starlette/middleware/exceptions.py", line 68, in __call__
    await self.app(scope, receive, sender)
  File "/root/.pyenv/versions/3.11.1/lib/python3.11/contextlib.py", line 222, in __aexit__
    await self.gen.athrow(typ, value, traceback)
  File "/root/.pyenv/versions/3.11.1/lib/python3.11/site-packages/fastapi/concurrency.py", line 36, in contextmanager_in_threadpool
    raise e
sqlalchemy.exc.OperationalError: (sqlite3.OperationalError) no such column: shift_types.time_segments
[SQL: SELECT shift_types.id AS shift_types_id, shift_types.shift_name AS shift_types_shift_name, shift_types.time_segments AS shift_types_time_segments, shift_types.work_hours AS shift_types_work_hours, shift_types.color AS shift_types_color, shift_types.is_night AS shift_types_is_night, shift_types.is_active AS shift_types_is_active, shift_types.created_at AS shift_types_created_at 
FROM shift_types 
WHERE shift_types.is_active = 1]
(Background on this error at: https://sqlalche.me/e/20/e3q8)
INFO:     192.168.65.129:0 - "GET /api/employees/teams HTTP/1.1" 200 OK
INFO:     192.168.65.129:0 - "GET /api/schedules?date=&team= HTTP/1.1" 500 Internal Server Error
ERROR:    Exception in ASGI application
Traceback (most recent call last):
  File "/root/.pyenv/versions/3.11.1/lib/python3.11/site-packages/sqlalchemy/engine/base.py", line 1969, in _exec_single_context
    self.dialect.do_execute(
  File "/root/.pyenv/versions/3.11.1/lib/python3.11/site-packages/sqlalchemy/engine/default.py", line 922, in do_execute
    cursor.execute(statement, parameters)
sqlite3.OperationalError: no such column: shift_types.time_segments

The above exception was the direct cause of the following exception:

Traceback (most recent call last):
  File "/root/.pyenv/versions/3.11.1/lib/python3.11/site-packages/uvicorn/protocols/http/httptools_impl.py", line 426, in run_asgi
    result = await app(  # type: ignore[func-returns-value]
             ^^^^^^^^^^^^^^^^^^^^^^^^^^^^^^^^^^^^^^^^^^^^^^
  File "/root/.pyenv/versions/3.11.1/lib/python3.11/site-packages/uvicorn/middleware/proxy_headers.py", line 84, in __call__
    return await self.app(scope, receive, send)
           ^^^^^^^^^^^^^^^^^^^^^^^^^^^^^^^^^^^^
  File "/root/.pyenv/versions/3.11.1/lib/python3.11/site-packages/fastapi/applications.py", line 1106, in __call__
    await super().__call__(scope, receive, send)
  File "/root/.pyenv/versions/3.11.1/lib/python3.11/site-packages/starlette/applications.py", line 122, in __call__
    await self.middleware_stack(scope, receive, send)
  File "/root/.pyenv/versions/3.11.1/lib/python3.11/site-packages/starlette/middleware/errors.py", line 184, in __call__
    raise exc
  File "/root/.pyenv/versions/3.11.1/lib/python3.11/site-packages/starlette/middleware/errors.py", line 162, in __call__
    await self.app(scope, receive, _send)
  File "/root/.pyenv/versions/3.11.1/lib/python3.11/site-packages/starlette/middleware/cors.py", line 83, in __call__
    await self.app(scope, receive, send)
  File "/root/.pyenv/versions/3.11.1/lib/python3.11/site-packages/starlette/middleware/exceptions.py", line 79, in __call__
    raise exc
  File "/root/.pyenv/versions/3.11.1/lib/python3.11/site-packages/starlette/middleware/exceptions.py", line 68, in __call__
    await self.app(scope, receive, sender)
  File "/root/.pyenv/versions/3.11.1/lib/python3.11/contextlib.py", line 222, in __aexit__
    await self.gen.athrow(typ, value, traceback)
  File "/root/.pyenv/versions/3.11.1/lib/python3.11/site-packages/fastapi/concurrency.py", line 36, in contextmanager_in_threadpool
    raise e
sqlalchemy.exc.OperationalError: (sqlite3.OperationalError) no such column: shift_types.time_segments
[SQL: SELECT shift_types.id AS shift_types_id, shift_types.shift_name AS shift_types_shift_name, shift_types.time_segments AS shift_types_time_segments, shift_types.work_hours AS shift_types_work_hours, shift_types.color AS shift_types_color, shift_types.is_night AS shift_types_is_night, shift_types.is_active AS shift_types_is_active, shift_types.created_at AS shift_types_created_at 
FROM shift_types 
WHERE shift_types.id = ?
 LIMIT ? OFFSET ?]
[parameters: (4, 1, 0)]
(Background on this error at: https://sqlalche.me/e/20/e3q8)
INFO:     192.168.65.193:0 - "GET /api/employees?limit=1000 HTTP/1.1" 422 Unprocessable Entity
INFO:     10.3.5.7:0 - "GET /api/shift-types HTTP/1.1" 500 Internal Server Error
ERROR:    Exception in ASGI application
Traceback (most recent call last):
  File "/root/.pyenv/versions/3.11.1/lib/python3.11/site-packages/sqlalchemy/engine/base.py", line 1969, in _exec_single_context
    self.dialect.do_execute(
  File "/root/.pyenv/versions/3.11.1/lib/python3.11/site-packages/sqlalchemy/engine/default.py", line 922, in do_execute
    cursor.execute(statement, parameters)
sqlite3.OperationalError: no such column: shift_types.time_segments

The above exception was the direct cause of the following exception:

Traceback (most recent call last):
  File "/root/.pyenv/versions/3.11.1/lib/python3.11/site-packages/uvicorn/protocols/http/httptools_impl.py", line 426, in run_asgi
    result = await app(  # type: ignore[func-returns-value]
             ^^^^^^^^^^^^^^^^^^^^^^^^^^^^^^^^^^^^^^^^^^^^^^
  File "/root/.pyenv/versions/3.11.1/lib/python3.11/site-packages/uvicorn/middleware/proxy_headers.py", line 84, in __call__
    return await self.app(scope, receive, send)
           ^^^^^^^^^^^^^^^^^^^^^^^^^^^^^^^^^^^^
  File "/root/.pyenv/versions/3.11.1/lib/python3.11/site-packages/fastapi/applications.py", line 1106, in __call__
    await super().__call__(scope, receive, send)
  File "/root/.pyenv/versions/3.11.1/lib/python3.11/site-packages/starlette/applications.py", line 122, in __call__
    await self.middleware_stack(scope, receive, send)
  File "/root/.pyenv/versions/3.11.1/lib/python3.11/site-packages/starlette/middleware/errors.py", line 184, in __call__
    raise exc
  File "/root/.pyenv/versions/3.11.1/lib/python3.11/site-packages/starlette/middleware/errors.py", line 162, in __call__
    await self.app(scope, receive, _send)
  File "/root/.pyenv/versions/3.11.1/lib/python3.11/site-packages/starlette/middleware/cors.py", line 83, in __call__
    await self.app(scope, receive, send)
  File "/root/.pyenv/versions/3.11.1/lib/python3.11/site-packages/starlette/middleware/exceptions.py", line 79, in __call__
    raise exc
  File "/root/.pyenv/versions/3.11.1/lib/python3.11/site-packages/starlette/middleware/exceptions.py", line 68, in __call__
    await self.app(scope, receive, sender)
  File "/root/.pyenv/versions/3.11.1/lib/python3.11/contextlib.py", line 222, in __aexit__
    await self.gen.athrow(typ, value, traceback)
  File "/root/.pyenv/versions/3.11.1/lib/python3.11/site-packages/fastapi/concurrency.py", line 36, in contextmanager_in_threadpool
    raise e
sqlalchemy.exc.OperationalError: (sqlite3.OperationalError) no such column: shift_types.time_segments
[SQL: SELECT shift_types.id AS shift_types_id, shift_types.shift_name AS shift_types_shift_name, shift_types.time_segments AS shift_types_time_segments, shift_types.work_hours AS shift_types_work_hours, shift_types.color AS shift_types_color, shift_types.is_night AS shift_types_is_night, shift_types.is_active AS shift_types_is_active, shift_types.created_at AS shift_types_created_at 
FROM shift_types 
WHERE shift_types.is_active = 1]
(Background on this error at: https://sqlalche.me/e/20/e3q8)
INFO:     192.168.65.129:0 - "GET /api/employees/departments HTTP/1.1" 200 OK
INFO:     192.168.65.193:0 - "GET /api/employees?page=1&limit=20&search=&team=&dept= HTTP/1.1" 200 OK
INFO:     10.3.5.7:0 - "GET /api/employees/teams HTTP/1.1" 200 OK
INFO:     10.3.5.15:0 - "GET /api/checkins?page=1&limit=20 HTTP/1.1" 200 OK
INFO:     192.168.65.129:0 - "POST /api/checkins/import HTTP/1.1" 200 OK
INFO:     192.168.65.129:0 - "GET /api/checkins?page=1&limit=20 HTTP/1.1" 200 OK
INFO:     192.168.65.129:0 - "GET /api/employees/teams HTTP/1.1" 200 OK
INFO:     192.168.65.193:0 - "GET /api/employees/departments HTTP/1.1" 200 OK
INFO:     10.3.5.15:0 - "GET /api/employees?page=1&limit=20&search=&team=&dept= HTTP/1.1" 200 OK
INFO:     192.168.65.129:0 - "GET /api/checkins/report?date=2026-04-28 HTTP/1.1" 200 OK
INFO:     192.168.65.129:0 - "GET /api/employees/teams HTTP/1.1" 200 OK
INFO:     10.3.5.15:0 - "GET /api/shift-types HTTP/1.1" 500 Internal Server Error
ERROR:    Exception in ASGI application
Traceback (most recent call last):
  File "/root/.pyenv/versions/3.11.1/lib/python3.11/site-packages/sqlalchemy/engine/base.py", line 1969, in _exec_single_context
    self.dialect.do_execute(
  File "/root/.pyenv/versions/3.11.1/lib/python3.11/site-packages/sqlalchemy/engine/default.py", line 922, in do_execute
    cursor.execute(statement, parameters)
sqlite3.OperationalError: no such column: shift_types.time_segments

The above exception was the direct cause of the following exception:

Traceback (most recent call last):
  File "/root/.pyenv/versions/3.11.1/lib/python3.11/site-packages/uvicorn/protocols/http/httptools_impl.py", line 426, in run_asgi
    result = await app(  # type: ignore[func-returns-value]
             ^^^^^^^^^^^^^^^^^^^^^^^^^^^^^^^^^^^^^^^^^^^^^^
  File "/root/.pyenv/versions/3.11.1/lib/python3.11/site-packages/uvicorn/middleware/proxy_headers.py", line 84, in __call__
    return await self.app(scope, receive, send)
           ^^^^^^^^^^^^^^^^^^^^^^^^^^^^^^^^^^^^
  File "/root/.pyenv/versions/3.11.1/lib/python3.11/site-packages/fastapi/applications.py", line 1106, in __call__
    await super().__call__(scope, receive, send)
  File "/root/.pyenv/versions/3.11.1/lib/python3.11/site-packages/starlette/applications.py", line 122, in __call__
    await self.middleware_stack(scope, receive, send)
  File "/root/.pyenv/versions/3.11.1/lib/python3.11/site-packages/starlette/middleware/errors.py", line 184, in __call__
    raise exc
  File "/root/.pyenv/versions/3.11.1/lib/python3.11/site-packages/starlette/middleware/errors.py", line 162, in __call__
    await self.app(scope, receive, _send)
  File "/root/.pyenv/versions/3.11.1/lib/python3.11/site-packages/starlette/middleware/cors.py", line 83, in __call__
    await self.app(scope, receive, send)
  File "/root/.pyenv/versions/3.11.1/lib/python3.11/site-packages/starlette/middleware/exceptions.py", line 79, in __call__
    raise exc
  File "/root/.pyenv/versions/3.11.1/lib/python3.11/site-packages/starlette/middleware/exceptions.py", line 68, in __call__
    await self.app(scope, receive, sender)
  File "/root/.pyenv/versions/3.11.1/lib/python3.11/contextlib.py", line 222, in __aexit__
    await self.gen.athrow(typ, value, traceback)
  File "/root/.pyenv/versions/3.11.1/lib/python3.11/site-packages/fastapi/concurrency.py", line 36, in contextmanager_in_threadpool
    raise e
sqlalchemy.exc.OperationalError: (sqlite3.OperationalError) no such column: shift_types.time_segments
[SQL: SELECT shift_types.id AS shift_types_id, shift_types.shift_name AS shift_types_shift_name, shift_types.time_segments AS shift_types_time_segments, shift_types.work_hours AS shift_types_work_hours, shift_types.color AS shift_types_color, shift_types.is_night AS shift_types_is_night, shift_types.is_active AS shift_types_is_active, shift_types.created_at AS shift_types_created_at 
FROM shift_types 
WHERE shift_types.is_active = 1]
(Background on this error at: https://sqlalche.me/e/20/e3q8)
INFO:     10.3.5.15:0 - "DELETE /api/clear-data?tables=checkins HTTP/1.1" 200 OK
INFO:     10.3.5.15:0 - "GET /api/employees/teams HTTP/1.1" 200 OK
INFO:     192.168.65.193:0 - "GET /api/employees?page=1&limit=20&search=&team=&dept= HTTP/1.1" 200 OK
INFO:     192.168.65.193:0 - "GET /api/employees/departments HTTP/1.1" 200 OK
INFO:     10.3.5.7:0 - "GET /api/checkins?page=1&limit=20 HTTP/1.1" 200 OK
INFO:     10.3.5.7:0 - "POST /api/checkins/import HTTP/1.1" 500 Internal Server Error
ERROR:    Exception in ASGI application
Traceback (most recent call last):
  File "/root/.pyenv/versions/3.11.1/lib/python3.11/site-packages/sqlalchemy/engine/base.py", line 1969, in _exec_single_context
    self.dialect.do_execute(
  File "/root/.pyenv/versions/3.11.1/lib/python3.11/site-packages/sqlalchemy/engine/default.py", line 922, in do_execute
    cursor.execute(statement, parameters)
sqlite3.OperationalError: no such column: shift_types.time_segments

The above exception was the direct cause of the following exception:

Traceback (most recent call last):
  File "/root/.pyenv/versions/3.11.1/lib/python3.11/site-packages/uvicorn/protocols/http/httptools_impl.py", line 426, in run_asgi
    result = await app(  # type: ignore[func-returns-value]
             ^^^^^^^^^^^^^^^^^^^^^^^^^^^^^^^^^^^^^^^^^^^^^^
  File "/root/.pyenv/versions/3.11.1/lib/python3.11/site-packages/uvicorn/middleware/proxy_headers.py", line 84, in __call__
    return await self.app(scope, receive, send)
           ^^^^^^^^^^^^^^^^^^^^^^^^^^^^^^^^^^^^
  File "/root/.pyenv/versions/3.11.1/lib/python3.11/site-packages/fastapi/applications.py", line 1106, in __call__
    await super().__call__(scope, receive, send)
  File "/root/.pyenv/versions/3.11.1/lib/python3.11/site-packages/starlette/applications.py", line 122, in __call__
    await self.middleware_stack(scope, receive, send)
  File "/root/.pyenv/versions/3.11.1/lib/python3.11/site-packages/starlette/middleware/errors.py", line 184, in __call__
    raise exc
  File "/root/.pyenv/versions/3.11.1/lib/python3.11/site-packages/starlette/middleware/errors.py", line 162, in __call__
    await self.app(scope, receive, _send)
  File "/root/.pyenv/versions/3.11.1/lib/python3.11/site-packages/starlette/middleware/cors.py", line 91, in __call__
    await self.simple_response(scope, receive, send, request_headers=headers)
  File "/root/.pyenv/versions/3.11.1/lib/python3.11/site-packages/starlette/middleware/cors.py", line 146, in simple_response
    await self.app(scope, receive, send)
  File "/root/.pyenv/versions/3.11.1/lib/python3.11/site-packages/starlette/middleware/exceptions.py", line 79, in __call__
    raise exc
  File "/root/.pyenv/versions/3.11.1/lib/python3.11/site-packages/starlette/middleware/exceptions.py", line 68, in __call__
    await self.app(scope, receive, sender)
  File "/root/.pyenv/versions/3.11.1/lib/python3.11/contextlib.py", line 222, in __aexit__
    await self.gen.athrow(typ, value, traceback)
  File "/root/.pyenv/versions/3.11.1/lib/python3.11/site-packages/fastapi/concurrency.py", line 36, in contextmanager_in_threadpool
    raise e
sqlalchemy.exc.OperationalError: (sqlite3.OperationalError) no such column: shift_types.time_segments
[SQL: SELECT shift_types.id AS shift_types_id, shift_types.shift_name AS shift_types_shift_name, shift_types.time_segments AS shift_types_time_segments, shift_types.work_hours AS shift_types_work_hours, shift_types.color AS shift_types_color, shift_types.is_night AS shift_types_is_night, shift_types.is_active AS shift_types_is_active, shift_types.created_at AS shift_types_created_at 
FROM shift_types 
WHERE shift_types.id = ?
 LIMIT ? OFFSET ?]
[parameters: (3, 1, 0)]
(Background on this error at: https://sqlalche.me/e/20/e3q8)
INFO:     10.3.5.15:0 - "GET /api/employees/departments HTTP/1.1" 200 OK
INFO:     192.168.65.129:0 - "GET /api/employees/teams HTTP/1.1" 200 OK
INFO:     192.168.65.129:0 - "GET /api/employees?page=1&limit=20&search=&team=&dept= HTTP/1.1" 200 OK
INFO:     10.3.5.15:0 - "GET /api/employees?limit=1000 HTTP/1.1" 422 Unprocessable Entity
INFO:     192.168.65.193:0 - "GET /api/schedules?date=&team= HTTP/1.1" 500 Internal Server Error
ERROR:    Exception in ASGI application
Traceback (most recent call last):
  File "/root/.pyenv/versions/3.11.1/lib/python3.11/site-packages/sqlalchemy/engine/base.py", line 1969, in _exec_single_context
    self.dialect.do_execute(
  File "/root/.pyenv/versions/3.11.1/lib/python3.11/site-packages/sqlalchemy/engine/default.py", line 922, in do_execute
    cursor.execute(statement, parameters)
sqlite3.OperationalError: no such column: shift_types.time_segments

The above exception was the direct cause of the following exception:

Traceback (most recent call last):
  File "/root/.pyenv/versions/3.11.1/lib/python3.11/site-packages/uvicorn/protocols/http/httptools_impl.py", line 426, in run_asgi
    result = await app(  # type: ignore[func-returns-value]
             ^^^^^^^^^^^^^^^^^^^^^^^^^^^^^^^^^^^^^^^^^^^^^^
  File "/root/.pyenv/versions/3.11.1/lib/python3.11/site-packages/uvicorn/middleware/proxy_headers.py", line 84, in __call__
    return await self.app(scope, receive, send)
           ^^^^^^^^^^^^^^^^^^^^^^^^^^^^^^^^^^^^
  File "/root/.pyenv/versions/3.11.1/lib/python3.11/site-packages/fastapi/applications.py", line 1106, in __call__
    await super().__call__(scope, receive, send)
  File "/root/.pyenv/versions/3.11.1/lib/python3.11/site-packages/starlette/applications.py", line 122, in __call__
    await self.middleware_stack(scope, receive, send)
  File "/root/.pyenv/versions/3.11.1/lib/python3.11/site-packages/starlette/middleware/errors.py", line 184, in __call__
    raise exc
  File "/root/.pyenv/versions/3.11.1/lib/python3.11/site-packages/starlette/middleware/errors.py", line 162, in __call__
    await self.app(scope, receive, _send)
  File "/root/.pyenv/versions/3.11.1/lib/python3.11/site-packages/starlette/middleware/cors.py", line 83, in __call__
    await self.app(scope, receive, send)
  File "/root/.pyenv/versions/3.11.1/lib/python3.11/site-packages/starlette/middleware/exceptions.py", line 79, in __call__
    raise exc
  File "/root/.pyenv/versions/3.11.1/lib/python3.11/site-packages/starlette/middleware/exceptions.py", line 68, in __call__
    await self.app(scope, receive, sender)
  File "/root/.pyenv/versions/3.11.1/lib/python3.11/contextlib.py", line 222, in __aexit__
    await self.gen.athrow(typ, value, traceback)
  File "/root/.pyenv/versions/3.11.1/lib/python3.11/site-packages/fastapi/concurrency.py", line 36, in contextmanager_in_threadpool
    raise e
sqlalchemy.exc.OperationalError: (sqlite3.OperationalError) no such column: shift_types.time_segments
[SQL: SELECT shift_types.id AS shift_types_id, shift_types.shift_name AS shift_types_shift_name, shift_types.time_segments AS shift_types_time_segments, shift_types.work_hours AS shift_types_work_hours, shift_types.color AS shift_types_color, shift_types.is_night AS shift_types_is_night, shift_types.is_active AS shift_types_is_active, shift_types.created_at AS shift_types_created_at 
FROM shift_types 
WHERE shift_types.id = ?
 LIMIT ? OFFSET ?]
[parameters: (4, 1, 0)]
(Background on this error at: https://sqlalche.me/e/20/e3q8)
INFO:     192.168.65.129:0 - "GET /api/shift-types HTTP/1.1" 500 Internal Server Error
ERROR:    Exception in ASGI application
Traceback (most recent call last):
  File "/root/.pyenv/versions/3.11.1/lib/python3.11/site-packages/sqlalchemy/engine/base.py", line 1969, in _exec_single_context
    self.dialect.do_execute(
  File "/root/.pyenv/versions/3.11.1/lib/python3.11/site-packages/sqlalchemy/engine/default.py", line 922, in do_execute
    cursor.execute(statement, parameters)
sqlite3.OperationalError: no such column: shift_types.time_segments

The above exception was the direct cause of the following exception:

Traceback (most recent call last):
  File "/root/.pyenv/versions/3.11.1/lib/python3.11/site-packages/uvicorn/protocols/http/httptools_impl.py", line 426, in run_asgi
    result = await app(  # type: ignore[func-returns-value]
             ^^^^^^^^^^^^^^^^^^^^^^^^^^^^^^^^^^^^^^^^^^^^^^
  File "/root/.pyenv/versions/3.11.1/lib/python3.11/site-packages/uvicorn/middleware/proxy_headers.py", line 84, in __call__
    return await self.app(scope, receive, send)
           ^^^^^^^^^^^^^^^^^^^^^^^^^^^^^^^^^^^^
  File "/root/.pyenv/versions/3.11.1/lib/python3.11/site-packages/fastapi/applications.py", line 1106, in __call__
    await super().__call__(scope, receive, send)
  File "/root/.pyenv/versions/3.11.1/lib/python3.11/site-packages/starlette/applications.py", line 122, in __call__
    await self.middleware_stack(scope, receive, send)
  File "/root/.pyenv/versions/3.11.1/lib/python3.11/site-packages/starlette/middleware/errors.py", line 184, in __call__
    raise exc
  File "/root/.pyenv/versions/3.11.1/lib/python3.11/site-packages/starlette/middleware/errors.py", line 162, in __call__
    await self.app(scope, receive, _send)
  File "/root/.pyenv/versions/3.11.1/lib/python3.11/site-packages/starlette/middleware/cors.py", line 83, in __call__
    await self.app(scope, receive, send)
  File "/root/.pyenv/versions/3.11.1/lib/python3.11/site-packages/starlette/middleware/exceptions.py", line 79, in __call__
    raise exc
  File "/root/.pyenv/versions/3.11.1/lib/python3.11/site-packages/starlette/middleware/exceptions.py", line 68, in __call__
    await self.app(scope, receive, sender)
  File "/root/.pyenv/versions/3.11.1/lib/python3.11/contextlib.py", line 222, in __aexit__
    await self.gen.athrow(typ, value, traceback)
  File "/root/.pyenv/versions/3.11.1/lib/python3.11/site-packages/fastapi/concurrency.py", line 36, in contextmanager_in_threadpool
    raise e
sqlalchemy.exc.OperationalError: (sqlite3.OperationalError) no such column: shift_types.time_segments
[SQL: SELECT shift_types.id AS shift_types_id, shift_types.shift_name AS shift_types_shift_name, shift_types.time_segments AS shift_types_time_segments, shift_types.work_hours AS shift_types_work_hours, shift_types.color AS shift_types_color, shift_types.is_night AS shift_types_is_night, shift_types.is_active AS shift_types_is_active, shift_types.created_at AS shift_types_created_at 
FROM shift_types 
WHERE shift_types.is_active = 1]
(Background on this error at: https://sqlalche.me/e/20/e3q8)
INFO:     10.3.5.15:0 - "GET /api/employees/teams HTTP/1.1" 200 OK
INFO:     192.168.65.193:0 - "GET /api/employees/departments HTTP/1.1" 200 OK
INFO:     10.3.5.7:0 - "GET /api/employees/teams HTTP/1.1" 200 OK
INFO:     192.168.65.193:0 - "GET /api/employees?page=1&limit=20&search=&team=&dept= HTTP/1.1" 200 OK
INFO:     10.3.5.7:0 - "GET /api/checkins?page=1&limit=20 HTTP/1.1" 200 OK
INFO:     192.168.65.193:0 - "GET /api/employees/teams HTTP/1.1" 200 OK
INFO:     192.168.65.129:0 - "GET /api/checkins/report?date=2026-04-28 HTTP/1.1" 200 OK
INFO:     192.168.65.193:0 - "GET /api/checkins?page=1&limit=20 HTTP/1.1" 200 OK
INFO:     10.3.5.15:0 - "GET /api/checkins/report?date=2026-04-28 HTTP/1.1" 200 OK
INFO:     10.3.5.15:0 - "GET /api/employees/teams HTTP/1.1" 200 OK
INFO:     10.3.5.7:0 - "GET /api/checkins/report?date=2026-04-13 HTTP/1.1" 200 OK
INFO:     10.3.5.15:0 - "GET /api/employees/teams HTTP/1.1" 200 OK
INFO:     192.168.65.129:0 - "GET /api/employees?limit=1000 HTTP/1.1" 422 Unprocessable Entity
INFO:     10.3.5.15:0 - "GET /api/shift-types HTTP/1.1" 500 Internal Server Error
ERROR:    Exception in ASGI application
Traceback (most recent call last):
  File "/root/.pyenv/versions/3.11.1/lib/python3.11/site-packages/sqlalchemy/engine/base.py", line 1969, in _exec_single_context
    self.dialect.do_execute(
  File "/root/.pyenv/versions/3.11.1/lib/python3.11/site-packages/sqlalchemy/engine/default.py", line 922, in do_execute
    cursor.execute(statement, parameters)
sqlite3.OperationalError: no such column: shift_types.time_segments

The above exception was the direct cause of the following exception:

Traceback (most recent call last):
  File "/root/.pyenv/versions/3.11.1/lib/python3.11/site-packages/uvicorn/protocols/http/httptools_impl.py", line 426, in run_asgi
    result = await app(  # type: ignore[func-returns-value]
             ^^^^^^^^^^^^^^^^^^^^^^^^^^^^^^^^^^^^^^^^^^^^^^
  File "/root/.pyenv/versions/3.11.1/lib/python3.11/site-packages/uvicorn/middleware/proxy_headers.py", line 84, in __call__
    return await self.app(scope, receive, send)
           ^^^^^^^^^^^^^^^^^^^^^^^^^^^^^^^^^^^^
  File "/root/.pyenv/versions/3.11.1/lib/python3.11/site-packages/fastapi/applications.py", line 1106, in __call__
    await super().__call__(scope, receive, send)
  File "/root/.pyenv/versions/3.11.1/lib/python3.11/site-packages/starlette/applications.py", line 122, in __call__
    await self.middleware_stack(scope, receive, send)
  File "/root/.pyenv/versions/3.11.1/lib/python3.11/site-packages/starlette/middleware/errors.py", line 184, in __call__
    raise exc
  File "/root/.pyenv/versions/3.11.1/lib/python3.11/site-packages/starlette/middleware/errors.py", line 162, in __call__
    await self.app(scope, receive, _send)
  File "/root/.pyenv/versions/3.11.1/lib/python3.11/site-packages/starlette/middleware/cors.py", line 83, in __call__
    await self.app(scope, receive, send)
  File "/root/.pyenv/versions/3.11.1/lib/python3.11/site-packages/starlette/middleware/exceptions.py", line 79, in __call__
    raise exc
  File "/root/.pyenv/versions/3.11.1/lib/python3.11/site-packages/starlette/middleware/exceptions.py", line 68, in __call__
    await self.app(scope, receive, sender)
  File "/root/.pyenv/versions/3.11.1/lib/python3.11/contextlib.py", line 222, in __aexit__
    await self.gen.athrow(typ, value, traceback)
  File "/root/.pyenv/versions/3.11.1/lib/python3.11/site-packages/fastapi/concurrency.py", line 36, in contextmanager_in_threadpool
    raise e
sqlalchemy.exc.OperationalError: (sqlite3.OperationalError) no such column: shift_types.time_segments
[SQL: SELECT shift_types.id AS shift_types_id, shift_types.shift_name AS shift_types_shift_name, shift_types.time_segments AS shift_types_time_segments, shift_types.work_hours AS shift_types_work_hours, shift_types.color AS shift_types_color, shift_types.is_night AS shift_types_is_night, shift_types.is_active AS shift_types_is_active, shift_types.created_at AS shift_types_created_at 
FROM shift_types 
WHERE shift_types.is_active = 1]
(Background on this error at: https://sqlalche.me/e/20/e3q8)
INFO:     10.3.5.7:0 - "GET /api/schedules?date=&team= HTTP/1.1" 500 Internal Server Error
ERROR:    Exception in ASGI application
Traceback (most recent call last):
  File "/root/.pyenv/versions/3.11.1/lib/python3.11/site-packages/sqlalchemy/engine/base.py", line 1969, in _exec_single_context
    self.dialect.do_execute(
  File "/root/.pyenv/versions/3.11.1/lib/python3.11/site-packages/sqlalchemy/engine/default.py", line 922, in do_execute
    cursor.execute(statement, parameters)
sqlite3.OperationalError: no such column: shift_types.time_segments

The above exception was the direct cause of the following exception:

Traceback (most recent call last):
  File "/root/.pyenv/versions/3.11.1/lib/python3.11/site-packages/uvicorn/protocols/http/httptools_impl.py", line 426, in run_asgi
    result = await app(  # type: ignore[func-returns-value]
             ^^^^^^^^^^^^^^^^^^^^^^^^^^^^^^^^^^^^^^^^^^^^^^
  File "/root/.pyenv/versions/3.11.1/lib/python3.11/site-packages/uvicorn/middleware/proxy_headers.py", line 84, in __call__
    return await self.app(scope, receive, send)
           ^^^^^^^^^^^^^^^^^^^^^^^^^^^^^^^^^^^^
  File "/root/.pyenv/versions/3.11.1/lib/python3.11/site-packages/fastapi/applications.py", line 1106, in __call__
    await super().__call__(scope, receive, send)
  File "/root/.pyenv/versions/3.11.1/lib/python3.11/site-packages/starlette/applications.py", line 122, in __call__
    await self.middleware_stack(scope, receive, send)
  File "/root/.pyenv/versions/3.11.1/lib/python3.11/site-packages/starlette/middleware/errors.py", line 184, in __call__
    raise exc
  File "/root/.pyenv/versions/3.11.1/lib/python3.11/site-packages/starlette/middleware/errors.py", line 162, in __call__
    await self.app(scope, receive, _send)
  File "/root/.pyenv/versions/3.11.1/lib/python3.11/site-packages/starlette/middleware/cors.py", line 83, in __call__
    await self.app(scope, receive, send)
  File "/root/.pyenv/versions/3.11.1/lib/python3.11/site-packages/starlette/middleware/exceptions.py", line 79, in __call__
    raise exc
  File "/root/.pyenv/versions/3.11.1/lib/python3.11/site-packages/starlette/middleware/exceptions.py", line 68, in __call__
    await self.app(scope, receive, sender)
  File "/root/.pyenv/versions/3.11.1/lib/python3.11/contextlib.py", line 222, in __aexit__
    await self.gen.athrow(typ, value, traceback)
  File "/root/.pyenv/versions/3.11.1/lib/python3.11/site-packages/fastapi/concurrency.py", line 36, in contextmanager_in_threadpool
    raise e
sqlalchemy.exc.OperationalError: (sqlite3.OperationalError) no such column: shift_types.time_segments
[SQL: SELECT shift_types.id AS shift_types_id, shift_types.shift_name AS shift_types_shift_name, shift_types.time_segments AS shift_types_time_segments, shift_types.work_hours AS shift_types_work_hours, shift_types.color AS shift_types_color, shift_types.is_night AS shift_types_is_night, shift_types.is_active AS shift_types_is_active, shift_types.created_at AS shift_types_created_at 
FROM shift_types 
WHERE shift_types.id = ?
 LIMIT ? OFFSET ?]
[parameters: (4, 1, 0)]
(Background on this error at: https://sqlalche.me/e/20/e3q8)
INFO:     10.3.5.7:0 - "GET /api/shift-types HTTP/1.1" 500 Internal Server Error
ERROR:    Exception in ASGI application
Traceback (most recent call last):
  File "/root/.pyenv/versions/3.11.1/lib/python3.11/site-packages/sqlalchemy/engine/base.py", line 1969, in _exec_single_context
    self.dialect.do_execute(
  File "/root/.pyenv/versions/3.11.1/lib/python3.11/site-packages/sqlalchemy/engine/default.py", line 922, in do_execute
    cursor.execute(statement, parameters)
sqlite3.OperationalError: no such column: shift_types.time_segments

The above exception was the direct cause of the following exception:

Traceback (most recent call last):
  File "/root/.pyenv/versions/3.11.1/lib/python3.11/site-packages/uvicorn/protocols/http/httptools_impl.py", line 426, in run_asgi
    result = await app(  # type: ignore[func-returns-value]
             ^^^^^^^^^^^^^^^^^^^^^^^^^^^^^^^^^^^^^^^^^^^^^^
  File "/root/.pyenv/versions/3.11.1/lib/python3.11/site-packages/uvicorn/middleware/proxy_headers.py", line 84, in __call__
    return await self.app(scope, receive, send)
           ^^^^^^^^^^^^^^^^^^^^^^^^^^^^^^^^^^^^
  File "/root/.pyenv/versions/3.11.1/lib/python3.11/site-packages/fastapi/applications.py", line 1106, in __call__
    await super().__call__(scope, receive, send)
  File "/root/.pyenv/versions/3.11.1/lib/python3.11/site-packages/starlette/applications.py", line 122, in __call__
    await self.middleware_stack(scope, receive, send)
  File "/root/.pyenv/versions/3.11.1/lib/python3.11/site-packages/starlette/middleware/errors.py", line 184, in __call__
    raise exc
  File "/root/.pyenv/versions/3.11.1/lib/python3.11/site-packages/starlette/middleware/errors.py", line 162, in __call__
    await self.app(scope, receive, _send)
  File "/root/.pyenv/versions/3.11.1/lib/python3.11/site-packages/starlette/middleware/cors.py", line 83, in __call__
    await self.app(scope, receive, send)
  File "/root/.pyenv/versions/3.11.1/lib/python3.11/site-packages/starlette/middleware/exceptions.py", line 79, in __call__
    raise exc
  File "/root/.pyenv/versions/3.11.1/lib/python3.11/site-packages/starlette/middleware/exceptions.py", line 68, in __call__
    await self.app(scope, receive, sender)
  File "/root/.pyenv/versions/3.11.1/lib/python3.11/contextlib.py", line 222, in __aexit__
    await self.gen.athrow(typ, value, traceback)
  File "/root/.pyenv/versions/3.11.1/lib/python3.11/site-packages/fastapi/concurrency.py", line 36, in contextmanager_in_threadpool
    raise e
sqlalchemy.exc.OperationalError: (sqlite3.OperationalError) no such column: shift_types.time_segments
[SQL: SELECT shift_types.id AS shift_types_id, shift_types.shift_name AS shift_types_shift_name, shift_types.time_segments AS shift_types_time_segments, shift_types.work_hours AS shift_types_work_hours, shift_types.color AS shift_types_color, shift_types.is_night AS shift_types_is_night, shift_types.is_active AS shift_types_is_active, shift_types.created_at AS shift_types_created_at 
FROM shift_types 
WHERE shift_types.is_active = 1]
(Background on this error at: https://sqlalche.me/e/20/e3q8)
INFO:     10.3.5.15:0 - "GET /api/employees?limit=1000 HTTP/1.1" 422 Unprocessable Entity
INFO:     192.168.65.193:0 - "GET /api/schedules?date=&team= HTTP/1.1" 500 Internal Server Error
ERROR:    Exception in ASGI application
Traceback (most recent call last):
  File "/root/.pyenv/versions/3.11.1/lib/python3.11/site-packages/sqlalchemy/engine/base.py", line 1969, in _exec_single_context
    self.dialect.do_execute(
  File "/root/.pyenv/versions/3.11.1/lib/python3.11/site-packages/sqlalchemy/engine/default.py", line 922, in do_execute
    cursor.execute(statement, parameters)
sqlite3.OperationalError: no such column: shift_types.time_segments

The above exception was the direct cause of the following exception:

Traceback (most recent call last):
  File "/root/.pyenv/versions/3.11.1/lib/python3.11/site-packages/uvicorn/protocols/http/httptools_impl.py", line 426, in run_asgi
    result = await app(  # type: ignore[func-returns-value]
             ^^^^^^^^^^^^^^^^^^^^^^^^^^^^^^^^^^^^^^^^^^^^^^
  File "/root/.pyenv/versions/3.11.1/lib/python3.11/site-packages/uvicorn/middleware/proxy_headers.py", line 84, in __call__
    return await self.app(scope, receive, send)
           ^^^^^^^^^^^^^^^^^^^^^^^^^^^^^^^^^^^^
  File "/root/.pyenv/versions/3.11.1/lib/python3.11/site-packages/fastapi/applications.py", line 1106, in __call__
    await super().__call__(scope, receive, send)
  File "/root/.pyenv/versions/3.11.1/lib/python3.11/site-packages/starlette/applications.py", line 122, in __call__
    await self.middleware_stack(scope, receive, send)
  File "/root/.pyenv/versions/3.11.1/lib/python3.11/site-packages/starlette/middleware/errors.py", line 184, in __call__
    raise exc
  File "/root/.pyenv/versions/3.11.1/lib/python3.11/site-packages/starlette/middleware/errors.py", line 162, in __call__
    await self.app(scope, receive, _send)
  File "/root/.pyenv/versions/3.11.1/lib/python3.11/site-packages/starlette/middleware/cors.py", line 83, in __call__
    await self.app(scope, receive, send)
  File "/root/.pyenv/versions/3.11.1/lib/python3.11/site-packages/starlette/middleware/exceptions.py", line 79, in __call__
    raise exc
  File "/root/.pyenv/versions/3.11.1/lib/python3.11/site-packages/starlette/middleware/exceptions.py", line 68, in __call__
    await self.app(scope, receive, sender)
  File "/root/.pyenv/versions/3.11.1/lib/python3.11/contextlib.py", line 222, in __aexit__
    await self.gen.athrow(typ, value, traceback)
  File "/root/.pyenv/versions/3.11.1/lib/python3.11/site-packages/fastapi/concurrency.py", line 36, in contextmanager_in_threadpool
    raise e
sqlalchemy.exc.OperationalError: (sqlite3.OperationalError) no such column: shift_types.time_segments
[SQL: SELECT shift_types.id AS shift_types_id, shift_types.shift_name AS shift_types_shift_name, shift_types.time_segments AS shift_types_time_segments, shift_types.work_hours AS shift_types_work_hours, shift_types.color AS shift_types_color, shift_types.is_night AS shift_types_is_night, shift_types.is_active AS shift_types_is_active, shift_types.created_at AS shift_types_created_at 
FROM shift_types 
WHERE shift_types.id = ?
 LIMIT ? OFFSET ?]
[parameters: (4, 1, 0)]
(Background on this error at: https://sqlalche.me/e/20/e3q8)
INFO:     192.168.65.129:0 - "GET /api/employees/teams HTTP/1.1" 200 OK
INFO:     Shutting down
INFO:     Waiting for application shutdown.
INFO:     Application shutdown complete.
INFO:     Finished server process [36503]
INFO:     Started server process [41273]
INFO:     Waiting for application startup.
INFO:     Application startup complete.
INFO:     Uvicorn running on http://0.0.0.0:5000 (Press CTRL+C to quit)
INFO:     192.168.65.193:0 - "GET /api/shift-types HTTP/1.1" 500 Internal Server Error
ERROR:    Exception in ASGI application
Traceback (most recent call last):
  File "/root/.pyenv/versions/3.11.1/lib/python3.11/site-packages/sqlalchemy/engine/base.py", line 1969, in _exec_single_context
    self.dialect.do_execute(
  File "/root/.pyenv/versions/3.11.1/lib/python3.11/site-packages/sqlalchemy/engine/default.py", line 922, in do_execute
    cursor.execute(statement, parameters)
sqlite3.OperationalError: no such column: shift_types.time_segments

The above exception was the direct cause of the following exception:

Traceback (most recent call last):
  File "/root/.pyenv/versions/3.11.1/lib/python3.11/site-packages/uvicorn/protocols/http/httptools_impl.py", line 426, in run_asgi
    result = await app(  # type: ignore[func-returns-value]
             ^^^^^^^^^^^^^^^^^^^^^^^^^^^^^^^^^^^^^^^^^^^^^^
  File "/root/.pyenv/versions/3.11.1/lib/python3.11/site-packages/uvicorn/middleware/proxy_headers.py", line 84, in __call__
    return await self.app(scope, receive, send)
           ^^^^^^^^^^^^^^^^^^^^^^^^^^^^^^^^^^^^
  File "/root/.pyenv/versions/3.11.1/lib/python3.11/site-packages/fastapi/applications.py", line 1106, in __call__
    await super().__call__(scope, receive, send)
  File "/root/.pyenv/versions/3.11.1/lib/python3.11/site-packages/starlette/applications.py", line 122, in __call__
    await self.middleware_stack(scope, receive, send)
  File "/root/.pyenv/versions/3.11.1/lib/python3.11/site-packages/starlette/middleware/errors.py", line 184, in __call__
    raise exc
  File "/root/.pyenv/versions/3.11.1/lib/python3.11/site-packages/starlette/middleware/errors.py", line 162, in __call__
    await self.app(scope, receive, _send)
  File "/root/.pyenv/versions/3.11.1/lib/python3.11/site-packages/starlette/middleware/cors.py", line 83, in __call__
    await self.app(scope, receive, send)
  File "/root/.pyenv/versions/3.11.1/lib/python3.11/site-packages/starlette/middleware/exceptions.py", line 79, in __call__
    raise exc
  File "/root/.pyenv/versions/3.11.1/lib/python3.11/site-packages/starlette/middleware/exceptions.py", line 68, in __call__
    await self.app(scope, receive, sender)
  File "/root/.pyenv/versions/3.11.1/lib/python3.11/contextlib.py", line 222, in __aexit__
    await self.gen.athrow(typ, value, traceback)
  File "/root/.pyenv/versions/3.11.1/lib/python3.11/site-packages/fastapi/concurrency.py", line 36, in contextmanager_in_threadpool
    raise e
sqlalchemy.exc.OperationalError: (sqlite3.OperationalError) no such column: shift_types.time_segments
[SQL: SELECT shift_types.id AS shift_types_id, shift_types.shift_name AS shift_types_shift_name, shift_types.time_segments AS shift_types_time_segments, shift_types.work_hours AS shift_types_work_hours, shift_types.color AS shift_types_color, shift_types.is_night AS shift_types_is_night, shift_types.is_active AS shift_types_is_active, shift_types.created_at AS shift_types_created_at 
FROM shift_types 
WHERE shift_types.is_active = 1]
(Background on this error at: https://sqlalche.me/e/20/e3q8)
INFO:     10.3.5.7:0 - "GET /api/employees?limit=1000 HTTP/1.1" 422 Unprocessable Entity
INFO:     192.168.65.193:0 - "GET /api/employees/teams HTTP/1.1" 200 OK
INFO:     10.3.5.7:0 - "GET /api/schedules?date=&team= HTTP/1.1" 500 Internal Server Error
ERROR:    Exception in ASGI application
Traceback (most recent call last):
  File "/root/.pyenv/versions/3.11.1/lib/python3.11/site-packages/sqlalchemy/engine/base.py", line 1969, in _exec_single_context
    self.dialect.do_execute(
  File "/root/.pyenv/versions/3.11.1/lib/python3.11/site-packages/sqlalchemy/engine/default.py", line 922, in do_execute
    cursor.execute(statement, parameters)
sqlite3.OperationalError: no such column: shift_types.time_segments

The above exception was the direct cause of the following exception:

Traceback (most recent call last):
  File "/root/.pyenv/versions/3.11.1/lib/python3.11/site-packages/uvicorn/protocols/http/httptools_impl.py", line 426, in run_asgi
    result = await app(  # type: ignore[func-returns-value]
             ^^^^^^^^^^^^^^^^^^^^^^^^^^^^^^^^^^^^^^^^^^^^^^
  File "/root/.pyenv/versions/3.11.1/lib/python3.11/site-packages/uvicorn/middleware/proxy_headers.py", line 84, in __call__
    return await self.app(scope, receive, send)
           ^^^^^^^^^^^^^^^^^^^^^^^^^^^^^^^^^^^^
  File "/root/.pyenv/versions/3.11.1/lib/python3.11/site-packages/fastapi/applications.py", line 1106, in __call__
    await super().__call__(scope, receive, send)
  File "/root/.pyenv/versions/3.11.1/lib/python3.11/site-packages/starlette/applications.py", line 122, in __call__
    await self.middleware_stack(scope, receive, send)
  File "/root/.pyenv/versions/3.11.1/lib/python3.11/site-packages/starlette/middleware/errors.py", line 184, in __call__
    raise exc
  File "/root/.pyenv/versions/3.11.1/lib/python3.11/site-packages/starlette/middleware/errors.py", line 162, in __call__
    await self.app(scope, receive, _send)
  File "/root/.pyenv/versions/3.11.1/lib/python3.11/site-packages/starlette/middleware/cors.py", line 83, in __call__
    await self.app(scope, receive, send)
  File "/root/.pyenv/versions/3.11.1/lib/python3.11/site-packages/starlette/middleware/exceptions.py", line 79, in __call__
    raise exc
  File "/root/.pyenv/versions/3.11.1/lib/python3.11/site-packages/starlette/middleware/exceptions.py", line 68, in __call__
    await self.app(scope, receive, sender)
  File "/root/.pyenv/versions/3.11.1/lib/python3.11/contextlib.py", line 222, in __aexit__
    await self.gen.athrow(typ, value, traceback)
  File "/root/.pyenv/versions/3.11.1/lib/python3.11/site-packages/fastapi/concurrency.py", line 36, in contextmanager_in_threadpool
    raise e
sqlalchemy.exc.OperationalError: (sqlite3.OperationalError) no such column: shift_types.time_segments
[SQL: SELECT shift_types.id AS shift_types_id, shift_types.shift_name AS shift_types_shift_name, shift_types.time_segments AS shift_types_time_segments, shift_types.work_hours AS shift_types_work_hours, shift_types.color AS shift_types_color, shift_types.is_night AS shift_types_is_night, shift_types.is_active AS shift_types_is_active, shift_types.created_at AS shift_types_created_at 
FROM shift_types 
WHERE shift_types.id = ?
 LIMIT ? OFFSET ?]
[parameters: (4, 1, 0)]
(Background on this error at: https://sqlalche.me/e/20/e3q8)
INFO:     10.3.5.7:0 - "POST /api/auth/login HTTP/1.1" 401 Unauthorized
INFO:     10.3.5.7:0 - "POST /api/auth/login HTTP/1.1" 200 OK
INFO:     10.3.5.15:0 - "GET /api/stats HTTP/1.1" 200 OK
INFO:     192.168.65.193:0 - "GET /api/api/departments HTTP/1.1" 404 Not Found
INFO:     192.168.65.129:0 - "GET /api/api/teams HTTP/1.1" 404 Not Found
INFO:     10.3.5.15:0 - "GET /api/reports/daily?schedule_date=2026-04-28 HTTP/1.1" 200 OK
INFO:     10.3.5.7:0 - "GET /api/reports/team-ranking?year_month=2026-04 HTTP/1.1" 500 Internal Server Error
ERROR:    Exception in ASGI application
Traceback (most recent call last):
  File "/root/.pyenv/versions/3.11.1/lib/python3.11/site-packages/sqlalchemy/engine/base.py", line 1969, in _exec_single_context
    self.dialect.do_execute(
  File "/root/.pyenv/versions/3.11.1/lib/python3.11/site-packages/sqlalchemy/engine/default.py", line 922, in do_execute
    cursor.execute(statement, parameters)
sqlite3.OperationalError: no such column: shift_types.time_segments

The above exception was the direct cause of the following exception:

Traceback (most recent call last):
  File "/root/.pyenv/versions/3.11.1/lib/python3.11/site-packages/uvicorn/protocols/http/httptools_impl.py", line 426, in run_asgi
    result = await app(  # type: ignore[func-returns-value]
             ^^^^^^^^^^^^^^^^^^^^^^^^^^^^^^^^^^^^^^^^^^^^^^
  File "/root/.pyenv/versions/3.11.1/lib/python3.11/site-packages/uvicorn/middleware/proxy_headers.py", line 84, in __call__
    return await self.app(scope, receive, send)
           ^^^^^^^^^^^^^^^^^^^^^^^^^^^^^^^^^^^^
  File "/root/.pyenv/versions/3.11.1/lib/python3.11/site-packages/fastapi/applications.py", line 1106, in __call__
    await super().__call__(scope, receive, send)
  File "/root/.pyenv/versions/3.11.1/lib/python3.11/site-packages/starlette/applications.py", line 122, in __call__
    await self.middleware_stack(scope, receive, send)
  File "/root/.pyenv/versions/3.11.1/lib/python3.11/site-packages/starlette/middleware/errors.py", line 184, in __call__
    raise exc
  File "/root/.pyenv/versions/3.11.1/lib/python3.11/site-packages/starlette/middleware/errors.py", line 162, in __call__
    await self.app(scope, receive, _send)
  File "/root/.pyenv/versions/3.11.1/lib/python3.11/site-packages/starlette/middleware/cors.py", line 83, in __call__
    await self.app(scope, receive, send)
  File "/root/.pyenv/versions/3.11.1/lib/python3.11/site-packages/starlette/middleware/exceptions.py", line 79, in __call__
    raise exc
  File "/root/.pyenv/versions/3.11.1/lib/python3.11/site-packages/starlette/middleware/exceptions.py", line 68, in __call__
    await self.app(scope, receive, sender)
  File "/root/.pyenv/versions/3.11.1/lib/python3.11/contextlib.py", line 222, in __aexit__
    await self.gen.athrow(typ, value, traceback)
  File "/root/.pyenv/versions/3.11.1/lib/python3.11/site-packages/fastapi/concurrency.py", line 36, in contextmanager_in_threadpool
    raise e
sqlalchemy.exc.OperationalError: (sqlite3.OperationalError) no such column: shift_types.time_segments
[SQL: SELECT shift_types.id AS shift_types_id, shift_types.shift_name AS shift_types_shift_name, shift_types.time_segments AS shift_types_time_segments, shift_types.work_hours AS shift_types_work_hours, shift_types.color AS shift_types_color, shift_types.is_night AS shift_types_is_night, shift_types.is_active AS shift_types_is_active, shift_types.created_at AS shift_types_created_at 
FROM shift_types 
WHERE shift_types.id = ?
 LIMIT ? OFFSET ?]
[parameters: (3, 1, 0)]
(Background on this error at: https://sqlalche.me/e/20/e3q8)
INFO:     192.168.65.193:0 - "GET /api/employees/teams HTTP/1.1" 200 OK
INFO:     10.3.5.7:0 - "GET /api/employees?page=1&limit=20&search=&team=&dept= HTTP/1.1" 200 OK
INFO:     10.3.5.7:0 - "GET /api/employees/departments HTTP/1.1" 200 OK
INFO:     192.168.65.193:0 - "GET /api/employees/teams HTTP/1.1" 200 OK
INFO:     192.168.65.129:0 - "GET /api/schedules?date=&team= HTTP/1.1" 500 Internal Server Error
ERROR:    Exception in ASGI application
Traceback (most recent call last):
  File "/root/.pyenv/versions/3.11.1/lib/python3.11/site-packages/sqlalchemy/engine/base.py", line 1969, in _exec_single_context
    self.dialect.do_execute(
  File "/root/.pyenv/versions/3.11.1/lib/python3.11/site-packages/sqlalchemy/engine/default.py", line 922, in do_execute
    cursor.execute(statement, parameters)
sqlite3.OperationalError: no such column: shift_types.time_segments

The above exception was the direct cause of the following exception:

Traceback (most recent call last):
  File "/root/.pyenv/versions/3.11.1/lib/python3.11/site-packages/uvicorn/protocols/http/httptools_impl.py", line 426, in run_asgi
    result = await app(  # type: ignore[func-returns-value]
             ^^^^^^^^^^^^^^^^^^^^^^^^^^^^^^^^^^^^^^^^^^^^^^
  File "/root/.pyenv/versions/3.11.1/lib/python3.11/site-packages/uvicorn/middleware/proxy_headers.py", line 84, in __call__
    return await self.app(scope, receive, send)
           ^^^^^^^^^^^^^^^^^^^^^^^^^^^^^^^^^^^^
  File "/root/.pyenv/versions/3.11.1/lib/python3.11/site-packages/fastapi/applications.py", line 1106, in __call__
    await super().__call__(scope, receive, send)
  File "/root/.pyenv/versions/3.11.1/lib/python3.11/site-packages/starlette/applications.py", line 122, in __call__
    await self.middleware_stack(scope, receive, send)
  File "/root/.pyenv/versions/3.11.1/lib/python3.11/site-packages/starlette/middleware/errors.py", line 184, in __call__
    raise exc
  File "/root/.pyenv/versions/3.11.1/lib/python3.11/site-packages/starlette/middleware/errors.py", line 162, in __call__
    await self.app(scope, receive, _send)
  File "/root/.pyenv/versions/3.11.1/lib/python3.11/site-packages/starlette/middleware/cors.py", line 83, in __call__
    await self.app(scope, receive, send)
  File "/root/.pyenv/versions/3.11.1/lib/python3.11/site-packages/starlette/middleware/exceptions.py", line 79, in __call__
    raise exc
  File "/root/.pyenv/versions/3.11.1/lib/python3.11/site-packages/starlette/middleware/exceptions.py", line 68, in __call__
    await self.app(scope, receive, sender)
  File "/root/.pyenv/versions/3.11.1/lib/python3.11/contextlib.py", line 222, in __aexit__
    await self.gen.athrow(typ, value, traceback)
  File "/root/.pyenv/versions/3.11.1/lib/python3.11/site-packages/fastapi/concurrency.py", line 36, in contextmanager_in_threadpool
    raise e
sqlalchemy.exc.OperationalError: (sqlite3.OperationalError) no such column: shift_types.time_segments
[SQL: SELECT shift_types.id AS shift_types_id, shift_types.shift_name AS shift_types_shift_name, shift_types.time_segments AS shift_types_time_segments, shift_types.work_hours AS shift_types_work_hours, shift_types.color AS shift_types_color, shift_types.is_night AS shift_types_is_night, shift_types.is_active AS shift_types_is_active, shift_types.created_at AS shift_types_created_at 
FROM shift_types 
WHERE shift_types.id = ?
 LIMIT ? OFFSET ?]
[parameters: (4, 1, 0)]
(Background on this error at: https://sqlalche.me/e/20/e3q8)
INFO:     10.3.5.15:0 - "GET /api/employees?limit=1000 HTTP/1.1" 422 Unprocessable Entity
INFO:     10.3.5.7:0 - "GET /api/shift-types HTTP/1.1" 500 Internal Server Error
ERROR:    Exception in ASGI application
Traceback (most recent call last):
  File "/root/.pyenv/versions/3.11.1/lib/python3.11/site-packages/sqlalchemy/engine/base.py", line 1969, in _exec_single_context
    self.dialect.do_execute(
  File "/root/.pyenv/versions/3.11.1/lib/python3.11/site-packages/sqlalchemy/engine/default.py", line 922, in do_execute
    cursor.execute(statement, parameters)
sqlite3.OperationalError: no such column: shift_types.time_segments

The above exception was the direct cause of the following exception:

Traceback (most recent call last):
  File "/root/.pyenv/versions/3.11.1/lib/python3.11/site-packages/uvicorn/protocols/http/httptools_impl.py", line 426, in run_asgi
    result = await app(  # type: ignore[func-returns-value]
             ^^^^^^^^^^^^^^^^^^^^^^^^^^^^^^^^^^^^^^^^^^^^^^
  File "/root/.pyenv/versions/3.11.1/lib/python3.11/site-packages/uvicorn/middleware/proxy_headers.py", line 84, in __call__
    return await self.app(scope, receive, send)
           ^^^^^^^^^^^^^^^^^^^^^^^^^^^^^^^^^^^^
  File "/root/.pyenv/versions/3.11.1/lib/python3.11/site-packages/fastapi/applications.py", line 1106, in __call__
    await super().__call__(scope, receive, send)
  File "/root/.pyenv/versions/3.11.1/lib/python3.11/site-packages/starlette/applications.py", line 122, in __call__
    await self.middleware_stack(scope, receive, send)
  File "/root/.pyenv/versions/3.11.1/lib/python3.11/site-packages/starlette/middleware/errors.py", line 184, in __call__
    raise exc
  File "/root/.pyenv/versions/3.11.1/lib/python3.11/site-packages/starlette/middleware/errors.py", line 162, in __call__
    await self.app(scope, receive, _send)
  File "/root/.pyenv/versions/3.11.1/lib/python3.11/site-packages/starlette/middleware/cors.py", line 83, in __call__
    await self.app(scope, receive, send)
  File "/root/.pyenv/versions/3.11.1/lib/python3.11/site-packages/starlette/middleware/exceptions.py", line 79, in __call__
    raise exc
  File "/root/.pyenv/versions/3.11.1/lib/python3.11/site-packages/starlette/middleware/exceptions.py", line 68, in __call__
    await self.app(scope, receive, sender)
  File "/root/.pyenv/versions/3.11.1/lib/python3.11/contextlib.py", line 222, in __aexit__
    await self.gen.athrow(typ, value, traceback)
  File "/root/.pyenv/versions/3.11.1/lib/python3.11/site-packages/fastapi/concurrency.py", line 36, in contextmanager_in_threadpool
    raise e
sqlalchemy.exc.OperationalError: (sqlite3.OperationalError) no such column: shift_types.time_segments
[SQL: SELECT shift_types.id AS shift_types_id, shift_types.shift_name AS shift_types_shift_name, shift_types.time_segments AS shift_types_time_segments, shift_types.work_hours AS shift_types_work_hours, shift_types.color AS shift_types_color, shift_types.is_night AS shift_types_is_night, shift_types.is_active AS shift_types_is_active, shift_types.created_at AS shift_types_created_at 
FROM shift_types 
WHERE shift_types.is_active = 1]
(Background on this error at: https://sqlalche.me/e/20/e3q8)
INFO:     10.3.5.15:0 - "GET /api/checkins?page=1&limit=20 HTTP/1.1" 200 OK
INFO:     10.3.5.7:0 - "GET /api/employees/teams HTTP/1.1" 200 OK
INFO:     10.3.5.15:0 - "GET /api/checkins/report?date=2026-04-28 HTTP/1.1" 200 OK
INFO:     192.168.65.129:0 - "GET /api/employees/teams HTTP/1.1" 200 OK
INFO:     192.168.65.129:0 - "GET /api/reports/daily?schedule_date=2026-04-28&dept=&team=&status=&date=2026-04-28 HTTP/1.1" 200 OK
INFO:     192.168.65.193:0 - "GET /api/employees/departments HTTP/1.1" 200 OK
INFO:     192.168.65.129:0 - "GET /api/checkins?page=1&limit=20 HTTP/1.1" 200 OK
INFO:     10.3.5.7:0 - "POST /api/checkins/import HTTP/1.1" 200 OK
INFO:     192.168.65.193:0 - "GET /api/checkins?page=1&limit=20 HTTP/1.1" 200 OK
INFO:     10.3.5.15:0 - "GET /api/employees/teams HTTP/1.1" 200 OK
INFO:     192.168.65.129:0 - "GET /api/employees?page=1&limit=20&search=&team=&dept= HTTP/1.1" 200 OK
INFO:     10.3.5.15:0 - "GET /api/employees/departments HTTP/1.1" 200 OK
INFO:     192.168.65.193:0 - "GET /api/employees?page=5&limit=20&search=&team=&dept= HTTP/1.1" 200 OK
INFO:     192.168.65.129:0 - "GET /api/employees/teams HTTP/1.1" 200 OK
INFO:     10.3.5.7:0 - "GET /api/checkins/report?date=2026-04-28 HTTP/1.1" 200 OK
INFO:     10.3.5.7:0 - "GET /api/checkins/report?date=2026-04-14 HTTP/1.1" 200 OK
INFO:     192.168.65.129:0 - "GET /api/checkins/report?date=2026-04-15 HTTP/1.1" 200 OK
INFO:     192.168.65.193:0 - "GET /api/employees/teams HTTP/1.1" 200 OK
INFO:     10.3.5.7:0 - "GET /api/checkins/report?date=2026-04-28 HTTP/1.1" 200 OK
INFO:     Started server process [1702]
INFO:     Waiting for application startup.
INFO:     Application startup complete.
INFO:     Uvicorn running on http://0.0.0.0:5000 (Press CTRL+C to quit)
INFO:     10.3.5.7:0 - "GET /api/employees/teams HTTP/1.1" 200 OK
INFO:     192.168.65.193:0 - "GET /api/checkins/report?date=2026-04-28 HTTP/1.1" 200 OK
INFO:     192.168.65.129:0 - "POST /api/auth/login HTTP/1.1" 200 OK
INFO:     10.3.5.7:0 - "GET /api/api/departments HTTP/1.1" 404 Not Found
INFO:     10.3.5.7:0 - "GET /api/api/teams HTTP/1.1" 404 Not Found
INFO:     192.168.65.193:0 - "GET /api/stats HTTP/1.1" 200 OK
INFO:     10.3.5.7:0 - "GET /api/reports/daily?schedule_date=2026-04-28 HTTP/1.1" 200 OK
INFO:     192.168.65.193:0 - "GET /api/reports/team-ranking?year_month=2026-04 HTTP/1.1" 500 Internal Server Error
ERROR:    Exception in ASGI application
Traceback (most recent call last):
  File "/root/.pyenv/versions/3.11.1/lib/python3.11/site-packages/sqlalchemy/engine/base.py", line 1969, in _exec_single_context
    self.dialect.do_execute(
  File "/root/.pyenv/versions/3.11.1/lib/python3.11/site-packages/sqlalchemy/engine/default.py", line 922, in do_execute
    cursor.execute(statement, parameters)
sqlite3.OperationalError: no such column: shift_types.time_segments

The above exception was the direct cause of the following exception:

Traceback (most recent call last):
  File "/root/.pyenv/versions/3.11.1/lib/python3.11/site-packages/uvicorn/protocols/http/httptools_impl.py", line 426, in run_asgi
    result = await app(  # type: ignore[func-returns-value]
             ^^^^^^^^^^^^^^^^^^^^^^^^^^^^^^^^^^^^^^^^^^^^^^
  File "/root/.pyenv/versions/3.11.1/lib/python3.11/site-packages/uvicorn/middleware/proxy_headers.py", line 84, in __call__
    return await self.app(scope, receive, send)
           ^^^^^^^^^^^^^^^^^^^^^^^^^^^^^^^^^^^^
  File "/root/.pyenv/versions/3.11.1/lib/python3.11/site-packages/fastapi/applications.py", line 1106, in __call__
    await super().__call__(scope, receive, send)
  File "/root/.pyenv/versions/3.11.1/lib/python3.11/site-packages/starlette/applications.py", line 122, in __call__
    await self.middleware_stack(scope, receive, send)
  File "/root/.pyenv/versions/3.11.1/lib/python3.11/site-packages/starlette/middleware/errors.py", line 184, in __call__
    raise exc
  File "/root/.pyenv/versions/3.11.1/lib/python3.11/site-packages/starlette/middleware/errors.py", line 162, in __call__
    await self.app(scope, receive, _send)
  File "/root/.pyenv/versions/3.11.1/lib/python3.11/site-packages/starlette/middleware/cors.py", line 83, in __call__
    await self.app(scope, receive, send)
  File "/root/.pyenv/versions/3.11.1/lib/python3.11/site-packages/starlette/middleware/exceptions.py", line 79, in __call__
    raise exc
  File "/root/.pyenv/versions/3.11.1/lib/python3.11/site-packages/starlette/middleware/exceptions.py", line 68, in __call__
    await self.app(scope, receive, sender)
  File "/root/.pyenv/versions/3.11.1/lib/python3.11/contextlib.py", line 222, in __aexit__
    await self.gen.athrow(typ, value, traceback)
  File "/root/.pyenv/versions/3.11.1/lib/python3.11/site-packages/fastapi/concurrency.py", line 36, in contextmanager_in_threadpool
    raise e
sqlalchemy.exc.OperationalError: (sqlite3.OperationalError) no such column: shift_types.time_segments
[SQL: SELECT shift_types.id AS shift_types_id, shift_types.shift_name AS shift_types_shift_name, shift_types.time_segments AS shift_types_time_segments, shift_types.work_hours AS shift_types_work_hours, shift_types.color AS shift_types_color, shift_types.is_night AS shift_types_is_night, shift_types.is_active AS shift_types_is_active, shift_types.created_at AS shift_types_created_at 
FROM shift_types 
WHERE shift_types.id = ?
 LIMIT ? OFFSET ?]
[parameters: (3, 1, 0)]
(Background on this error at: https://sqlalche.me/e/20/e3q8)
INFO:     10.3.5.15:0 - "GET /api/employees?limit=1000 HTTP/1.1" 422 Unprocessable Entity
INFO:     192.168.65.129:0 - "GET /api/shift-types HTTP/1.1" 500 Internal Server Error
ERROR:    Exception in ASGI application
Traceback (most recent call last):
  File "/root/.pyenv/versions/3.11.1/lib/python3.11/site-packages/sqlalchemy/engine/base.py", line 1969, in _exec_single_context
    self.dialect.do_execute(
  File "/root/.pyenv/versions/3.11.1/lib/python3.11/site-packages/sqlalchemy/engine/default.py", line 922, in do_execute
    cursor.execute(statement, parameters)
sqlite3.OperationalError: no such column: shift_types.time_segments

The above exception was the direct cause of the following exception:

Traceback (most recent call last):
  File "/root/.pyenv/versions/3.11.1/lib/python3.11/site-packages/uvicorn/protocols/http/httptools_impl.py", line 426, in run_asgi
    result = await app(  # type: ignore[func-returns-value]
             ^^^^^^^^^^^^^^^^^^^^^^^^^^^^^^^^^^^^^^^^^^^^^^
  File "/root/.pyenv/versions/3.11.1/lib/python3.11/site-packages/uvicorn/middleware/proxy_headers.py", line 84, in __call__
    return await self.app(scope, receive, send)
           ^^^^^^^^^^^^^^^^^^^^^^^^^^^^^^^^^^^^
  File "/root/.pyenv/versions/3.11.1/lib/python3.11/site-packages/fastapi/applications.py", line 1106, in __call__
    await super().__call__(scope, receive, send)
  File "/root/.pyenv/versions/3.11.1/lib/python3.11/site-packages/starlette/applications.py", line 122, in __call__
    await self.middleware_stack(scope, receive, send)
  File "/root/.pyenv/versions/3.11.1/lib/python3.11/site-packages/starlette/middleware/errors.py", line 184, in __call__
    raise exc
  File "/root/.pyenv/versions/3.11.1/lib/python3.11/site-packages/starlette/middleware/errors.py", line 162, in __call__
    await self.app(scope, receive, _send)
  File "/root/.pyenv/versions/3.11.1/lib/python3.11/site-packages/starlette/middleware/cors.py", line 83, in __call__
    await self.app(scope, receive, send)
  File "/root/.pyenv/versions/3.11.1/lib/python3.11/site-packages/starlette/middleware/exceptions.py", line 79, in __call__
    raise exc
  File "/root/.pyenv/versions/3.11.1/lib/python3.11/site-packages/starlette/middleware/exceptions.py", line 68, in __call__
    await self.app(scope, receive, sender)
  File "/root/.pyenv/versions/3.11.1/lib/python3.11/contextlib.py", line 222, in __aexit__
    await self.gen.athrow(typ, value, traceback)
  File "/root/.pyenv/versions/3.11.1/lib/python3.11/site-packages/fastapi/concurrency.py", line 36, in contextmanager_in_threadpool
    raise e
sqlalchemy.exc.OperationalError: (sqlite3.OperationalError) no such column: shift_types.time_segments
[SQL: SELECT shift_types.id AS shift_types_id, shift_types.shift_name AS shift_types_shift_name, shift_types.time_segments AS shift_types_time_segments, shift_types.work_hours AS shift_types_work_hours, shift_types.color AS shift_types_color, shift_types.is_night AS shift_types_is_night, shift_types.is_active AS shift_types_is_active, shift_types.created_at AS shift_types_created_at 
FROM shift_types 
WHERE shift_types.is_active = 1]
(Background on this error at: https://sqlalche.me/e/20/e3q8)
INFO:     192.168.65.129:0 - "GET /api/employees/teams HTTP/1.1" 200 OK
INFO:     10.3.5.15:0 - "GET /api/schedules?date=&team= HTTP/1.1" 500 Internal Server Error
ERROR:    Exception in ASGI application
Traceback (most recent call last):
  File "/root/.pyenv/versions/3.11.1/lib/python3.11/site-packages/sqlalchemy/engine/base.py", line 1969, in _exec_single_context
    self.dialect.do_execute(
  File "/root/.pyenv/versions/3.11.1/lib/python3.11/site-packages/sqlalchemy/engine/default.py", line 922, in do_execute
    cursor.execute(statement, parameters)
sqlite3.OperationalError: no such column: shift_types.time_segments

The above exception was the direct cause of the following exception:

Traceback (most recent call last):
  File "/root/.pyenv/versions/3.11.1/lib/python3.11/site-packages/uvicorn/protocols/http/httptools_impl.py", line 426, in run_asgi
    result = await app(  # type: ignore[func-returns-value]
             ^^^^^^^^^^^^^^^^^^^^^^^^^^^^^^^^^^^^^^^^^^^^^^
  File "/root/.pyenv/versions/3.11.1/lib/python3.11/site-packages/uvicorn/middleware/proxy_headers.py", line 84, in __call__
    return await self.app(scope, receive, send)
           ^^^^^^^^^^^^^^^^^^^^^^^^^^^^^^^^^^^^
  File "/root/.pyenv/versions/3.11.1/lib/python3.11/site-packages/fastapi/applications.py", line 1106, in __call__
    await super().__call__(scope, receive, send)
  File "/root/.pyenv/versions/3.11.1/lib/python3.11/site-packages/starlette/applications.py", line 122, in __call__
    await self.middleware_stack(scope, receive, send)
  File "/root/.pyenv/versions/3.11.1/lib/python3.11/site-packages/starlette/middleware/errors.py", line 184, in __call__
    raise exc
  File "/root/.pyenv/versions/3.11.1/lib/python3.11/site-packages/starlette/middleware/errors.py", line 162, in __call__
    await self.app(scope, receive, _send)
  File "/root/.pyenv/versions/3.11.1/lib/python3.11/site-packages/starlette/middleware/cors.py", line 83, in __call__
    await self.app(scope, receive, send)
  File "/root/.pyenv/versions/3.11.1/lib/python3.11/site-packages/starlette/middleware/exceptions.py", line 79, in __call__
    raise exc
  File "/root/.pyenv/versions/3.11.1/lib/python3.11/site-packages/starlette/middleware/exceptions.py", line 68, in __call__
    await self.app(scope, receive, sender)
  File "/root/.pyenv/versions/3.11.1/lib/python3.11/contextlib.py", line 222, in __aexit__
    await self.gen.athrow(typ, value, traceback)
  File "/root/.pyenv/versions/3.11.1/lib/python3.11/site-packages/fastapi/concurrency.py", line 36, in contextmanager_in_threadpool
    raise e
sqlalchemy.exc.OperationalError: (sqlite3.OperationalError) no such column: shift_types.time_segments
[SQL: SELECT shift_types.id AS shift_types_id, shift_types.shift_name AS shift_types_shift_name, shift_types.time_segments AS shift_types_time_segments, shift_types.work_hours AS shift_types_work_hours, shift_types.color AS shift_types_color, shift_types.is_night AS shift_types_is_night, shift_types.is_active AS shift_types_is_active, shift_types.created_at AS shift_types_created_at 
FROM shift_types 
WHERE shift_types.id = ?
 LIMIT ? OFFSET ?]
[parameters: (4, 1, 0)]
(Background on this error at: https://sqlalche.me/e/20/e3q8)
INFO:     10.3.5.15:0 - "GET /api/employees/departments HTTP/1.1" 200 OK
INFO:     10.3.5.7:0 - "GET /api/employees/teams HTTP/1.1" 200 OK
INFO:     192.168.65.193:0 - "GET /api/employees?page=1&limit=20&search=&team=&dept= HTTP/1.1" 200 OK
INFO:     10.3.5.15:0 - "GET /api/employees/teams HTTP/1.1" 200 OK
INFO:     192.168.65.129:0 - "GET /api/checkins/report?date=2026-04-28 HTTP/1.1" 200 OK
INFO:     192.168.65.193:0 - "GET /api/checkins/report?date=2026-04-07 HTTP/1.1" 200 OK
INFO:     192.168.65.129:0 - "GET /api/checkins/report?date=2026-04-23 HTTP/1.1" 200 OK
INFO:     10.3.5.15:0 - "GET /api/checkins/report?year_month=2026-04 HTTP/1.1" 200 OK
INFO:     192.168.65.193:0 - "GET /api/checkins/report?year_month=2026-04&name=%E6%9D%8E HTTP/1.1" 200 OK
INFO:     10.3.5.7:0 - "GET /api/checkins/report?year_month=2026-04&name=%E5%9D%A4 HTTP/1.1" 200 OK
INFO:     192.168.65.193:0 - "GET /api/checkins/report?start_date=2026-03-31&end_date=2026-04-28&name=%E5%9D%A4 HTTP/1.1" 200 OK
INFO:     10.3.5.7:0 - "GET /api/checkins/report?start_date=2026-03-31&end_date=2026-04-28&name=%E5%9D%A4 HTTP/1.1" 200 OK
INFO:     192.168.65.129:0 - "GET /api/checkins/report?start_date=2026-03-31&end_date=2026-04-28 HTTP/1.1" 200 OK
INFO:     10.3.5.7:0 - "GET /api/checkins/report?start_date=2026-03-31&end_date=2026-04-09 HTTP/1.1" 200 OK
INFO:     10.3.5.15:0 - "GET /api/checkins/report?date=2026-04-16 HTTP/1.1" 200 OK
INFO:     10.3.5.7:0 - "GET /api/checkins/report?date=2026-04-16&team=%E4%B8%80%E7%8F%AD1%E7%BB%84 HTTP/1.1" 500 Internal Server Error
ERROR:    Exception in ASGI application
Traceback (most recent call last):
  File "/root/.pyenv/versions/3.11.1/lib/python3.11/site-packages/uvicorn/protocols/http/httptools_impl.py", line 426, in run_asgi
    result = await app(  # type: ignore[func-returns-value]
             ^^^^^^^^^^^^^^^^^^^^^^^^^^^^^^^^^^^^^^^^^^^^^^
  File "/root/.pyenv/versions/3.11.1/lib/python3.11/site-packages/uvicorn/middleware/proxy_headers.py", line 84, in __call__
    return await self.app(scope, receive, send)
           ^^^^^^^^^^^^^^^^^^^^^^^^^^^^^^^^^^^^
  File "/root/.pyenv/versions/3.11.1/lib/python3.11/site-packages/fastapi/applications.py", line 1106, in __call__
    await super().__call__(scope, receive, send)
  File "/root/.pyenv/versions/3.11.1/lib/python3.11/site-packages/starlette/applications.py", line 122, in __call__
    await self.middleware_stack(scope, receive, send)
  File "/root/.pyenv/versions/3.11.1/lib/python3.11/site-packages/starlette/middleware/errors.py", line 184, in __call__
    raise exc
  File "/root/.pyenv/versions/3.11.1/lib/python3.11/site-packages/starlette/middleware/errors.py", line 162, in __call__
    await self.app(scope, receive, _send)
  File "/root/.pyenv/versions/3.11.1/lib/python3.11/site-packages/starlette/middleware/cors.py", line 83, in __call__
    await self.app(scope, receive, send)
  File "/root/.pyenv/versions/3.11.1/lib/python3.11/site-packages/starlette/middleware/exceptions.py", line 79, in __call__
    raise exc
  File "/root/.pyenv/versions/3.11.1/lib/python3.11/site-packages/starlette/middleware/exceptions.py", line 68, in __call__
    await self.app(scope, receive, sender)
  File "/root/.pyenv/versions/3.11.1/lib/python3.11/contextlib.py", line 222, in __aexit__
    await self.gen.athrow(typ, value, traceback)
  File "/root/.pyenv/versions/3.11.1/lib/python3.11/site-packages/fastapi/concurrency.py", line 36, in contextmanager_in_threadpool
    raise e
UnboundLocalError: cannot access local variable 'checkins' where it is not associated with a value
INFO:     10.3.5.7:0 - "GET /api/checkins/report?date=2026-04-16&team=%E4%B8%80%E7%8F%AD1%E7%BB%84 HTTP/1.1" 500 Internal Server Error
ERROR:    Exception in ASGI application
Traceback (most recent call last):
  File "/root/.pyenv/versions/3.11.1/lib/python3.11/site-packages/uvicorn/protocols/http/httptools_impl.py", line 426, in run_asgi
    result = await app(  # type: ignore[func-returns-value]
             ^^^^^^^^^^^^^^^^^^^^^^^^^^^^^^^^^^^^^^^^^^^^^^
  File "/root/.pyenv/versions/3.11.1/lib/python3.11/site-packages/uvicorn/middleware/proxy_headers.py", line 84, in __call__
    return await self.app(scope, receive, send)
           ^^^^^^^^^^^^^^^^^^^^^^^^^^^^^^^^^^^^
  File "/root/.pyenv/versions/3.11.1/lib/python3.11/site-packages/fastapi/applications.py", line 1106, in __call__
    await super().__call__(scope, receive, send)
  File "/root/.pyenv/versions/3.11.1/lib/python3.11/site-packages/starlette/applications.py", line 122, in __call__
    await self.middleware_stack(scope, receive, send)
  File "/root/.pyenv/versions/3.11.1/lib/python3.11/site-packages/starlette/middleware/errors.py", line 184, in __call__
    raise exc
  File "/root/.pyenv/versions/3.11.1/lib/python3.11/site-packages/starlette/middleware/errors.py", line 162, in __call__
    await self.app(scope, receive, _send)
  File "/root/.pyenv/versions/3.11.1/lib/python3.11/site-packages/starlette/middleware/cors.py", line 83, in __call__
    await self.app(scope, receive, send)
  File "/root/.pyenv/versions/3.11.1/lib/python3.11/site-packages/starlette/middleware/exceptions.py", line 79, in __call__
    raise exc
  File "/root/.pyenv/versions/3.11.1/lib/python3.11/site-packages/starlette/middleware/exceptions.py", line 68, in __call__
    await self.app(scope, receive, sender)
  File "/root/.pyenv/versions/3.11.1/lib/python3.11/contextlib.py", line 222, in __aexit__
    await self.gen.athrow(typ, value, traceback)
  File "/root/.pyenv/versions/3.11.1/lib/python3.11/site-packages/fastapi/concurrency.py", line 36, in contextmanager_in_threadpool
    raise e
UnboundLocalError: cannot access local variable 'checkins' where it is not associated with a value
INFO:     10.3.5.7:0 - "GET /api/checkins/report?date=2026-04-15&team=%E4%B8%80%E7%8F%AD1%E7%BB%84 HTTP/1.1" 500 Internal Server Error
ERROR:    Exception in ASGI application
Traceback (most recent call last):
  File "/root/.pyenv/versions/3.11.1/lib/python3.11/site-packages/uvicorn/protocols/http/httptools_impl.py", line 426, in run_asgi
    result = await app(  # type: ignore[func-returns-value]
             ^^^^^^^^^^^^^^^^^^^^^^^^^^^^^^^^^^^^^^^^^^^^^^
  File "/root/.pyenv/versions/3.11.1/lib/python3.11/site-packages/uvicorn/middleware/proxy_headers.py", line 84, in __call__
    return await self.app(scope, receive, send)
           ^^^^^^^^^^^^^^^^^^^^^^^^^^^^^^^^^^^^
  File "/root/.pyenv/versions/3.11.1/lib/python3.11/site-packages/fastapi/applications.py", line 1106, in __call__
    await super().__call__(scope, receive, send)
  File "/root/.pyenv/versions/3.11.1/lib/python3.11/site-packages/starlette/applications.py", line 122, in __call__
    await self.middleware_stack(scope, receive, send)
  File "/root/.pyenv/versions/3.11.1/lib/python3.11/site-packages/starlette/middleware/errors.py", line 184, in __call__
    raise exc
  File "/root/.pyenv/versions/3.11.1/lib/python3.11/site-packages/starlette/middleware/errors.py", line 162, in __call__
    await self.app(scope, receive, _send)
  File "/root/.pyenv/versions/3.11.1/lib/python3.11/site-packages/starlette/middleware/cors.py", line 83, in __call__
    await self.app(scope, receive, send)
  File "/root/.pyenv/versions/3.11.1/lib/python3.11/site-packages/starlette/middleware/exceptions.py", line 79, in __call__
    raise exc
  File "/root/.pyenv/versions/3.11.1/lib/python3.11/site-packages/starlette/middleware/exceptions.py", line 68, in __call__
    await self.app(scope, receive, sender)
  File "/root/.pyenv/versions/3.11.1/lib/python3.11/contextlib.py", line 222, in __aexit__
    await self.gen.athrow(typ, value, traceback)
  File "/root/.pyenv/versions/3.11.1/lib/python3.11/site-packages/fastapi/concurrency.py", line 36, in contextmanager_in_threadpool
    raise e
UnboundLocalError: cannot access local variable 'checkins' where it is not associated with a value
INFO:     192.168.65.193:0 - "GET /api/checkins/report?date=2026-04-15&team=%E4%B8%80%E7%8F%AD2%E7%BB%84 HTTP/1.1" 500 Internal Server Error
ERROR:    Exception in ASGI application
Traceback (most recent call last):
  File "/root/.pyenv/versions/3.11.1/lib/python3.11/site-packages/uvicorn/protocols/http/httptools_impl.py", line 426, in run_asgi
    result = await app(  # type: ignore[func-returns-value]
             ^^^^^^^^^^^^^^^^^^^^^^^^^^^^^^^^^^^^^^^^^^^^^^
  File "/root/.pyenv/versions/3.11.1/lib/python3.11/site-packages/uvicorn/middleware/proxy_headers.py", line 84, in __call__
    return await self.app(scope, receive, send)
           ^^^^^^^^^^^^^^^^^^^^^^^^^^^^^^^^^^^^
  File "/root/.pyenv/versions/3.11.1/lib/python3.11/site-packages/fastapi/applications.py", line 1106, in __call__
    await super().__call__(scope, receive, send)
  File "/root/.pyenv/versions/3.11.1/lib/python3.11/site-packages/starlette/applications.py", line 122, in __call__
    await self.middleware_stack(scope, receive, send)
  File "/root/.pyenv/versions/3.11.1/lib/python3.11/site-packages/starlette/middleware/errors.py", line 184, in __call__
    raise exc
  File "/root/.pyenv/versions/3.11.1/lib/python3.11/site-packages/starlette/middleware/errors.py", line 162, in __call__
    await self.app(scope, receive, _send)
  File "/root/.pyenv/versions/3.11.1/lib/python3.11/site-packages/starlette/middleware/cors.py", line 83, in __call__
    await self.app(scope, receive, send)
  File "/root/.pyenv/versions/3.11.1/lib/python3.11/site-packages/starlette/middleware/exceptions.py", line 79, in __call__
    raise exc
  File "/root/.pyenv/versions/3.11.1/lib/python3.11/site-packages/starlette/middleware/exceptions.py", line 68, in __call__
    await self.app(scope, receive, sender)
  File "/root/.pyenv/versions/3.11.1/lib/python3.11/contextlib.py", line 222, in __aexit__
    await self.gen.athrow(typ, value, traceback)
  File "/root/.pyenv/versions/3.11.1/lib/python3.11/site-packages/fastapi/concurrency.py", line 36, in contextmanager_in_threadpool
    raise e
UnboundLocalError: cannot access local variable 'checkins' where it is not associated with a value
INFO:     192.168.65.129:0 - "GET /api/checkins/report?date=2026-04-28 HTTP/1.1" 200 OK
INFO:     10.3.5.15:0 - "GET /api/employees/teams HTTP/1.1" 200 OK
INFO:     192.168.65.129:0 - "GET /api/checkins/report?date=2026-04-28&team=%E4%B8%80%E7%8F%AD3%E7%BB%84 HTTP/1.1" 500 Internal Server Error
ERROR:    Exception in ASGI application
Traceback (most recent call last):
  File "/root/.pyenv/versions/3.11.1/lib/python3.11/site-packages/uvicorn/protocols/http/httptools_impl.py", line 426, in run_asgi
    result = await app(  # type: ignore[func-returns-value]
             ^^^^^^^^^^^^^^^^^^^^^^^^^^^^^^^^^^^^^^^^^^^^^^
  File "/root/.pyenv/versions/3.11.1/lib/python3.11/site-packages/uvicorn/middleware/proxy_headers.py", line 84, in __call__
    return await self.app(scope, receive, send)
           ^^^^^^^^^^^^^^^^^^^^^^^^^^^^^^^^^^^^
  File "/root/.pyenv/versions/3.11.1/lib/python3.11/site-packages/fastapi/applications.py", line 1106, in __call__
    await super().__call__(scope, receive, send)
  File "/root/.pyenv/versions/3.11.1/lib/python3.11/site-packages/starlette/applications.py", line 122, in __call__
    await self.middleware_stack(scope, receive, send)
  File "/root/.pyenv/versions/3.11.1/lib/python3.11/site-packages/starlette/middleware/errors.py", line 184, in __call__
    raise exc
  File "/root/.pyenv/versions/3.11.1/lib/python3.11/site-packages/starlette/middleware/errors.py", line 162, in __call__
    await self.app(scope, receive, _send)
  File "/root/.pyenv/versions/3.11.1/lib/python3.11/site-packages/starlette/middleware/cors.py", line 83, in __call__
    await self.app(scope, receive, send)
  File "/root/.pyenv/versions/3.11.1/lib/python3.11/site-packages/starlette/middleware/exceptions.py", line 79, in __call__
    raise exc
  File "/root/.pyenv/versions/3.11.1/lib/python3.11/site-packages/starlette/middleware/exceptions.py", line 68, in __call__
    await self.app(scope, receive, sender)
  File "/root/.pyenv/versions/3.11.1/lib/python3.11/contextlib.py", line 222, in __aexit__
    await self.gen.athrow(typ, value, traceback)
  File "/root/.pyenv/versions/3.11.1/lib/python3.11/site-packages/fastapi/concurrency.py", line 36, in contextmanager_in_threadpool
    raise e
UnboundLocalError: cannot access local variable 'checkins' where it is not associated with a value
INFO:     10.3.5.7:0 - "GET /api/employees/departments HTTP/1.1" 200 OK
INFO:     192.168.65.193:0 - "GET /api/employees?page=1&limit=20&search=&team=&dept= HTTP/1.1" 200 OK
INFO:     192.168.65.129:0 - "GET /api/employees/teams HTTP/1.1" 200 OK
INFO:     10.3.5.7:0 - "GET /api/employees/teams HTTP/1.1" 200 OK
INFO:     192.168.65.193:0 - "GET /api/schedules?date=&team= HTTP/1.1" 500 Internal Server Error
ERROR:    Exception in ASGI application
Traceback (most recent call last):
  File "/root/.pyenv/versions/3.11.1/lib/python3.11/site-packages/sqlalchemy/engine/base.py", line 1969, in _exec_single_context
    self.dialect.do_execute(
  File "/root/.pyenv/versions/3.11.1/lib/python3.11/site-packages/sqlalchemy/engine/default.py", line 922, in do_execute
    cursor.execute(statement, parameters)
sqlite3.OperationalError: no such column: shift_types.time_segments

The above exception was the direct cause of the following exception:

Traceback (most recent call last):
  File "/root/.pyenv/versions/3.11.1/lib/python3.11/site-packages/uvicorn/protocols/http/httptools_impl.py", line 426, in run_asgi
    result = await app(  # type: ignore[func-returns-value]
             ^^^^^^^^^^^^^^^^^^^^^^^^^^^^^^^^^^^^^^^^^^^^^^
  File "/root/.pyenv/versions/3.11.1/lib/python3.11/site-packages/uvicorn/middleware/proxy_headers.py", line 84, in __call__
    return await self.app(scope, receive, send)
           ^^^^^^^^^^^^^^^^^^^^^^^^^^^^^^^^^^^^
  File "/root/.pyenv/versions/3.11.1/lib/python3.11/site-packages/fastapi/applications.py", line 1106, in __call__
    await super().__call__(scope, receive, send)
  File "/root/.pyenv/versions/3.11.1/lib/python3.11/site-packages/starlette/applications.py", line 122, in __call__
    await self.middleware_stack(scope, receive, send)
  File "/root/.pyenv/versions/3.11.1/lib/python3.11/site-packages/starlette/middleware/errors.py", line 184, in __call__
    raise exc
  File "/root/.pyenv/versions/3.11.1/lib/python3.11/site-packages/starlette/middleware/errors.py", line 162, in __call__
    await self.app(scope, receive, _send)
  File "/root/.pyenv/versions/3.11.1/lib/python3.11/site-packages/starlette/middleware/cors.py", line 83, in __call__
    await self.app(scope, receive, send)
  File "/root/.pyenv/versions/3.11.1/lib/python3.11/site-packages/starlette/middleware/exceptions.py", line 79, in __call__
    raise exc
  File "/root/.pyenv/versions/3.11.1/lib/python3.11/site-packages/starlette/middleware/exceptions.py", line 68, in __call__
    await self.app(scope, receive, sender)
  File "/root/.pyenv/versions/3.11.1/lib/python3.11/contextlib.py", line 222, in __aexit__
    await self.gen.athrow(typ, value, traceback)
  File "/root/.pyenv/versions/3.11.1/lib/python3.11/site-packages/fastapi/concurrency.py", line 36, in contextmanager_in_threadpool
    raise e
sqlalchemy.exc.OperationalError: (sqlite3.OperationalError) no such column: shift_types.time_segments
[SQL: SELECT shift_types.id AS shift_types_id, shift_types.shift_name AS shift_types_shift_name, shift_types.time_segments AS shift_types_time_segments, shift_types.work_hours AS shift_types_work_hours, shift_types.color AS shift_types_color, shift_types.is_night AS shift_types_is_night, shift_types.is_active AS shift_types_is_active, shift_types.created_at AS shift_types_created_at 
FROM shift_types 
WHERE shift_types.id = ?
 LIMIT ? OFFSET ?]
[parameters: (4, 1, 0)]
(Background on this error at: https://sqlalche.me/e/20/e3q8)
INFO:     192.168.65.129:0 - "GET /api/shift-types HTTP/1.1" 500 Internal Server Error
ERROR:    Exception in ASGI application
Traceback (most recent call last):
  File "/root/.pyenv/versions/3.11.1/lib/python3.11/site-packages/sqlalchemy/engine/base.py", line 1969, in _exec_single_context
    self.dialect.do_execute(
  File "/root/.pyenv/versions/3.11.1/lib/python3.11/site-packages/sqlalchemy/engine/default.py", line 922, in do_execute
    cursor.execute(statement, parameters)
sqlite3.OperationalError: no such column: shift_types.time_segments

The above exception was the direct cause of the following exception:

Traceback (most recent call last):
  File "/root/.pyenv/versions/3.11.1/lib/python3.11/site-packages/uvicorn/protocols/http/httptools_impl.py", line 426, in run_asgi
    result = await app(  # type: ignore[func-returns-value]
             ^^^^^^^^^^^^^^^^^^^^^^^^^^^^^^^^^^^^^^^^^^^^^^
  File "/root/.pyenv/versions/3.11.1/lib/python3.11/site-packages/uvicorn/middleware/proxy_headers.py", line 84, in __call__
    return await self.app(scope, receive, send)
           ^^^^^^^^^^^^^^^^^^^^^^^^^^^^^^^^^^^^
  File "/root/.pyenv/versions/3.11.1/lib/python3.11/site-packages/fastapi/applications.py", line 1106, in __call__
    await super().__call__(scope, receive, send)
  File "/root/.pyenv/versions/3.11.1/lib/python3.11/site-packages/starlette/applications.py", line 122, in __call__
    await self.middleware_stack(scope, receive, send)
  File "/root/.pyenv/versions/3.11.1/lib/python3.11/site-packages/starlette/middleware/errors.py", line 184, in __call__
    raise exc
  File "/root/.pyenv/versions/3.11.1/lib/python3.11/site-packages/starlette/middleware/errors.py", line 162, in __call__
    await self.app(scope, receive, _send)
  File "/root/.pyenv/versions/3.11.1/lib/python3.11/site-packages/starlette/middleware/cors.py", line 83, in __call__
    await self.app(scope, receive, send)
  File "/root/.pyenv/versions/3.11.1/lib/python3.11/site-packages/starlette/middleware/exceptions.py", line 79, in __call__
    raise exc
  File "/root/.pyenv/versions/3.11.1/lib/python3.11/site-packages/starlette/middleware/exceptions.py", line 68, in __call__
    await self.app(scope, receive, sender)
  File "/root/.pyenv/versions/3.11.1/lib/python3.11/contextlib.py", line 222, in __aexit__
    await self.gen.athrow(typ, value, traceback)
  File "/root/.pyenv/versions/3.11.1/lib/python3.11/site-packages/fastapi/concurrency.py", line 36, in contextmanager_in_threadpool
    raise e
sqlalchemy.exc.OperationalError: (sqlite3.OperationalError) no such column: shift_types.time_segments
[SQL: SELECT shift_types.id AS shift_types_id, shift_types.shift_name AS shift_types_shift_name, shift_types.time_segments AS shift_types_time_segments, shift_types.work_hours AS shift_types_work_hours, shift_types.color AS shift_types_color, shift_types.is_night AS shift_types_is_night, shift_types.is_active AS shift_types_is_active, shift_types.created_at AS shift_types_created_at 
FROM shift_types 
WHERE shift_types.is_active = 1]
(Background on this error at: https://sqlalche.me/e/20/e3q8)
INFO:     10.3.5.15:0 - "GET /api/employees?limit=1000 HTTP/1.1" 422 Unprocessable Entity
INFO:     10.3.5.7:0 - "GET /api/employees?page=1&limit=20&search=&team=&dept= HTTP/1.1" 200 OK
INFO:     10.3.5.15:0 - "GET /api/employees/teams HTTP/1.1" 200 OK
INFO:     192.168.65.193:0 - "GET /api/employees/departments HTTP/1.1" 200 OK
INFO:     192.168.65.129:0 - "GET /api/employees?page=1&limit=20&search=&team=%E4%B8%80%E7%8F%AD1%E7%BB%84&dept= HTTP/1.1" 200 OK
INFO:     192.168.65.193:0 - "GET /api/shift-types HTTP/1.1" 500 Internal Server Error
ERROR:    Exception in ASGI application
Traceback (most recent call last):
  File "/root/.pyenv/versions/3.11.1/lib/python3.11/site-packages/sqlalchemy/engine/base.py", line 1969, in _exec_single_context
    self.dialect.do_execute(
  File "/root/.pyenv/versions/3.11.1/lib/python3.11/site-packages/sqlalchemy/engine/default.py", line 922, in do_execute
    cursor.execute(statement, parameters)
sqlite3.OperationalError: no such column: shift_types.time_segments

The above exception was the direct cause of the following exception:

Traceback (most recent call last):
  File "/root/.pyenv/versions/3.11.1/lib/python3.11/site-packages/uvicorn/protocols/http/httptools_impl.py", line 426, in run_asgi
    result = await app(  # type: ignore[func-returns-value]
             ^^^^^^^^^^^^^^^^^^^^^^^^^^^^^^^^^^^^^^^^^^^^^^
  File "/root/.pyenv/versions/3.11.1/lib/python3.11/site-packages/uvicorn/middleware/proxy_headers.py", line 84, in __call__
    return await self.app(scope, receive, send)
           ^^^^^^^^^^^^^^^^^^^^^^^^^^^^^^^^^^^^
  File "/root/.pyenv/versions/3.11.1/lib/python3.11/site-packages/fastapi/applications.py", line 1106, in __call__
    await super().__call__(scope, receive, send)
  File "/root/.pyenv/versions/3.11.1/lib/python3.11/site-packages/starlette/applications.py", line 122, in __call__
    await self.middleware_stack(scope, receive, send)
  File "/root/.pyenv/versions/3.11.1/lib/python3.11/site-packages/starlette/middleware/errors.py", line 184, in __call__
    raise exc
  File "/root/.pyenv/versions/3.11.1/lib/python3.11/site-packages/starlette/middleware/errors.py", line 162, in __call__
    await self.app(scope, receive, _send)
  File "/root/.pyenv/versions/3.11.1/lib/python3.11/site-packages/starlette/middleware/cors.py", line 83, in __call__
    await self.app(scope, receive, send)
  File "/root/.pyenv/versions/3.11.1/lib/python3.11/site-packages/starlette/middleware/exceptions.py", line 79, in __call__
    raise exc
  File "/root/.pyenv/versions/3.11.1/lib/python3.11/site-packages/starlette/middleware/exceptions.py", line 68, in __call__
    await self.app(scope, receive, sender)
  File "/root/.pyenv/versions/3.11.1/lib/python3.11/contextlib.py", line 222, in __aexit__
    await self.gen.athrow(typ, value, traceback)
  File "/root/.pyenv/versions/3.11.1/lib/python3.11/site-packages/fastapi/concurrency.py", line 36, in contextmanager_in_threadpool
    raise e
sqlalchemy.exc.OperationalError: (sqlite3.OperationalError) no such column: shift_types.time_segments
[SQL: SELECT shift_types.id AS shift_types_id, shift_types.shift_name AS shift_types_shift_name, shift_types.time_segments AS shift_types_time_segments, shift_types.work_hours AS shift_types_work_hours, shift_types.color AS shift_types_color, shift_types.is_night AS shift_types_is_night, shift_types.is_active AS shift_types_is_active, shift_types.created_at AS shift_types_created_at 
FROM shift_types 
WHERE shift_types.is_active = 1]
(Background on this error at: https://sqlalche.me/e/20/e3q8)
INFO:     10.3.5.7:0 - "GET /api/employees/teams HTTP/1.1" 200 OK
INFO:     192.168.65.129:0 - "GET /api/checkins/report?date=2026-04-28 HTTP/1.1" 200 OK
INFO:     192.168.65.193:0 - "GET /api/shift-types HTTP/1.1" 500 Internal Server Error
ERROR:    Exception in ASGI application
Traceback (most recent call last):
  File "/root/.pyenv/versions/3.11.1/lib/python3.11/site-packages/sqlalchemy/engine/base.py", line 1969, in _exec_single_context
    self.dialect.do_execute(
  File "/root/.pyenv/versions/3.11.1/lib/python3.11/site-packages/sqlalchemy/engine/default.py", line 922, in do_execute
    cursor.execute(statement, parameters)
sqlite3.OperationalError: no such column: shift_types.time_segments

The above exception was the direct cause of the following exception:

Traceback (most recent call last):
  File "/root/.pyenv/versions/3.11.1/lib/python3.11/site-packages/uvicorn/protocols/http/httptools_impl.py", line 426, in run_asgi
    result = await app(  # type: ignore[func-returns-value]
             ^^^^^^^^^^^^^^^^^^^^^^^^^^^^^^^^^^^^^^^^^^^^^^
  File "/root/.pyenv/versions/3.11.1/lib/python3.11/site-packages/uvicorn/middleware/proxy_headers.py", line 84, in __call__
    return await self.app(scope, receive, send)
           ^^^^^^^^^^^^^^^^^^^^^^^^^^^^^^^^^^^^
  File "/root/.pyenv/versions/3.11.1/lib/python3.11/site-packages/fastapi/applications.py", line 1106, in __call__
    await super().__call__(scope, receive, send)
  File "/root/.pyenv/versions/3.11.1/lib/python3.11/site-packages/starlette/applications.py", line 122, in __call__
    await self.middleware_stack(scope, receive, send)
  File "/root/.pyenv/versions/3.11.1/lib/python3.11/site-packages/starlette/middleware/errors.py", line 184, in __call__
    raise exc
  File "/root/.pyenv/versions/3.11.1/lib/python3.11/site-packages/starlette/middleware/errors.py", line 162, in __call__
    await self.app(scope, receive, _send)
  File "/root/.pyenv/versions/3.11.1/lib/python3.11/site-packages/starlette/middleware/cors.py", line 83, in __call__
    await self.app(scope, receive, send)
  File "/root/.pyenv/versions/3.11.1/lib/python3.11/site-packages/starlette/middleware/exceptions.py", line 79, in __call__
    raise exc
  File "/root/.pyenv/versions/3.11.1/lib/python3.11/site-packages/starlette/middleware/exceptions.py", line 68, in __call__
    await self.app(scope, receive, sender)
  File "/root/.pyenv/versions/3.11.1/lib/python3.11/contextlib.py", line 222, in __aexit__
    await self.gen.athrow(typ, value, traceback)
  File "/root/.pyenv/versions/3.11.1/lib/python3.11/site-packages/fastapi/concurrency.py", line 36, in contextmanager_in_threadpool
    raise e
sqlalchemy.exc.OperationalError: (sqlite3.OperationalError) no such column: shift_types.time_segments
[SQL: SELECT shift_types.id AS shift_types_id, shift_types.shift_name AS shift_types_shift_name, shift_types.time_segments AS shift_types_time_segments, shift_types.work_hours AS shift_types_work_hours, shift_types.color AS shift_types_color, shift_types.is_night AS shift_types_is_night, shift_types.is_active AS shift_types_is_active, shift_types.created_at AS shift_types_created_at 
FROM shift_types 
WHERE shift_types.is_active = 1]
(Background on this error at: https://sqlalche.me/e/20/e3q8)
INFO:     10.3.5.15:0 - "DELETE /api/clear-data?tables=employees,schedules,checkins,daily_reports HTTP/1.1" 200 OK
INFO:     192.168.65.129:0 - "GET /api/logs?operation=&page=1&limit=20 HTTP/1.1" 200 OK
INFO:     192.168.65.193:0 - "GET /api/employees/departments HTTP/1.1" 200 OK
INFO:     10.3.5.7:0 - "GET /api/employees/teams HTTP/1.1" 200 OK
INFO:     192.168.65.193:0 - "GET /api/reports/daily?schedule_date=2026-04-28&dept=&team=&status=&date=2026-04-28 HTTP/1.1" 200 OK
INFO:     10.3.5.15:0 - "GET /api/checkins/report?date=2026-04-28 HTTP/1.1" 200 OK
INFO:     192.168.65.129:0 - "GET /api/employees/teams HTTP/1.1" 200 OK
INFO:     192.168.65.193:0 - "GET /api/checkins?page=1&limit=20 HTTP/1.1" 200 OK
INFO:     10.3.5.7:0 - "GET /api/shift-types HTTP/1.1" 500 Internal Server Error
ERROR:    Exception in ASGI application
Traceback (most recent call last):
  File "/root/.pyenv/versions/3.11.1/lib/python3.11/site-packages/sqlalchemy/engine/base.py", line 1969, in _exec_single_context
    self.dialect.do_execute(
  File "/root/.pyenv/versions/3.11.1/lib/python3.11/site-packages/sqlalchemy/engine/default.py", line 922, in do_execute
    cursor.execute(statement, parameters)
sqlite3.OperationalError: no such column: shift_types.time_segments

The above exception was the direct cause of the following exception:

Traceback (most recent call last):
  File "/root/.pyenv/versions/3.11.1/lib/python3.11/site-packages/uvicorn/protocols/http/httptools_impl.py", line 426, in run_asgi
    result = await app(  # type: ignore[func-returns-value]
             ^^^^^^^^^^^^^^^^^^^^^^^^^^^^^^^^^^^^^^^^^^^^^^
  File "/root/.pyenv/versions/3.11.1/lib/python3.11/site-packages/uvicorn/middleware/proxy_headers.py", line 84, in __call__
    return await self.app(scope, receive, send)
           ^^^^^^^^^^^^^^^^^^^^^^^^^^^^^^^^^^^^
  File "/root/.pyenv/versions/3.11.1/lib/python3.11/site-packages/fastapi/applications.py", line 1106, in __call__
    await super().__call__(scope, receive, send)
  File "/root/.pyenv/versions/3.11.1/lib/python3.11/site-packages/starlette/applications.py", line 122, in __call__
    await self.middleware_stack(scope, receive, send)
  File "/root/.pyenv/versions/3.11.1/lib/python3.11/site-packages/starlette/middleware/errors.py", line 184, in __call__
    raise exc
  File "/root/.pyenv/versions/3.11.1/lib/python3.11/site-packages/starlette/middleware/errors.py", line 162, in __call__
    await self.app(scope, receive, _send)
  File "/root/.pyenv/versions/3.11.1/lib/python3.11/site-packages/starlette/middleware/cors.py", line 83, in __call__
    await self.app(scope, receive, send)
  File "/root/.pyenv/versions/3.11.1/lib/python3.11/site-packages/starlette/middleware/exceptions.py", line 79, in __call__
    raise exc
  File "/root/.pyenv/versions/3.11.1/lib/python3.11/site-packages/starlette/middleware/exceptions.py", line 68, in __call__
    await self.app(scope, receive, sender)
  File "/root/.pyenv/versions/3.11.1/lib/python3.11/contextlib.py", line 222, in __aexit__
    await self.gen.athrow(typ, value, traceback)
  File "/root/.pyenv/versions/3.11.1/lib/python3.11/site-packages/fastapi/concurrency.py", line 36, in contextmanager_in_threadpool
    raise e
sqlalchemy.exc.OperationalError: (sqlite3.OperationalError) no such column: shift_types.time_segments
[SQL: SELECT shift_types.id AS shift_types_id, shift_types.shift_name AS shift_types_shift_name, shift_types.time_segments AS shift_types_time_segments, shift_types.work_hours AS shift_types_work_hours, shift_types.color AS shift_types_color, shift_types.is_night AS shift_types_is_night, shift_types.is_active AS shift_types_is_active, shift_types.created_at AS shift_types_created_at 
FROM shift_types 
WHERE shift_types.is_active = 1]
(Background on this error at: https://sqlalche.me/e/20/e3q8)
INFO:     192.168.65.129:0 - "GET /api/schedules?date=&team= HTTP/1.1" 200 OK
INFO:     10.3.5.15:0 - "GET /api/employees?limit=1000 HTTP/1.1" 422 Unprocessable Entity
INFO:     192.168.65.129:0 - "GET /api/employees/teams HTTP/1.1" 200 OK
INFO:     192.168.65.193:0 - "GET /api/employees?page=1&limit=20&search=&team=&dept= HTTP/1.1" 200 OK
INFO:     192.168.65.193:0 - "GET /api/employees/teams HTTP/1.1" 200 OK
INFO:     10.3.5.15:0 - "GET /api/employees/departments HTTP/1.1" 200 OK
INFO:     192.168.65.129:0 - "GET /api/stats HTTP/1.1" 200 OK
INFO:     10.3.5.7:0 - "GET /api/api/teams HTTP/1.1" 404 Not Found
INFO:     192.168.65.193:0 - "GET /api/api/departments HTTP/1.1" 404 Not Found
INFO:     10.3.5.15:0 - "GET /api/reports/team-ranking?year_month=2026-04 HTTP/1.1" 200 OK
INFO:     192.168.65.129:0 - "GET /api/reports/daily?schedule_date=2026-04-28 HTTP/1.1" 200 OK
INFO:     192.168.65.193:0 - "GET /api/employees?limit=1000 HTTP/1.1" 422 Unprocessable Entity
INFO:     10.3.5.15:0 - "GET /api/schedules?date=&team= HTTP/1.1" 200 OK
INFO:     192.168.65.129:0 - "GET /api/employees/teams HTTP/1.1" 200 OK
INFO:     10.3.5.15:0 - "GET /api/shift-types HTTP/1.1" 500 Internal Server Error
ERROR:    Exception in ASGI application
Traceback (most recent call last):
  File "/root/.pyenv/versions/3.11.1/lib/python3.11/site-packages/sqlalchemy/engine/base.py", line 1969, in _exec_single_context
    self.dialect.do_execute(
  File "/root/.pyenv/versions/3.11.1/lib/python3.11/site-packages/sqlalchemy/engine/default.py", line 922, in do_execute
    cursor.execute(statement, parameters)
sqlite3.OperationalError: no such column: shift_types.time_segments

The above exception was the direct cause of the following exception:

Traceback (most recent call last):
  File "/root/.pyenv/versions/3.11.1/lib/python3.11/site-packages/uvicorn/protocols/http/httptools_impl.py", line 426, in run_asgi
    result = await app(  # type: ignore[func-returns-value]
             ^^^^^^^^^^^^^^^^^^^^^^^^^^^^^^^^^^^^^^^^^^^^^^
  File "/root/.pyenv/versions/3.11.1/lib/python3.11/site-packages/uvicorn/middleware/proxy_headers.py", line 84, in __call__
    return await self.app(scope, receive, send)
           ^^^^^^^^^^^^^^^^^^^^^^^^^^^^^^^^^^^^
  File "/root/.pyenv/versions/3.11.1/lib/python3.11/site-packages/fastapi/applications.py", line 1106, in __call__
    await super().__call__(scope, receive, send)
  File "/root/.pyenv/versions/3.11.1/lib/python3.11/site-packages/starlette/applications.py", line 122, in __call__
    await self.middleware_stack(scope, receive, send)
  File "/root/.pyenv/versions/3.11.1/lib/python3.11/site-packages/starlette/middleware/errors.py", line 184, in __call__
    raise exc
  File "/root/.pyenv/versions/3.11.1/lib/python3.11/site-packages/starlette/middleware/errors.py", line 162, in __call__
    await self.app(scope, receive, _send)
  File "/root/.pyenv/versions/3.11.1/lib/python3.11/site-packages/starlette/middleware/cors.py", line 83, in __call__
    await self.app(scope, receive, send)
  File "/root/.pyenv/versions/3.11.1/lib/python3.11/site-packages/starlette/middleware/exceptions.py", line 79, in __call__
    raise exc
  File "/root/.pyenv/versions/3.11.1/lib/python3.11/site-packages/starlette/middleware/exceptions.py", line 68, in __call__
    await self.app(scope, receive, sender)
  File "/root/.pyenv/versions/3.11.1/lib/python3.11/contextlib.py", line 222, in __aexit__
    await self.gen.athrow(typ, value, traceback)
  File "/root/.pyenv/versions/3.11.1/lib/python3.11/site-packages/fastapi/concurrency.py", line 36, in contextmanager_in_threadpool
    raise e
sqlalchemy.exc.OperationalError: (sqlite3.OperationalError) no such column: shift_types.time_segments
[SQL: SELECT shift_types.id AS shift_types_id, shift_types.shift_name AS shift_types_shift_name, shift_types.time_segments AS shift_types_time_segments, shift_types.work_hours AS shift_types_work_hours, shift_types.color AS shift_types_color, shift_types.is_night AS shift_types_is_night, shift_types.is_active AS shift_types_is_active, shift_types.created_at AS shift_types_created_at 
FROM shift_types 
WHERE shift_types.is_active = 1]
(Background on this error at: https://sqlalche.me/e/20/e3q8)
INFO:     192.168.65.129:0 - "GET /api/employees/teams HTTP/1.1" 200 OK
INFO:     192.168.65.193:0 - "GET /api/employees?page=1&limit=20&search=&team=&dept= HTTP/1.1" 200 OK
INFO:     10.3.5.7:0 - "GET /api/employees/departments HTTP/1.1" 200 OK
INFO:     192.168.65.193:0 - "GET /api/schedules?date=&team= HTTP/1.1" 200 OK
INFO:     10.3.5.7:0 - "GET /api/employees?limit=1000 HTTP/1.1" 422 Unprocessable Entity
INFO:     192.168.65.193:0 - "GET /api/employees/teams HTTP/1.1" 200 OK
INFO:     192.168.65.129:0 - "GET /api/shift-types HTTP/1.1" 500 Internal Server Error
ERROR:    Exception in ASGI application
Traceback (most recent call last):
  File "/root/.pyenv/versions/3.11.1/lib/python3.11/site-packages/sqlalchemy/engine/base.py", line 1969, in _exec_single_context
    self.dialect.do_execute(
  File "/root/.pyenv/versions/3.11.1/lib/python3.11/site-packages/sqlalchemy/engine/default.py", line 922, in do_execute
    cursor.execute(statement, parameters)
sqlite3.OperationalError: no such column: shift_types.time_segments

The above exception was the direct cause of the following exception:

Traceback (most recent call last):
  File "/root/.pyenv/versions/3.11.1/lib/python3.11/site-packages/uvicorn/protocols/http/httptools_impl.py", line 426, in run_asgi
    result = await app(  # type: ignore[func-returns-value]
             ^^^^^^^^^^^^^^^^^^^^^^^^^^^^^^^^^^^^^^^^^^^^^^
  File "/root/.pyenv/versions/3.11.1/lib/python3.11/site-packages/uvicorn/middleware/proxy_headers.py", line 84, in __call__
    return await self.app(scope, receive, send)
           ^^^^^^^^^^^^^^^^^^^^^^^^^^^^^^^^^^^^
  File "/root/.pyenv/versions/3.11.1/lib/python3.11/site-packages/fastapi/applications.py", line 1106, in __call__
    await super().__call__(scope, receive, send)
  File "/root/.pyenv/versions/3.11.1/lib/python3.11/site-packages/starlette/applications.py", line 122, in __call__
    await self.middleware_stack(scope, receive, send)
  File "/root/.pyenv/versions/3.11.1/lib/python3.11/site-packages/starlette/middleware/errors.py", line 184, in __call__
    raise exc
  File "/root/.pyenv/versions/3.11.1/lib/python3.11/site-packages/starlette/middleware/errors.py", line 162, in __call__
    await self.app(scope, receive, _send)
  File "/root/.pyenv/versions/3.11.1/lib/python3.11/site-packages/starlette/middleware/cors.py", line 83, in __call__
    await self.app(scope, receive, send)
  File "/root/.pyenv/versions/3.11.1/lib/python3.11/site-packages/starlette/middleware/exceptions.py", line 79, in __call__
    raise exc
  File "/root/.pyenv/versions/3.11.1/lib/python3.11/site-packages/starlette/middleware/exceptions.py", line 68, in __call__
    await self.app(scope, receive, sender)
  File "/root/.pyenv/versions/3.11.1/lib/python3.11/contextlib.py", line 222, in __aexit__
    await self.gen.athrow(typ, value, traceback)
  File "/root/.pyenv/versions/3.11.1/lib/python3.11/site-packages/fastapi/concurrency.py", line 36, in contextmanager_in_threadpool
    raise e
sqlalchemy.exc.OperationalError: (sqlite3.OperationalError) no such column: shift_types.time_segments
[SQL: SELECT shift_types.id AS shift_types_id, shift_types.shift_name AS shift_types_shift_name, shift_types.time_segments AS shift_types_time_segments, shift_types.work_hours AS shift_types_work_hours, shift_types.color AS shift_types_color, shift_types.is_night AS shift_types_is_night, shift_types.is_active AS shift_types_is_active, shift_types.created_at AS shift_types_created_at 
FROM shift_types 
WHERE shift_types.is_active = 1]
(Background on this error at: https://sqlalche.me/e/20/e3q8)
INFO:     192.168.65.129:0 - "POST /api/schedules/import HTTP/1.1" 500 Internal Server Error
ERROR:    Exception in ASGI application
Traceback (most recent call last):
  File "/root/.pyenv/versions/3.11.1/lib/python3.11/site-packages/sqlalchemy/engine/base.py", line 1969, in _exec_single_context
    self.dialect.do_execute(
  File "/root/.pyenv/versions/3.11.1/lib/python3.11/site-packages/sqlalchemy/engine/default.py", line 922, in do_execute
    cursor.execute(statement, parameters)
sqlite3.OperationalError: no such column: shift_types.time_segments

The above exception was the direct cause of the following exception:

Traceback (most recent call last):
  File "/root/.pyenv/versions/3.11.1/lib/python3.11/site-packages/uvicorn/protocols/http/httptools_impl.py", line 426, in run_asgi
    result = await app(  # type: ignore[func-returns-value]
             ^^^^^^^^^^^^^^^^^^^^^^^^^^^^^^^^^^^^^^^^^^^^^^
  File "/root/.pyenv/versions/3.11.1/lib/python3.11/site-packages/uvicorn/middleware/proxy_headers.py", line 84, in __call__
    return await self.app(scope, receive, send)
           ^^^^^^^^^^^^^^^^^^^^^^^^^^^^^^^^^^^^
  File "/root/.pyenv/versions/3.11.1/lib/python3.11/site-packages/fastapi/applications.py", line 1106, in __call__
    await super().__call__(scope, receive, send)
  File "/root/.pyenv/versions/3.11.1/lib/python3.11/site-packages/starlette/applications.py", line 122, in __call__
    await self.middleware_stack(scope, receive, send)
  File "/root/.pyenv/versions/3.11.1/lib/python3.11/site-packages/starlette/middleware/errors.py", line 184, in __call__
    raise exc
  File "/root/.pyenv/versions/3.11.1/lib/python3.11/site-packages/starlette/middleware/errors.py", line 162, in __call__
    await self.app(scope, receive, _send)
  File "/root/.pyenv/versions/3.11.1/lib/python3.11/site-packages/starlette/middleware/cors.py", line 91, in __call__
    await self.simple_response(scope, receive, send, request_headers=headers)
  File "/root/.pyenv/versions/3.11.1/lib/python3.11/site-packages/starlette/middleware/cors.py", line 146, in simple_response
    await self.app(scope, receive, send)
  File "/root/.pyenv/versions/3.11.1/lib/python3.11/site-packages/starlette/middleware/exceptions.py", line 79, in __call__
    raise exc
  File "/root/.pyenv/versions/3.11.1/lib/python3.11/site-packages/starlette/middleware/exceptions.py", line 68, in __call__
    await self.app(scope, receive, sender)
  File "/root/.pyenv/versions/3.11.1/lib/python3.11/contextlib.py", line 222, in __aexit__
    await self.gen.athrow(typ, value, traceback)
  File "/root/.pyenv/versions/3.11.1/lib/python3.11/site-packages/fastapi/concurrency.py", line 36, in contextmanager_in_threadpool
    raise e
sqlalchemy.exc.OperationalError: (sqlite3.OperationalError) no such column: shift_types.time_segments
[SQL: SELECT shift_types.id AS shift_types_id, shift_types.shift_name AS shift_types_shift_name, shift_types.time_segments AS shift_types_time_segments, shift_types.work_hours AS shift_types_work_hours, shift_types.color AS shift_types_color, shift_types.is_night AS shift_types_is_night, shift_types.is_active AS shift_types_is_active, shift_types.created_at AS shift_types_created_at 
FROM shift_types 
WHERE shift_types.shift_name = ?
 LIMIT ? OFFSET ?]
[parameters: ('中班', 1, 0)]
(Background on this error at: https://sqlalche.me/e/20/e3q8)
INFO:     192.168.65.193:0 - "GET /api/employees?page=1&limit=20&search=&team=&dept= HTTP/1.1" 200 OK
INFO:     192.168.65.129:0 - "GET /api/employees/departments HTTP/1.1" 200 OK
INFO:     10.3.5.7:0 - "GET /api/employees/teams HTTP/1.1" 200 OK
INFO:     10.3.5.15:0 - "GET /api/shift-types HTTP/1.1" 500 Internal Server Error
ERROR:    Exception in ASGI application
Traceback (most recent call last):
  File "/root/.pyenv/versions/3.11.1/lib/python3.11/site-packages/sqlalchemy/engine/base.py", line 1969, in _exec_single_context
    self.dialect.do_execute(
  File "/root/.pyenv/versions/3.11.1/lib/python3.11/site-packages/sqlalchemy/engine/default.py", line 922, in do_execute
    cursor.execute(statement, parameters)
sqlite3.OperationalError: no such column: shift_types.time_segments

The above exception was the direct cause of the following exception:

Traceback (most recent call last):
  File "/root/.pyenv/versions/3.11.1/lib/python3.11/site-packages/uvicorn/protocols/http/httptools_impl.py", line 426, in run_asgi
    result = await app(  # type: ignore[func-returns-value]
             ^^^^^^^^^^^^^^^^^^^^^^^^^^^^^^^^^^^^^^^^^^^^^^
  File "/root/.pyenv/versions/3.11.1/lib/python3.11/site-packages/uvicorn/middleware/proxy_headers.py", line 84, in __call__
    return await self.app(scope, receive, send)
           ^^^^^^^^^^^^^^^^^^^^^^^^^^^^^^^^^^^^
  File "/root/.pyenv/versions/3.11.1/lib/python3.11/site-packages/fastapi/applications.py", line 1106, in __call__
    await super().__call__(scope, receive, send)
  File "/root/.pyenv/versions/3.11.1/lib/python3.11/site-packages/starlette/applications.py", line 122, in __call__
    await self.middleware_stack(scope, receive, send)
  File "/root/.pyenv/versions/3.11.1/lib/python3.11/site-packages/starlette/middleware/errors.py", line 184, in __call__
    raise exc
  File "/root/.pyenv/versions/3.11.1/lib/python3.11/site-packages/starlette/middleware/errors.py", line 162, in __call__
    await self.app(scope, receive, _send)
  File "/root/.pyenv/versions/3.11.1/lib/python3.11/site-packages/starlette/middleware/cors.py", line 83, in __call__
    await self.app(scope, receive, send)
  File "/root/.pyenv/versions/3.11.1/lib/python3.11/site-packages/starlette/middleware/exceptions.py", line 79, in __call__
    raise exc
  File "/root/.pyenv/versions/3.11.1/lib/python3.11/site-packages/starlette/middleware/exceptions.py", line 68, in __call__
    await self.app(scope, receive, sender)
  File "/root/.pyenv/versions/3.11.1/lib/python3.11/contextlib.py", line 222, in __aexit__
    await self.gen.athrow(typ, value, traceback)
  File "/root/.pyenv/versions/3.11.1/lib/python3.11/site-packages/fastapi/concurrency.py", line 36, in contextmanager_in_threadpool
    raise e
sqlalchemy.exc.OperationalError: (sqlite3.OperationalError) no such column: shift_types.time_segments
[SQL: SELECT shift_types.id AS shift_types_id, shift_types.shift_name AS shift_types_shift_name, shift_types.time_segments AS shift_types_time_segments, shift_types.work_hours AS shift_types_work_hours, shift_types.color AS shift_types_color, shift_types.is_night AS shift_types_is_night, shift_types.is_active AS shift_types_is_active, shift_types.created_at AS shift_types_created_at 
FROM shift_types 
WHERE shift_types.is_active = 1]
(Background on this error at: https://sqlalche.me/e/20/e3q8)
INFO:     192.168.65.193:0 - "GET /api/employees?limit=1000 HTTP/1.1" 422 Unprocessable Entity
INFO:     10.3.5.7:0 - "GET /api/employees/teams HTTP/1.1" 200 OK
INFO:     192.168.65.129:0 - "GET /api/schedules?date=&team= HTTP/1.1" 200 OK
INFO:     10.3.5.15:0 - "GET /api/employees/departments HTTP/1.1" 200 OK
INFO:     10.3.5.7:0 - "GET /api/employees/teams HTTP/1.1" 200 OK
INFO:     192.168.65.129:0 - "GET /api/employees?page=1&limit=20&search=&team=&dept= HTTP/1.1" 200 OK
INFO:     10.3.5.7:0 - "POST /api/employees/import HTTP/1.1" 400 Bad Request
INFO:     192.168.65.193:0 - "GET /api/employees?limit=1000 HTTP/1.1" 422 Unprocessable Entity
INFO:     10.3.5.15:0 - "GET /api/shift-types HTTP/1.1" 500 Internal Server Error
ERROR:    Exception in ASGI application
Traceback (most recent call last):
  File "/root/.pyenv/versions/3.11.1/lib/python3.11/site-packages/sqlalchemy/engine/base.py", line 1969, in _exec_single_context
    self.dialect.do_execute(
  File "/root/.pyenv/versions/3.11.1/lib/python3.11/site-packages/sqlalchemy/engine/default.py", line 922, in do_execute
    cursor.execute(statement, parameters)
sqlite3.OperationalError: no such column: shift_types.time_segments

The above exception was the direct cause of the following exception:

Traceback (most recent call last):
  File "/root/.pyenv/versions/3.11.1/lib/python3.11/site-packages/uvicorn/protocols/http/httptools_impl.py", line 426, in run_asgi
    result = await app(  # type: ignore[func-returns-value]
             ^^^^^^^^^^^^^^^^^^^^^^^^^^^^^^^^^^^^^^^^^^^^^^
  File "/root/.pyenv/versions/3.11.1/lib/python3.11/site-packages/uvicorn/middleware/proxy_headers.py", line 84, in __call__
    return await self.app(scope, receive, send)
           ^^^^^^^^^^^^^^^^^^^^^^^^^^^^^^^^^^^^
  File "/root/.pyenv/versions/3.11.1/lib/python3.11/site-packages/fastapi/applications.py", line 1106, in __call__
    await super().__call__(scope, receive, send)
  File "/root/.pyenv/versions/3.11.1/lib/python3.11/site-packages/starlette/applications.py", line 122, in __call__
    await self.middleware_stack(scope, receive, send)
  File "/root/.pyenv/versions/3.11.1/lib/python3.11/site-packages/starlette/middleware/errors.py", line 184, in __call__
    raise exc
  File "/root/.pyenv/versions/3.11.1/lib/python3.11/site-packages/starlette/middleware/errors.py", line 162, in __call__
    await self.app(scope, receive, _send)
  File "/root/.pyenv/versions/3.11.1/lib/python3.11/site-packages/starlette/middleware/cors.py", line 83, in __call__
    await self.app(scope, receive, send)
  File "/root/.pyenv/versions/3.11.1/lib/python3.11/site-packages/starlette/middleware/exceptions.py", line 79, in __call__
    raise exc
  File "/root/.pyenv/versions/3.11.1/lib/python3.11/site-packages/starlette/middleware/exceptions.py", line 68, in __call__
    await self.app(scope, receive, sender)
  File "/root/.pyenv/versions/3.11.1/lib/python3.11/contextlib.py", line 222, in __aexit__
    await self.gen.athrow(typ, value, traceback)
  File "/root/.pyenv/versions/3.11.1/lib/python3.11/site-packages/fastapi/concurrency.py", line 36, in contextmanager_in_threadpool
    raise e
sqlalchemy.exc.OperationalError: (sqlite3.OperationalError) no such column: shift_types.time_segments
[SQL: SELECT shift_types.id AS shift_types_id, shift_types.shift_name AS shift_types_shift_name, shift_types.time_segments AS shift_types_time_segments, shift_types.work_hours AS shift_types_work_hours, shift_types.color AS shift_types_color, shift_types.is_night AS shift_types_is_night, shift_types.is_active AS shift_types_is_active, shift_types.created_at AS shift_types_created_at 
FROM shift_types 
WHERE shift_types.is_active = 1]
(Background on this error at: https://sqlalche.me/e/20/e3q8)
INFO:     192.168.65.129:0 - "GET /api/schedules?date=&team= HTTP/1.1" 200 OK
INFO:     192.168.65.193:0 - "GET /api/employees/teams HTTP/1.1" 200 OK
INFO:     10.3.5.15:0 - "POST /api/schedules/import HTTP/1.1" 500 Internal Server Error
ERROR:    Exception in ASGI application
Traceback (most recent call last):
  File "/root/.pyenv/versions/3.11.1/lib/python3.11/site-packages/sqlalchemy/engine/base.py", line 1969, in _exec_single_context
    self.dialect.do_execute(
  File "/root/.pyenv/versions/3.11.1/lib/python3.11/site-packages/sqlalchemy/engine/default.py", line 922, in do_execute
    cursor.execute(statement, parameters)
sqlite3.OperationalError: no such column: shift_types.time_segments

The above exception was the direct cause of the following exception:

Traceback (most recent call last):
  File "/root/.pyenv/versions/3.11.1/lib/python3.11/site-packages/uvicorn/protocols/http/httptools_impl.py", line 426, in run_asgi
    result = await app(  # type: ignore[func-returns-value]
             ^^^^^^^^^^^^^^^^^^^^^^^^^^^^^^^^^^^^^^^^^^^^^^
  File "/root/.pyenv/versions/3.11.1/lib/python3.11/site-packages/uvicorn/middleware/proxy_headers.py", line 84, in __call__
    return await self.app(scope, receive, send)
           ^^^^^^^^^^^^^^^^^^^^^^^^^^^^^^^^^^^^
  File "/root/.pyenv/versions/3.11.1/lib/python3.11/site-packages/fastapi/applications.py", line 1106, in __call__
    await super().__call__(scope, receive, send)
  File "/root/.pyenv/versions/3.11.1/lib/python3.11/site-packages/starlette/applications.py", line 122, in __call__
    await self.middleware_stack(scope, receive, send)
  File "/root/.pyenv/versions/3.11.1/lib/python3.11/site-packages/starlette/middleware/errors.py", line 184, in __call__
    raise exc
  File "/root/.pyenv/versions/3.11.1/lib/python3.11/site-packages/starlette/middleware/errors.py", line 162, in __call__
    await self.app(scope, receive, _send)
  File "/root/.pyenv/versions/3.11.1/lib/python3.11/site-packages/starlette/middleware/cors.py", line 91, in __call__
    await self.simple_response(scope, receive, send, request_headers=headers)
  File "/root/.pyenv/versions/3.11.1/lib/python3.11/site-packages/starlette/middleware/cors.py", line 146, in simple_response
    await self.app(scope, receive, send)
  File "/root/.pyenv/versions/3.11.1/lib/python3.11/site-packages/starlette/middleware/exceptions.py", line 79, in __call__
    raise exc
  File "/root/.pyenv/versions/3.11.1/lib/python3.11/site-packages/starlette/middleware/exceptions.py", line 68, in __call__
    await self.app(scope, receive, sender)
  File "/root/.pyenv/versions/3.11.1/lib/python3.11/contextlib.py", line 222, in __aexit__
    await self.gen.athrow(typ, value, traceback)
  File "/root/.pyenv/versions/3.11.1/lib/python3.11/site-packages/fastapi/concurrency.py", line 36, in contextmanager_in_threadpool
    raise e
sqlalchemy.exc.OperationalError: (sqlite3.OperationalError) no such column: shift_types.time_segments
[SQL: SELECT shift_types.id AS shift_types_id, shift_types.shift_name AS shift_types_shift_name, shift_types.time_segments AS shift_types_time_segments, shift_types.work_hours AS shift_types_work_hours, shift_types.color AS shift_types_color, shift_types.is_night AS shift_types_is_night, shift_types.is_active AS shift_types_is_active, shift_types.created_at AS shift_types_created_at 
FROM shift_types 
WHERE shift_types.shift_name = ?
 LIMIT ? OFFSET ?]
[parameters: ('中班', 1, 0)]
(Background on this error at: https://sqlalche.me/e/20/e3q8)
INFO:     10.3.5.7:0 - "GET /api/employees/teams HTTP/1.1" 200 OK
INFO:     10.3.5.15:0 - "GET /api/schedules?date=&team= HTTP/1.1" 200 OK
INFO:     192.168.65.193:0 - "GET /api/shift-types HTTP/1.1" 500 Internal Server Error
ERROR:    Exception in ASGI application
Traceback (most recent call last):
  File "/root/.pyenv/versions/3.11.1/lib/python3.11/site-packages/sqlalchemy/engine/base.py", line 1969, in _exec_single_context
    self.dialect.do_execute(
  File "/root/.pyenv/versions/3.11.1/lib/python3.11/site-packages/sqlalchemy/engine/default.py", line 922, in do_execute
    cursor.execute(statement, parameters)
sqlite3.OperationalError: no such column: shift_types.time_segments

The above exception was the direct cause of the following exception:

Traceback (most recent call last):
  File "/root/.pyenv/versions/3.11.1/lib/python3.11/site-packages/uvicorn/protocols/http/httptools_impl.py", line 426, in run_asgi
    result = await app(  # type: ignore[func-returns-value]
             ^^^^^^^^^^^^^^^^^^^^^^^^^^^^^^^^^^^^^^^^^^^^^^
  File "/root/.pyenv/versions/3.11.1/lib/python3.11/site-packages/uvicorn/middleware/proxy_headers.py", line 84, in __call__
    return await self.app(scope, receive, send)
           ^^^^^^^^^^^^^^^^^^^^^^^^^^^^^^^^^^^^
  File "/root/.pyenv/versions/3.11.1/lib/python3.11/site-packages/fastapi/applications.py", line 1106, in __call__
    await super().__call__(scope, receive, send)
  File "/root/.pyenv/versions/3.11.1/lib/python3.11/site-packages/starlette/applications.py", line 122, in __call__
    await self.middleware_stack(scope, receive, send)
  File "/root/.pyenv/versions/3.11.1/lib/python3.11/site-packages/starlette/middleware/errors.py", line 184, in __call__
    raise exc
  File "/root/.pyenv/versions/3.11.1/lib/python3.11/site-packages/starlette/middleware/errors.py", line 162, in __call__
    await self.app(scope, receive, _send)
  File "/root/.pyenv/versions/3.11.1/lib/python3.11/site-packages/starlette/middleware/cors.py", line 83, in __call__
    await self.app(scope, receive, send)
  File "/root/.pyenv/versions/3.11.1/lib/python3.11/site-packages/starlette/middleware/exceptions.py", line 79, in __call__
    raise exc
  File "/root/.pyenv/versions/3.11.1/lib/python3.11/site-packages/starlette/middleware/exceptions.py", line 68, in __call__
    await self.app(scope, receive, sender)
  File "/root/.pyenv/versions/3.11.1/lib/python3.11/contextlib.py", line 222, in __aexit__
    await self.gen.athrow(typ, value, traceback)
  File "/root/.pyenv/versions/3.11.1/lib/python3.11/site-packages/fastapi/concurrency.py", line 36, in contextmanager_in_threadpool
    raise e
sqlalchemy.exc.OperationalError: (sqlite3.OperationalError) no such column: shift_types.time_segments
[SQL: SELECT shift_types.id AS shift_types_id, shift_types.shift_name AS shift_types_shift_name, shift_types.time_segments AS shift_types_time_segments, shift_types.work_hours AS shift_types_work_hours, shift_types.color AS shift_types_color, shift_types.is_night AS shift_types_is_night, shift_types.is_active AS shift_types_is_active, shift_types.created_at AS shift_types_created_at 
FROM shift_types 
WHERE shift_types.is_active = 1]
(Background on this error at: https://sqlalche.me/e/20/e3q8)
INFO:     192.168.65.193:0 - "GET /api/employees?limit=1000 HTTP/1.1" 422 Unprocessable Entity
INFO:     192.168.65.193:0 - "GET /api/employees?page=1&limit=20&search=&team=&dept= HTTP/1.1" 200 OK
INFO:     192.168.65.129:0 - "GET /api/employees/departments HTTP/1.1" 200 OK
INFO:     10.3.5.7:0 - "GET /api/employees/teams HTTP/1.1" 200 OK
INFO:     Shutting down
INFO:     Waiting for application shutdown.
INFO:     Application shutdown complete.
INFO:     Finished server process [1702]
INFO:     Started server process [6332]
INFO:     Waiting for application startup.
INFO:     Application startup complete.
INFO:     Uvicorn running on http://0.0.0.0:5000 (Press CTRL+C to quit)
INFO:     192.168.65.129:0 - "GET /api/employees/departments HTTP/1.1" 200 OK
INFO:     10.3.5.15:0 - "GET /api/employees/teams HTTP/1.1" 200 OK
INFO:     192.168.65.129:0 - "GET /api/employees?page=1&limit=20&search=&team=&dept= HTTP/1.1" 200 OK
INFO:     10.3.5.15:0 - "POST /api/auth/login HTTP/1.1" 200 OK
INFO:     10.3.5.7:0 - "GET /api/api/departments HTTP/1.1" 404 Not Found
INFO:     192.168.65.193:0 - "GET /api/reports/team-ranking?year_month=2026-04 HTTP/1.1" 200 OK
INFO:     10.3.5.7:0 - "GET /api/api/teams HTTP/1.1" 404 Not Found
INFO:     192.168.65.193:0 - "GET /api/stats HTTP/1.1" 200 OK
INFO:     10.3.5.15:0 - "GET /api/reports/daily?schedule_date=2026-04-28 HTTP/1.1" 200 OK
INFO:     10.3.5.15:0 - "GET /api/shift-types HTTP/1.1" 500 Internal Server Error
ERROR:    Exception in ASGI application
Traceback (most recent call last):
  File "/root/.pyenv/versions/3.11.1/lib/python3.11/site-packages/sqlalchemy/engine/base.py", line 1969, in _exec_single_context
    self.dialect.do_execute(
  File "/root/.pyenv/versions/3.11.1/lib/python3.11/site-packages/sqlalchemy/engine/default.py", line 922, in do_execute
    cursor.execute(statement, parameters)
sqlite3.OperationalError: no such column: shift_types.time_segments

The above exception was the direct cause of the following exception:

Traceback (most recent call last):
  File "/root/.pyenv/versions/3.11.1/lib/python3.11/site-packages/uvicorn/protocols/http/httptools_impl.py", line 426, in run_asgi
    result = await app(  # type: ignore[func-returns-value]
             ^^^^^^^^^^^^^^^^^^^^^^^^^^^^^^^^^^^^^^^^^^^^^^
  File "/root/.pyenv/versions/3.11.1/lib/python3.11/site-packages/uvicorn/middleware/proxy_headers.py", line 84, in __call__
    return await self.app(scope, receive, send)
           ^^^^^^^^^^^^^^^^^^^^^^^^^^^^^^^^^^^^
  File "/root/.pyenv/versions/3.11.1/lib/python3.11/site-packages/fastapi/applications.py", line 1106, in __call__
    await super().__call__(scope, receive, send)
  File "/root/.pyenv/versions/3.11.1/lib/python3.11/site-packages/starlette/applications.py", line 122, in __call__
    await self.middleware_stack(scope, receive, send)
  File "/root/.pyenv/versions/3.11.1/lib/python3.11/site-packages/starlette/middleware/errors.py", line 184, in __call__
    raise exc
  File "/root/.pyenv/versions/3.11.1/lib/python3.11/site-packages/starlette/middleware/errors.py", line 162, in __call__
    await self.app(scope, receive, _send)
  File "/root/.pyenv/versions/3.11.1/lib/python3.11/site-packages/starlette/middleware/cors.py", line 83, in __call__
    await self.app(scope, receive, send)
  File "/root/.pyenv/versions/3.11.1/lib/python3.11/site-packages/starlette/middleware/exceptions.py", line 79, in __call__
    raise exc
  File "/root/.pyenv/versions/3.11.1/lib/python3.11/site-packages/starlette/middleware/exceptions.py", line 68, in __call__
    await self.app(scope, receive, sender)
  File "/root/.pyenv/versions/3.11.1/lib/python3.11/contextlib.py", line 222, in __aexit__
    await self.gen.athrow(typ, value, traceback)
  File "/root/.pyenv/versions/3.11.1/lib/python3.11/site-packages/fastapi/concurrency.py", line 36, in contextmanager_in_threadpool
    raise e
sqlalchemy.exc.OperationalError: (sqlite3.OperationalError) no such column: shift_types.time_segments
[SQL: SELECT shift_types.id AS shift_types_id, shift_types.shift_name AS shift_types_shift_name, shift_types.time_segments AS shift_types_time_segments, shift_types.work_hours AS shift_types_work_hours, shift_types.color AS shift_types_color, shift_types.is_night AS shift_types_is_night, shift_types.is_active AS shift_types_is_active, shift_types.created_at AS shift_types_created_at 
FROM shift_types 
WHERE shift_types.is_active = 1]
(Background on this error at: https://sqlalche.me/e/20/e3q8)
INFO:     192.168.65.129:0 - "GET /api/employees?limit=1000 HTTP/1.1" 422 Unprocessable Entity
INFO:     192.168.65.193:0 - "GET /api/employees/teams HTTP/1.1" 200 OK
INFO:     10.3.5.7:0 - "GET /api/schedules?date=&team= HTTP/1.1" 200 OK
INFO:     10.3.5.7:0 - "GET /api/employees/departments HTTP/1.1" 200 OK
INFO:     192.168.65.129:0 - "GET /api/employees/teams HTTP/1.1" 200 OK
INFO:     192.168.65.193:0 - "GET /api/employees?page=1&limit=20&search=&team=&dept= HTTP/1.1" 200 OK
INFO:     192.168.65.129:0 - "GET /api/employees/teams HTTP/1.1" 200 OK
INFO:     10.3.5.15:0 - "GET /api/employees?limit=1000 HTTP/1.1" 422 Unprocessable Entity
INFO:     192.168.65.193:0 - "GET /api/schedules?date=&team= HTTP/1.1" 200 OK
INFO:     10.3.5.15:0 - "GET /api/shift-types HTTP/1.1" 500 Internal Server Error
ERROR:    Exception in ASGI application
Traceback (most recent call last):
  File "/root/.pyenv/versions/3.11.1/lib/python3.11/site-packages/sqlalchemy/engine/base.py", line 1969, in _exec_single_context
    self.dialect.do_execute(
  File "/root/.pyenv/versions/3.11.1/lib/python3.11/site-packages/sqlalchemy/engine/default.py", line 922, in do_execute
    cursor.execute(statement, parameters)
sqlite3.OperationalError: no such column: shift_types.time_segments

The above exception was the direct cause of the following exception:

Traceback (most recent call last):
  File "/root/.pyenv/versions/3.11.1/lib/python3.11/site-packages/uvicorn/protocols/http/httptools_impl.py", line 426, in run_asgi
    result = await app(  # type: ignore[func-returns-value]
             ^^^^^^^^^^^^^^^^^^^^^^^^^^^^^^^^^^^^^^^^^^^^^^
  File "/root/.pyenv/versions/3.11.1/lib/python3.11/site-packages/uvicorn/middleware/proxy_headers.py", line 84, in __call__
    return await self.app(scope, receive, send)
           ^^^^^^^^^^^^^^^^^^^^^^^^^^^^^^^^^^^^
  File "/root/.pyenv/versions/3.11.1/lib/python3.11/site-packages/fastapi/applications.py", line 1106, in __call__
    await super().__call__(scope, receive, send)
  File "/root/.pyenv/versions/3.11.1/lib/python3.11/site-packages/starlette/applications.py", line 122, in __call__
    await self.middleware_stack(scope, receive, send)
  File "/root/.pyenv/versions/3.11.1/lib/python3.11/site-packages/starlette/middleware/errors.py", line 184, in __call__
    raise exc
  File "/root/.pyenv/versions/3.11.1/lib/python3.11/site-packages/starlette/middleware/errors.py", line 162, in __call__
    await self.app(scope, receive, _send)
  File "/root/.pyenv/versions/3.11.1/lib/python3.11/site-packages/starlette/middleware/cors.py", line 83, in __call__
    await self.app(scope, receive, send)
  File "/root/.pyenv/versions/3.11.1/lib/python3.11/site-packages/starlette/middleware/exceptions.py", line 79, in __call__
    raise exc
  File "/root/.pyenv/versions/3.11.1/lib/python3.11/site-packages/starlette/middleware/exceptions.py", line 68, in __call__
    await self.app(scope, receive, sender)
  File "/root/.pyenv/versions/3.11.1/lib/python3.11/contextlib.py", line 222, in __aexit__
    await self.gen.athrow(typ, value, traceback)
  File "/root/.pyenv/versions/3.11.1/lib/python3.11/site-packages/fastapi/concurrency.py", line 36, in contextmanager_in_threadpool
    raise e
sqlalchemy.exc.OperationalError: (sqlite3.OperationalError) no such column: shift_types.time_segments
[SQL: SELECT shift_types.id AS shift_types_id, shift_types.shift_name AS shift_types_shift_name, shift_types.time_segments AS shift_types_time_segments, shift_types.work_hours AS shift_types_work_hours, shift_types.color AS shift_types_color, shift_types.is_night AS shift_types_is_night, shift_types.is_active AS shift_types_is_active, shift_types.created_at AS shift_types_created_at 
FROM shift_types 
WHERE shift_types.is_active = 1]
(Background on this error at: https://sqlalche.me/e/20/e3q8)
INFO:     10.3.5.15:0 - "GET /api/checkins?page=1&limit=20 HTTP/1.1" 200 OK
INFO:     192.168.65.193:0 - "GET /api/shift-types HTTP/1.1" 500 Internal Server Error
ERROR:    Exception in ASGI application
Traceback (most recent call last):
  File "/root/.pyenv/versions/3.11.1/lib/python3.11/site-packages/sqlalchemy/engine/base.py", line 1969, in _exec_single_context
    self.dialect.do_execute(
  File "/root/.pyenv/versions/3.11.1/lib/python3.11/site-packages/sqlalchemy/engine/default.py", line 922, in do_execute
    cursor.execute(statement, parameters)
sqlite3.OperationalError: no such column: shift_types.time_segments

The above exception was the direct cause of the following exception:

Traceback (most recent call last):
  File "/root/.pyenv/versions/3.11.1/lib/python3.11/site-packages/uvicorn/protocols/http/httptools_impl.py", line 426, in run_asgi
    result = await app(  # type: ignore[func-returns-value]
             ^^^^^^^^^^^^^^^^^^^^^^^^^^^^^^^^^^^^^^^^^^^^^^
  File "/root/.pyenv/versions/3.11.1/lib/python3.11/site-packages/uvicorn/middleware/proxy_headers.py", line 84, in __call__
    return await self.app(scope, receive, send)
           ^^^^^^^^^^^^^^^^^^^^^^^^^^^^^^^^^^^^
  File "/root/.pyenv/versions/3.11.1/lib/python3.11/site-packages/fastapi/applications.py", line 1106, in __call__
    await super().__call__(scope, receive, send)
  File "/root/.pyenv/versions/3.11.1/lib/python3.11/site-packages/starlette/applications.py", line 122, in __call__
    await self.middleware_stack(scope, receive, send)
  File "/root/.pyenv/versions/3.11.1/lib/python3.11/site-packages/starlette/middleware/errors.py", line 184, in __call__
    raise exc
  File "/root/.pyenv/versions/3.11.1/lib/python3.11/site-packages/starlette/middleware/errors.py", line 162, in __call__
    await self.app(scope, receive, _send)
  File "/root/.pyenv/versions/3.11.1/lib/python3.11/site-packages/starlette/middleware/cors.py", line 83, in __call__
    await self.app(scope, receive, send)
  File "/root/.pyenv/versions/3.11.1/lib/python3.11/site-packages/starlette/middleware/exceptions.py", line 79, in __call__
    raise exc
  File "/root/.pyenv/versions/3.11.1/lib/python3.11/site-packages/starlette/middleware/exceptions.py", line 68, in __call__
    await self.app(scope, receive, sender)
  File "/root/.pyenv/versions/3.11.1/lib/python3.11/contextlib.py", line 222, in __aexit__
    await self.gen.athrow(typ, value, traceback)
  File "/root/.pyenv/versions/3.11.1/lib/python3.11/site-packages/fastapi/concurrency.py", line 36, in contextmanager_in_threadpool
    raise e
sqlalchemy.exc.OperationalError: (sqlite3.OperationalError) no such column: shift_types.time_segments
[SQL: SELECT shift_types.id AS shift_types_id, shift_types.shift_name AS shift_types_shift_name, shift_types.time_segments AS shift_types_time_segments, shift_types.work_hours AS shift_types_work_hours, shift_types.color AS shift_types_color, shift_types.is_night AS shift_types_is_night, shift_types.is_active AS shift_types_is_active, shift_types.created_at AS shift_types_created_at 
FROM shift_types 
WHERE shift_types.is_active = 1]
(Background on this error at: https://sqlalche.me/e/20/e3q8)
INFO:     10.3.5.7:0 - "GET /api/employees/teams HTTP/1.1" 200 OK
INFO:     10.3.5.7:0 - "GET /api/employees?limit=1000 HTTP/1.1" 422 Unprocessable Entity
INFO:     192.168.65.129:0 - "GET /api/schedules?date=&team= HTTP/1.1" 200 OK
INFO:     10.3.5.15:0 - "POST /api/schedules/import HTTP/1.1" 500 Internal Server Error
ERROR:    Exception in ASGI application
Traceback (most recent call last):
  File "/root/.pyenv/versions/3.11.1/lib/python3.11/site-packages/sqlalchemy/engine/base.py", line 1969, in _exec_single_context
    self.dialect.do_execute(
  File "/root/.pyenv/versions/3.11.1/lib/python3.11/site-packages/sqlalchemy/engine/default.py", line 922, in do_execute
    cursor.execute(statement, parameters)
sqlite3.OperationalError: no such column: shift_types.time_segments

The above exception was the direct cause of the following exception:

Traceback (most recent call last):
  File "/root/.pyenv/versions/3.11.1/lib/python3.11/site-packages/uvicorn/protocols/http/httptools_impl.py", line 426, in run_asgi
    result = await app(  # type: ignore[func-returns-value]
             ^^^^^^^^^^^^^^^^^^^^^^^^^^^^^^^^^^^^^^^^^^^^^^
  File "/root/.pyenv/versions/3.11.1/lib/python3.11/site-packages/uvicorn/middleware/proxy_headers.py", line 84, in __call__
    return await self.app(scope, receive, send)
           ^^^^^^^^^^^^^^^^^^^^^^^^^^^^^^^^^^^^
  File "/root/.pyenv/versions/3.11.1/lib/python3.11/site-packages/fastapi/applications.py", line 1106, in __call__
    await super().__call__(scope, receive, send)
  File "/root/.pyenv/versions/3.11.1/lib/python3.11/site-packages/starlette/applications.py", line 122, in __call__
    await self.middleware_stack(scope, receive, send)
  File "/root/.pyenv/versions/3.11.1/lib/python3.11/site-packages/starlette/middleware/errors.py", line 184, in __call__
    raise exc
  File "/root/.pyenv/versions/3.11.1/lib/python3.11/site-packages/starlette/middleware/errors.py", line 162, in __call__
    await self.app(scope, receive, _send)
  File "/root/.pyenv/versions/3.11.1/lib/python3.11/site-packages/starlette/middleware/cors.py", line 91, in __call__
    await self.simple_response(scope, receive, send, request_headers=headers)
  File "/root/.pyenv/versions/3.11.1/lib/python3.11/site-packages/starlette/middleware/cors.py", line 146, in simple_response
    await self.app(scope, receive, send)
  File "/root/.pyenv/versions/3.11.1/lib/python3.11/site-packages/starlette/middleware/exceptions.py", line 79, in __call__
    raise exc
  File "/root/.pyenv/versions/3.11.1/lib/python3.11/site-packages/starlette/middleware/exceptions.py", line 68, in __call__
    await self.app(scope, receive, sender)
  File "/root/.pyenv/versions/3.11.1/lib/python3.11/contextlib.py", line 222, in __aexit__
    await self.gen.athrow(typ, value, traceback)
  File "/root/.pyenv/versions/3.11.1/lib/python3.11/site-packages/fastapi/concurrency.py", line 36, in contextmanager_in_threadpool
    raise e
sqlalchemy.exc.OperationalError: (sqlite3.OperationalError) no such column: shift_types.time_segments
[SQL: SELECT shift_types.id AS shift_types_id, shift_types.shift_name AS shift_types_shift_name, shift_types.time_segments AS shift_types_time_segments, shift_types.work_hours AS shift_types_work_hours, shift_types.color AS shift_types_color, shift_types.is_night AS shift_types_is_night, shift_types.is_active AS shift_types_is_active, shift_types.created_at AS shift_types_created_at 
FROM shift_types 
WHERE shift_types.shift_name = ?
 LIMIT ? OFFSET ?]
[parameters: ('中班', 1, 0)]
(Background on this error at: https://sqlalche.me/e/20/e3q8)
INFO:     10.3.5.7:0 - "GET / HTTP/1.1" 200 OK
INFO:     10.3.5.7:0 - "GET /favicon.ico HTTP/1.1" 404 Not Found
INFO:     10.3.5.7:0 - "GET / HTTP/1.1" 200 OK
INFO:     192.168.65.129:0 - "GET /api/api/teams HTTP/1.1" 404 Not Found
INFO:     192.168.65.193:0 - "GET /api/stats HTTP/1.1" 200 OK
INFO:     10.3.5.7:0 - "GET /api/reports/daily?schedule_date=2026-04-28 HTTP/1.1" 200 OK
INFO:     10.3.5.15:0 - "GET /api/api/departments HTTP/1.1" 404 Not Found
INFO:     192.168.65.129:0 - "GET /api/reports/team-ranking?year_month=2026-04 HTTP/1.1" 200 OK
INFO:     10.3.5.7:0 - "POST /api/auth/login HTTP/1.1" 200 OK
INFO:     10.3.5.15:0 - "GET /api/reports/daily?schedule_date=2026-04-28 HTTP/1.1" 200 OK
INFO:     192.168.65.193:0 - "GET /api/stats HTTP/1.1" 200 OK
INFO:     192.168.65.129:0 - "GET /api/api/departments HTTP/1.1" 404 Not Found
INFO:     10.3.5.15:0 - "GET /api/api/teams HTTP/1.1" 404 Not Found
INFO:     192.168.65.129:0 - "GET /api/reports/team-ranking?year_month=2026-04 HTTP/1.1" 200 OK
INFO:     10.3.5.7:0 - "GET /api/checkins/report?date=2026-04-28 HTTP/1.1" 200 OK
INFO:     192.168.65.193:0 - "GET /api/employees/teams HTTP/1.1" 200 OK
INFO:     192.168.65.193:0 - "GET /api/employees?page=1&limit=20&search=&team=&dept= HTTP/1.1" 200 OK
INFO:     192.168.65.129:0 - "GET /api/employees/teams HTTP/1.1" 200 OK
INFO:     10.3.5.15:0 - "GET /api/employees/departments HTTP/1.1" 200 OK
INFO:     192.168.65.193:0 - "GET /api/api/departments HTTP/1.1" 404 Not Found
INFO:     10.3.5.7:0 - "GET /api/stats HTTP/1.1" 200 OK
INFO:     10.3.5.15:0 - "GET /api/reports/daily?schedule_date=2026-04-28 HTTP/1.1" 200 OK
INFO:     10.3.5.7:0 - "GET /api/api/teams HTTP/1.1" 404 Not Found
INFO:     192.168.65.193:0 - "GET /api/reports/team-ranking?year_month=2026-04 HTTP/1.1" 200 OK
INFO:     10.3.5.7:0 - "GET /api/employees/teams HTTP/1.1" 200 OK
INFO:     10.3.5.15:0 - "GET /api/employees?limit=1000 HTTP/1.1" 422 Unprocessable Entity
INFO:     192.168.65.193:0 - "GET /api/shift-types HTTP/1.1" 500 Internal Server Error
ERROR:    Exception in ASGI application
Traceback (most recent call last):
  File "/root/.pyenv/versions/3.11.1/lib/python3.11/site-packages/sqlalchemy/engine/base.py", line 1969, in _exec_single_context
    self.dialect.do_execute(
  File "/root/.pyenv/versions/3.11.1/lib/python3.11/site-packages/sqlalchemy/engine/default.py", line 922, in do_execute
    cursor.execute(statement, parameters)
sqlite3.OperationalError: no such column: shift_types.time_segments

The above exception was the direct cause of the following exception:

Traceback (most recent call last):
  File "/root/.pyenv/versions/3.11.1/lib/python3.11/site-packages/uvicorn/protocols/http/httptools_impl.py", line 426, in run_asgi
    result = await app(  # type: ignore[func-returns-value]
             ^^^^^^^^^^^^^^^^^^^^^^^^^^^^^^^^^^^^^^^^^^^^^^
  File "/root/.pyenv/versions/3.11.1/lib/python3.11/site-packages/uvicorn/middleware/proxy_headers.py", line 84, in __call__
    return await self.app(scope, receive, send)
           ^^^^^^^^^^^^^^^^^^^^^^^^^^^^^^^^^^^^
  File "/root/.pyenv/versions/3.11.1/lib/python3.11/site-packages/fastapi/applications.py", line 1106, in __call__
    await super().__call__(scope, receive, send)
  File "/root/.pyenv/versions/3.11.1/lib/python3.11/site-packages/starlette/applications.py", line 122, in __call__
    await self.middleware_stack(scope, receive, send)
  File "/root/.pyenv/versions/3.11.1/lib/python3.11/site-packages/starlette/middleware/errors.py", line 184, in __call__
    raise exc
  File "/root/.pyenv/versions/3.11.1/lib/python3.11/site-packages/starlette/middleware/errors.py", line 162, in __call__
    await self.app(scope, receive, _send)
  File "/root/.pyenv/versions/3.11.1/lib/python3.11/site-packages/starlette/middleware/cors.py", line 83, in __call__
    await self.app(scope, receive, send)
  File "/root/.pyenv/versions/3.11.1/lib/python3.11/site-packages/starlette/middleware/exceptions.py", line 79, in __call__
    raise exc
  File "/root/.pyenv/versions/3.11.1/lib/python3.11/site-packages/starlette/middleware/exceptions.py", line 68, in __call__
    await self.app(scope, receive, sender)
  File "/root/.pyenv/versions/3.11.1/lib/python3.11/contextlib.py", line 222, in __aexit__
    await self.gen.athrow(typ, value, traceback)
  File "/root/.pyenv/versions/3.11.1/lib/python3.11/site-packages/fastapi/concurrency.py", line 36, in contextmanager_in_threadpool
    raise e
sqlalchemy.exc.OperationalError: (sqlite3.OperationalError) no such column: shift_types.time_segments
[SQL: SELECT shift_types.id AS shift_types_id, shift_types.shift_name AS shift_types_shift_name, shift_types.time_segments AS shift_types_time_segments, shift_types.work_hours AS shift_types_work_hours, shift_types.color AS shift_types_color, shift_types.is_night AS shift_types_is_night, shift_types.is_active AS shift_types_is_active, shift_types.created_at AS shift_types_created_at 
FROM shift_types 
WHERE shift_types.is_active = 1]
(Background on this error at: https://sqlalche.me/e/20/e3q8)
INFO:     10.3.5.15:0 - "GET /api/schedules?date=&team= HTTP/1.1" 200 OK
INFO:     10.3.5.15:0 - "POST /api/schedules/import HTTP/1.1" 500 Internal Server Error
ERROR:    Exception in ASGI application
Traceback (most recent call last):
  File "/root/.pyenv/versions/3.11.1/lib/python3.11/site-packages/sqlalchemy/engine/base.py", line 1969, in _exec_single_context
    self.dialect.do_execute(
  File "/root/.pyenv/versions/3.11.1/lib/python3.11/site-packages/sqlalchemy/engine/default.py", line 922, in do_execute
    cursor.execute(statement, parameters)
sqlite3.OperationalError: no such column: shift_types.time_segments

The above exception was the direct cause of the following exception:

Traceback (most recent call last):
  File "/root/.pyenv/versions/3.11.1/lib/python3.11/site-packages/uvicorn/protocols/http/httptools_impl.py", line 426, in run_asgi
    result = await app(  # type: ignore[func-returns-value]
             ^^^^^^^^^^^^^^^^^^^^^^^^^^^^^^^^^^^^^^^^^^^^^^
  File "/root/.pyenv/versions/3.11.1/lib/python3.11/site-packages/uvicorn/middleware/proxy_headers.py", line 84, in __call__
    return await self.app(scope, receive, send)
           ^^^^^^^^^^^^^^^^^^^^^^^^^^^^^^^^^^^^
  File "/root/.pyenv/versions/3.11.1/lib/python3.11/site-packages/fastapi/applications.py", line 1106, in __call__
    await super().__call__(scope, receive, send)
  File "/root/.pyenv/versions/3.11.1/lib/python3.11/site-packages/starlette/applications.py", line 122, in __call__
    await self.middleware_stack(scope, receive, send)
  File "/root/.pyenv/versions/3.11.1/lib/python3.11/site-packages/starlette/middleware/errors.py", line 184, in __call__
    raise exc
  File "/root/.pyenv/versions/3.11.1/lib/python3.11/site-packages/starlette/middleware/errors.py", line 162, in __call__
    await self.app(scope, receive, _send)
  File "/root/.pyenv/versions/3.11.1/lib/python3.11/site-packages/starlette/middleware/cors.py", line 91, in __call__
    await self.simple_response(scope, receive, send, request_headers=headers)
  File "/root/.pyenv/versions/3.11.1/lib/python3.11/site-packages/starlette/middleware/cors.py", line 146, in simple_response
    await self.app(scope, receive, send)
  File "/root/.pyenv/versions/3.11.1/lib/python3.11/site-packages/starlette/middleware/exceptions.py", line 79, in __call__
    raise exc
  File "/root/.pyenv/versions/3.11.1/lib/python3.11/site-packages/starlette/middleware/exceptions.py", line 68, in __call__
    await self.app(scope, receive, sender)
  File "/root/.pyenv/versions/3.11.1/lib/python3.11/contextlib.py", line 222, in __aexit__
    await self.gen.athrow(typ, value, traceback)
  File "/root/.pyenv/versions/3.11.1/lib/python3.11/site-packages/fastapi/concurrency.py", line 36, in contextmanager_in_threadpool
    raise e
sqlalchemy.exc.OperationalError: (sqlite3.OperationalError) no such column: shift_types.time_segments
[SQL: SELECT shift_types.id AS shift_types_id, shift_types.shift_name AS shift_types_shift_name, shift_types.time_segments AS shift_types_time_segments, shift_types.work_hours AS shift_types_work_hours, shift_types.color AS shift_types_color, shift_types.is_night AS shift_types_is_night, shift_types.is_active AS shift_types_is_active, shift_types.created_at AS shift_types_created_at 
FROM shift_types 
WHERE shift_types.shift_name = ?
 LIMIT ? OFFSET ?]
[parameters: ('中班', 1, 0)]
(Background on this error at: https://sqlalche.me/e/20/e3q8)
INFO:     10.3.5.7:0 - "GET /api/employees/teams HTTP/1.1" 200 OK
INFO:     192.168.65.193:0 - "GET /api/schedules?date=&team= HTTP/1.1" 200 OK
INFO:     10.3.5.7:0 - "GET /api/employees?limit=1000 HTTP/1.1" 422 Unprocessable Entity
INFO:     192.168.65.129:0 - "GET /api/shift-types HTTP/1.1" 500 Internal Server Error
ERROR:    Exception in ASGI application
Traceback (most recent call last):
  File "/root/.pyenv/versions/3.11.1/lib/python3.11/site-packages/sqlalchemy/engine/base.py", line 1969, in _exec_single_context
    self.dialect.do_execute(
  File "/root/.pyenv/versions/3.11.1/lib/python3.11/site-packages/sqlalchemy/engine/default.py", line 922, in do_execute
    cursor.execute(statement, parameters)
sqlite3.OperationalError: no such column: shift_types.time_segments

The above exception was the direct cause of the following exception:

Traceback (most recent call last):
  File "/root/.pyenv/versions/3.11.1/lib/python3.11/site-packages/uvicorn/protocols/http/httptools_impl.py", line 426, in run_asgi
    result = await app(  # type: ignore[func-returns-value]
             ^^^^^^^^^^^^^^^^^^^^^^^^^^^^^^^^^^^^^^^^^^^^^^
  File "/root/.pyenv/versions/3.11.1/lib/python3.11/site-packages/uvicorn/middleware/proxy_headers.py", line 84, in __call__
    return await self.app(scope, receive, send)
           ^^^^^^^^^^^^^^^^^^^^^^^^^^^^^^^^^^^^
  File "/root/.pyenv/versions/3.11.1/lib/python3.11/site-packages/fastapi/applications.py", line 1106, in __call__
    await super().__call__(scope, receive, send)
  File "/root/.pyenv/versions/3.11.1/lib/python3.11/site-packages/starlette/applications.py", line 122, in __call__
    await self.middleware_stack(scope, receive, send)
  File "/root/.pyenv/versions/3.11.1/lib/python3.11/site-packages/starlette/middleware/errors.py", line 184, in __call__
    raise exc
  File "/root/.pyenv/versions/3.11.1/lib/python3.11/site-packages/starlette/middleware/errors.py", line 162, in __call__
    await self.app(scope, receive, _send)
  File "/root/.pyenv/versions/3.11.1/lib/python3.11/site-packages/starlette/middleware/cors.py", line 83, in __call__
    await self.app(scope, receive, send)
  File "/root/.pyenv/versions/3.11.1/lib/python3.11/site-packages/starlette/middleware/exceptions.py", line 79, in __call__
    raise exc
  File "/root/.pyenv/versions/3.11.1/lib/python3.11/site-packages/starlette/middleware/exceptions.py", line 68, in __call__
    await self.app(scope, receive, sender)
  File "/root/.pyenv/versions/3.11.1/lib/python3.11/contextlib.py", line 222, in __aexit__
    await self.gen.athrow(typ, value, traceback)
  File "/root/.pyenv/versions/3.11.1/lib/python3.11/site-packages/fastapi/concurrency.py", line 36, in contextmanager_in_threadpool
    raise e
sqlalchemy.exc.OperationalError: (sqlite3.OperationalError) no such column: shift_types.time_segments
[SQL: SELECT shift_types.id AS shift_types_id, shift_types.shift_name AS shift_types_shift_name, shift_types.time_segments AS shift_types_time_segments, shift_types.work_hours AS shift_types_work_hours, shift_types.color AS shift_types_color, shift_types.is_night AS shift_types_is_night, shift_types.is_active AS shift_types_is_active, shift_types.created_at AS shift_types_created_at 
FROM shift_types 
WHERE shift_types.is_active = 1]
(Background on this error at: https://sqlalche.me/e/20/e3q8)
INFO:     Shutting down
INFO:     Waiting for application shutdown.
INFO:     Application shutdown complete.
INFO:     Finished server process [6332]
INFO:     Started server process [11078]
INFO:     Waiting for application startup.
INFO:     Application startup complete.
INFO:     Uvicorn running on http://0.0.0.0:5000 (Press CTRL+C to quit)
INFO:     10.3.5.15:0 - "GET /api/checkins?page=1&limit=20 HTTP/1.1" 200 OK
INFO:     192.168.65.129:0 - "GET /api/employees/teams HTTP/1.1" 200 OK
INFO:     10.3.5.15:0 - "GET /api/employees/departments HTTP/1.1" 200 OK
INFO:     10.3.5.7:0 - "GET /api/employees?page=1&limit=20&search=&team=&dept= HTTP/1.1" 200 OK
INFO:     192.168.65.193:0 - "GET /api/shift-types HTTP/1.1" 500 Internal Server Error
ERROR:    Exception in ASGI application
Traceback (most recent call last):
  File "/root/.pyenv/versions/3.11.1/lib/python3.11/site-packages/sqlalchemy/engine/base.py", line 1969, in _exec_single_context
    self.dialect.do_execute(
  File "/root/.pyenv/versions/3.11.1/lib/python3.11/site-packages/sqlalchemy/engine/default.py", line 922, in do_execute
    cursor.execute(statement, parameters)
sqlite3.OperationalError: no such column: shift_types.time_segments

The above exception was the direct cause of the following exception:

Traceback (most recent call last):
  File "/root/.pyenv/versions/3.11.1/lib/python3.11/site-packages/uvicorn/protocols/http/httptools_impl.py", line 426, in run_asgi
    result = await app(  # type: ignore[func-returns-value]
             ^^^^^^^^^^^^^^^^^^^^^^^^^^^^^^^^^^^^^^^^^^^^^^
  File "/root/.pyenv/versions/3.11.1/lib/python3.11/site-packages/uvicorn/middleware/proxy_headers.py", line 84, in __call__
    return await self.app(scope, receive, send)
           ^^^^^^^^^^^^^^^^^^^^^^^^^^^^^^^^^^^^
  File "/root/.pyenv/versions/3.11.1/lib/python3.11/site-packages/fastapi/applications.py", line 1106, in __call__
    await super().__call__(scope, receive, send)
  File "/root/.pyenv/versions/3.11.1/lib/python3.11/site-packages/starlette/applications.py", line 122, in __call__
    await self.middleware_stack(scope, receive, send)
  File "/root/.pyenv/versions/3.11.1/lib/python3.11/site-packages/starlette/middleware/errors.py", line 184, in __call__
    raise exc
  File "/root/.pyenv/versions/3.11.1/lib/python3.11/site-packages/starlette/middleware/errors.py", line 162, in __call__
    await self.app(scope, receive, _send)
  File "/root/.pyenv/versions/3.11.1/lib/python3.11/site-packages/starlette/middleware/cors.py", line 83, in __call__
    await self.app(scope, receive, send)
  File "/root/.pyenv/versions/3.11.1/lib/python3.11/site-packages/starlette/middleware/exceptions.py", line 79, in __call__
    raise exc
  File "/root/.pyenv/versions/3.11.1/lib/python3.11/site-packages/starlette/middleware/exceptions.py", line 68, in __call__
    await self.app(scope, receive, sender)
  File "/root/.pyenv/versions/3.11.1/lib/python3.11/contextlib.py", line 222, in __aexit__
    await self.gen.athrow(typ, value, traceback)
  File "/root/.pyenv/versions/3.11.1/lib/python3.11/site-packages/fastapi/concurrency.py", line 36, in contextmanager_in_threadpool
    raise e
sqlalchemy.exc.OperationalError: (sqlite3.OperationalError) no such column: shift_types.time_segments
[SQL: SELECT shift_types.id AS shift_types_id, shift_types.shift_name AS shift_types_shift_name, shift_types.time_segments AS shift_types_time_segments, shift_types.work_hours AS shift_types_work_hours, shift_types.color AS shift_types_color, shift_types.is_night AS shift_types_is_night, shift_types.is_active AS shift_types_is_active, shift_types.created_at AS shift_types_created_at 
FROM shift_types 
WHERE shift_types.is_active = 1]
(Background on this error at: https://sqlalche.me/e/20/e3q8)
INFO:     10.3.5.7:0 - "GET /api/schedules?date=&team= HTTP/1.1" 200 OK
INFO:     192.168.65.193:0 - "GET /api/employees/teams HTTP/1.1" 200 OK
INFO:     10.3.5.15:0 - "GET /api/employees?limit=1000 HTTP/1.1" 422 Unprocessable Entity
INFO:     192.168.65.193:0 - "POST /api/schedules/import HTTP/1.1" 500 Internal Server Error
ERROR:    Exception in ASGI application
Traceback (most recent call last):
  File "/root/.pyenv/versions/3.11.1/lib/python3.11/site-packages/sqlalchemy/engine/base.py", line 1969, in _exec_single_context
    self.dialect.do_execute(
  File "/root/.pyenv/versions/3.11.1/lib/python3.11/site-packages/sqlalchemy/engine/default.py", line 922, in do_execute
    cursor.execute(statement, parameters)
sqlite3.OperationalError: no such column: shift_types.time_segments

The above exception was the direct cause of the following exception:

Traceback (most recent call last):
  File "/root/.pyenv/versions/3.11.1/lib/python3.11/site-packages/uvicorn/protocols/http/httptools_impl.py", line 426, in run_asgi
    result = await app(  # type: ignore[func-returns-value]
             ^^^^^^^^^^^^^^^^^^^^^^^^^^^^^^^^^^^^^^^^^^^^^^
  File "/root/.pyenv/versions/3.11.1/lib/python3.11/site-packages/uvicorn/middleware/proxy_headers.py", line 84, in __call__
    return await self.app(scope, receive, send)
           ^^^^^^^^^^^^^^^^^^^^^^^^^^^^^^^^^^^^
  File "/root/.pyenv/versions/3.11.1/lib/python3.11/site-packages/fastapi/applications.py", line 1106, in __call__
    await super().__call__(scope, receive, send)
  File "/root/.pyenv/versions/3.11.1/lib/python3.11/site-packages/starlette/applications.py", line 122, in __call__
    await self.middleware_stack(scope, receive, send)
  File "/root/.pyenv/versions/3.11.1/lib/python3.11/site-packages/starlette/middleware/errors.py", line 184, in __call__
    raise exc
  File "/root/.pyenv/versions/3.11.1/lib/python3.11/site-packages/starlette/middleware/errors.py", line 162, in __call__
    await self.app(scope, receive, _send)
  File "/root/.pyenv/versions/3.11.1/lib/python3.11/site-packages/starlette/middleware/cors.py", line 91, in __call__
    await self.simple_response(scope, receive, send, request_headers=headers)
  File "/root/.pyenv/versions/3.11.1/lib/python3.11/site-packages/starlette/middleware/cors.py", line 146, in simple_response
    await self.app(scope, receive, send)
  File "/root/.pyenv/versions/3.11.1/lib/python3.11/site-packages/starlette/middleware/exceptions.py", line 79, in __call__
    raise exc
  File "/root/.pyenv/versions/3.11.1/lib/python3.11/site-packages/starlette/middleware/exceptions.py", line 68, in __call__
    await self.app(scope, receive, sender)
  File "/root/.pyenv/versions/3.11.1/lib/python3.11/contextlib.py", line 222, in __aexit__
    await self.gen.athrow(typ, value, traceback)
  File "/root/.pyenv/versions/3.11.1/lib/python3.11/site-packages/fastapi/concurrency.py", line 36, in contextmanager_in_threadpool
    raise e
sqlalchemy.exc.OperationalError: (sqlite3.OperationalError) no such column: shift_types.time_segments
[SQL: SELECT shift_types.id AS shift_types_id, shift_types.shift_name AS shift_types_shift_name, shift_types.time_segments AS shift_types_time_segments, shift_types.work_hours AS shift_types_work_hours, shift_types.color AS shift_types_color, shift_types.is_night AS shift_types_is_night, shift_types.is_active AS shift_types_is_active, shift_types.created_at AS shift_types_created_at 
FROM shift_types 
WHERE shift_types.shift_name = ?
 LIMIT ? OFFSET ?]
[parameters: ('中班', 1, 0)]
(Background on this error at: https://sqlalche.me/e/20/e3q8)
INFO:     Shutting down
INFO:     Waiting for application shutdown.
INFO:     Application shutdown complete.
INFO:     Finished server process [11078]
INFO:     Started server process [13081]
INFO:     Waiting for application startup.
INFO:     Application startup complete.
INFO:     Uvicorn running on http://0.0.0.0:5000 (Press CTRL+C to quit)
INFO:     10.3.5.15:0 - "POST /api/schedules/import HTTP/1.1" 500 Internal Server Error
ERROR:    Exception in ASGI application
Traceback (most recent call last):
  File "/root/.pyenv/versions/3.11.1/lib/python3.11/site-packages/sqlalchemy/engine/base.py", line 1969, in _exec_single_context
    self.dialect.do_execute(
  File "/root/.pyenv/versions/3.11.1/lib/python3.11/site-packages/sqlalchemy/engine/default.py", line 922, in do_execute
    cursor.execute(statement, parameters)
sqlite3.OperationalError: no such column: shift_types.time_segments

The above exception was the direct cause of the following exception:

Traceback (most recent call last):
  File "/root/.pyenv/versions/3.11.1/lib/python3.11/site-packages/uvicorn/protocols/http/httptools_impl.py", line 426, in run_asgi
    result = await app(  # type: ignore[func-returns-value]
             ^^^^^^^^^^^^^^^^^^^^^^^^^^^^^^^^^^^^^^^^^^^^^^
  File "/root/.pyenv/versions/3.11.1/lib/python3.11/site-packages/uvicorn/middleware/proxy_headers.py", line 84, in __call__
    return await self.app(scope, receive, send)
           ^^^^^^^^^^^^^^^^^^^^^^^^^^^^^^^^^^^^
  File "/root/.pyenv/versions/3.11.1/lib/python3.11/site-packages/fastapi/applications.py", line 1106, in __call__
    await super().__call__(scope, receive, send)
  File "/root/.pyenv/versions/3.11.1/lib/python3.11/site-packages/starlette/applications.py", line 122, in __call__
    await self.middleware_stack(scope, receive, send)
  File "/root/.pyenv/versions/3.11.1/lib/python3.11/site-packages/starlette/middleware/errors.py", line 184, in __call__
    raise exc
  File "/root/.pyenv/versions/3.11.1/lib/python3.11/site-packages/starlette/middleware/errors.py", line 162, in __call__
    await self.app(scope, receive, _send)
  File "/root/.pyenv/versions/3.11.1/lib/python3.11/site-packages/starlette/middleware/cors.py", line 91, in __call__
    await self.simple_response(scope, receive, send, request_headers=headers)
  File "/root/.pyenv/versions/3.11.1/lib/python3.11/site-packages/starlette/middleware/cors.py", line 146, in simple_response
    await self.app(scope, receive, send)
  File "/root/.pyenv/versions/3.11.1/lib/python3.11/site-packages/starlette/middleware/exceptions.py", line 79, in __call__
    raise exc
  File "/root/.pyenv/versions/3.11.1/lib/python3.11/site-packages/starlette/middleware/exceptions.py", line 68, in __call__
    await self.app(scope, receive, sender)
  File "/root/.pyenv/versions/3.11.1/lib/python3.11/contextlib.py", line 222, in __aexit__
    await self.gen.athrow(typ, value, traceback)
  File "/root/.pyenv/versions/3.11.1/lib/python3.11/site-packages/fastapi/concurrency.py", line 36, in contextmanager_in_threadpool
    raise e
sqlalchemy.exc.OperationalError: (sqlite3.OperationalError) no such column: shift_types.time_segments
[SQL: SELECT shift_types.id AS shift_types_id, shift_types.shift_name AS shift_types_shift_name, shift_types.time_segments AS shift_types_time_segments, shift_types.work_hours AS shift_types_work_hours, shift_types.color AS shift_types_color, shift_types.is_night AS shift_types_is_night, shift_types.is_active AS shift_types_is_active, shift_types.created_at AS shift_types_created_at 
FROM shift_types 
WHERE shift_types.shift_name = ?
 LIMIT ? OFFSET ?]
[parameters: ('中班', 1, 0)]
(Background on this error at: https://sqlalche.me/e/20/e3q8)
INFO:     10.3.5.15:0 - "POST /api/schedules/import HTTP/1.1" 500 Internal Server Error
ERROR:    Exception in ASGI application
Traceback (most recent call last):
  File "/root/.pyenv/versions/3.11.1/lib/python3.11/site-packages/sqlalchemy/engine/base.py", line 1969, in _exec_single_context
    self.dialect.do_execute(
  File "/root/.pyenv/versions/3.11.1/lib/python3.11/site-packages/sqlalchemy/engine/default.py", line 922, in do_execute
    cursor.execute(statement, parameters)
sqlite3.OperationalError: no such column: shift_types.time_segments

The above exception was the direct cause of the following exception:

Traceback (most recent call last):
  File "/root/.pyenv/versions/3.11.1/lib/python3.11/site-packages/uvicorn/protocols/http/httptools_impl.py", line 426, in run_asgi
    result = await app(  # type: ignore[func-returns-value]
             ^^^^^^^^^^^^^^^^^^^^^^^^^^^^^^^^^^^^^^^^^^^^^^
  File "/root/.pyenv/versions/3.11.1/lib/python3.11/site-packages/uvicorn/middleware/proxy_headers.py", line 84, in __call__
    return await self.app(scope, receive, send)
           ^^^^^^^^^^^^^^^^^^^^^^^^^^^^^^^^^^^^
  File "/root/.pyenv/versions/3.11.1/lib/python3.11/site-packages/fastapi/applications.py", line 1106, in __call__
    await super().__call__(scope, receive, send)
  File "/root/.pyenv/versions/3.11.1/lib/python3.11/site-packages/starlette/applications.py", line 122, in __call__
    await self.middleware_stack(scope, receive, send)
  File "/root/.pyenv/versions/3.11.1/lib/python3.11/site-packages/starlette/middleware/errors.py", line 184, in __call__
    raise exc
  File "/root/.pyenv/versions/3.11.1/lib/python3.11/site-packages/starlette/middleware/errors.py", line 162, in __call__
    await self.app(scope, receive, _send)
  File "/root/.pyenv/versions/3.11.1/lib/python3.11/site-packages/starlette/middleware/cors.py", line 91, in __call__
    await self.simple_response(scope, receive, send, request_headers=headers)
  File "/root/.pyenv/versions/3.11.1/lib/python3.11/site-packages/starlette/middleware/cors.py", line 146, in simple_response
    await self.app(scope, receive, send)
  File "/root/.pyenv/versions/3.11.1/lib/python3.11/site-packages/starlette/middleware/exceptions.py", line 79, in __call__
    raise exc
  File "/root/.pyenv/versions/3.11.1/lib/python3.11/site-packages/starlette/middleware/exceptions.py", line 68, in __call__
    await self.app(scope, receive, sender)
  File "/root/.pyenv/versions/3.11.1/lib/python3.11/contextlib.py", line 222, in __aexit__
    await self.gen.athrow(typ, value, traceback)
  File "/root/.pyenv/versions/3.11.1/lib/python3.11/site-packages/fastapi/concurrency.py", line 36, in contextmanager_in_threadpool
    raise e
sqlalchemy.exc.OperationalError: (sqlite3.OperationalError) no such column: shift_types.time_segments
[SQL: SELECT shift_types.id AS shift_types_id, shift_types.shift_name AS shift_types_shift_name, shift_types.time_segments AS shift_types_time_segments, shift_types.work_hours AS shift_types_work_hours, shift_types.color AS shift_types_color, shift_types.is_night AS shift_types_is_night, shift_types.is_active AS shift_types_is_active, shift_types.created_at AS shift_types_created_at 
FROM shift_types 
WHERE shift_types.shift_name = ?
 LIMIT ? OFFSET ?]
[parameters: ('中班', 1, 0)]
(Background on this error at: https://sqlalche.me/e/20/e3q8)
INFO:     192.168.65.129:0 - "GET /api/employees?limit=1000 HTTP/1.1" 422 Unprocessable Entity
INFO:     192.168.65.193:0 - "GET /api/employees/teams HTTP/1.1" 200 OK
INFO:     192.168.65.129:0 - "GET /api/shift-types HTTP/1.1" 500 Internal Server Error
ERROR:    Exception in ASGI application
Traceback (most recent call last):
  File "/root/.pyenv/versions/3.11.1/lib/python3.11/site-packages/sqlalchemy/engine/base.py", line 1969, in _exec_single_context
    self.dialect.do_execute(
  File "/root/.pyenv/versions/3.11.1/lib/python3.11/site-packages/sqlalchemy/engine/default.py", line 922, in do_execute
    cursor.execute(statement, parameters)
sqlite3.OperationalError: no such column: shift_types.time_segments

The above exception was the direct cause of the following exception:

Traceback (most recent call last):
  File "/root/.pyenv/versions/3.11.1/lib/python3.11/site-packages/uvicorn/protocols/http/httptools_impl.py", line 426, in run_asgi
    result = await app(  # type: ignore[func-returns-value]
             ^^^^^^^^^^^^^^^^^^^^^^^^^^^^^^^^^^^^^^^^^^^^^^
  File "/root/.pyenv/versions/3.11.1/lib/python3.11/site-packages/uvicorn/middleware/proxy_headers.py", line 84, in __call__
    return await self.app(scope, receive, send)
           ^^^^^^^^^^^^^^^^^^^^^^^^^^^^^^^^^^^^
  File "/root/.pyenv/versions/3.11.1/lib/python3.11/site-packages/fastapi/applications.py", line 1106, in __call__
    await super().__call__(scope, receive, send)
  File "/root/.pyenv/versions/3.11.1/lib/python3.11/site-packages/starlette/applications.py", line 122, in __call__
    await self.middleware_stack(scope, receive, send)
  File "/root/.pyenv/versions/3.11.1/lib/python3.11/site-packages/starlette/middleware/errors.py", line 184, in __call__
    raise exc
  File "/root/.pyenv/versions/3.11.1/lib/python3.11/site-packages/starlette/middleware/errors.py", line 162, in __call__
    await self.app(scope, receive, _send)
  File "/root/.pyenv/versions/3.11.1/lib/python3.11/site-packages/starlette/middleware/cors.py", line 83, in __call__
    await self.app(scope, receive, send)
  File "/root/.pyenv/versions/3.11.1/lib/python3.11/site-packages/starlette/middleware/exceptions.py", line 79, in __call__
    raise exc
  File "/root/.pyenv/versions/3.11.1/lib/python3.11/site-packages/starlette/middleware/exceptions.py", line 68, in __call__
    await self.app(scope, receive, sender)
  File "/root/.pyenv/versions/3.11.1/lib/python3.11/contextlib.py", line 222, in __aexit__
    await self.gen.athrow(typ, value, traceback)
  File "/root/.pyenv/versions/3.11.1/lib/python3.11/site-packages/fastapi/concurrency.py", line 36, in contextmanager_in_threadpool
    raise e
sqlalchemy.exc.OperationalError: (sqlite3.OperationalError) no such column: shift_types.time_segments
[SQL: SELECT shift_types.id AS shift_types_id, shift_types.shift_name AS shift_types_shift_name, shift_types.time_segments AS shift_types_time_segments, shift_types.work_hours AS shift_types_work_hours, shift_types.color AS shift_types_color, shift_types.is_night AS shift_types_is_night, shift_types.is_active AS shift_types_is_active, shift_types.created_at AS shift_types_created_at 
FROM shift_types 
WHERE shift_types.is_active = 1]
(Background on this error at: https://sqlalche.me/e/20/e3q8)
INFO:     10.3.5.15:0 - "GET /api/schedules?date=&team= HTTP/1.1" 200 OK
INFO:     192.168.65.193:0 - "POST /api/auth/login HTTP/1.1" 200 OK
INFO:     192.168.65.193:0 - "GET /api/api/teams HTTP/1.1" 404 Not Found
INFO:     192.168.65.129:0 - "GET /api/api/departments HTTP/1.1" 404 Not Found
INFO:     10.3.5.15:0 - "GET /api/reports/daily?schedule_date=2026-04-28 HTTP/1.1" 200 OK
INFO:     192.168.65.193:0 - "GET /api/stats HTTP/1.1" 200 OK
INFO:     10.3.5.7:0 - "GET /api/reports/team-ranking?year_month=2026-04 HTTP/1.1" 200 OK
INFO:     192.168.65.129:0 - "GET /api/shift-types HTTP/1.1" 500 Internal Server Error
ERROR:    Exception in ASGI application
Traceback (most recent call last):
  File "/root/.pyenv/versions/3.11.1/lib/python3.11/site-packages/sqlalchemy/engine/base.py", line 1969, in _exec_single_context
    self.dialect.do_execute(
  File "/root/.pyenv/versions/3.11.1/lib/python3.11/site-packages/sqlalchemy/engine/default.py", line 922, in do_execute
    cursor.execute(statement, parameters)
sqlite3.OperationalError: no such column: shift_types.time_segments

The above exception was the direct cause of the following exception:

Traceback (most recent call last):
  File "/root/.pyenv/versions/3.11.1/lib/python3.11/site-packages/uvicorn/protocols/http/httptools_impl.py", line 426, in run_asgi
    result = await app(  # type: ignore[func-returns-value]
             ^^^^^^^^^^^^^^^^^^^^^^^^^^^^^^^^^^^^^^^^^^^^^^
  File "/root/.pyenv/versions/3.11.1/lib/python3.11/site-packages/uvicorn/middleware/proxy_headers.py", line 84, in __call__
    return await self.app(scope, receive, send)
           ^^^^^^^^^^^^^^^^^^^^^^^^^^^^^^^^^^^^
  File "/root/.pyenv/versions/3.11.1/lib/python3.11/site-packages/fastapi/applications.py", line 1106, in __call__
    await super().__call__(scope, receive, send)
  File "/root/.pyenv/versions/3.11.1/lib/python3.11/site-packages/starlette/applications.py", line 122, in __call__
    await self.middleware_stack(scope, receive, send)
  File "/root/.pyenv/versions/3.11.1/lib/python3.11/site-packages/starlette/middleware/errors.py", line 184, in __call__
    raise exc
  File "/root/.pyenv/versions/3.11.1/lib/python3.11/site-packages/starlette/middleware/errors.py", line 162, in __call__
    await self.app(scope, receive, _send)
  File "/root/.pyenv/versions/3.11.1/lib/python3.11/site-packages/starlette/middleware/cors.py", line 83, in __call__
    await self.app(scope, receive, send)
  File "/root/.pyenv/versions/3.11.1/lib/python3.11/site-packages/starlette/middleware/exceptions.py", line 79, in __call__
    raise exc
  File "/root/.pyenv/versions/3.11.1/lib/python3.11/site-packages/starlette/middleware/exceptions.py", line 68, in __call__
    await self.app(scope, receive, sender)
  File "/root/.pyenv/versions/3.11.1/lib/python3.11/contextlib.py", line 222, in __aexit__
    await self.gen.athrow(typ, value, traceback)
  File "/root/.pyenv/versions/3.11.1/lib/python3.11/site-packages/fastapi/concurrency.py", line 36, in contextmanager_in_threadpool
    raise e
sqlalchemy.exc.OperationalError: (sqlite3.OperationalError) no such column: shift_types.time_segments
[SQL: SELECT shift_types.id AS shift_types_id, shift_types.shift_name AS shift_types_shift_name, shift_types.time_segments AS shift_types_time_segments, shift_types.work_hours AS shift_types_work_hours, shift_types.color AS shift_types_color, shift_types.is_night AS shift_types_is_night, shift_types.is_active AS shift_types_is_active, shift_types.created_at AS shift_types_created_at 
FROM shift_types 
WHERE shift_types.is_active = 1]
(Background on this error at: https://sqlalche.me/e/20/e3q8)
INFO:     10.3.5.15:0 - "GET /api/schedules?date=&team= HTTP/1.1" 200 OK
INFO:     10.3.5.7:0 - "GET /api/employees?limit=1000 HTTP/1.1" 422 Unprocessable Entity
INFO:     192.168.65.129:0 - "GET /api/employees/teams HTTP/1.1" 200 OK
INFO:     192.168.65.193:0 - "GET /api/checkins?page=1&limit=20 HTTP/1.1" 200 OK
INFO:     192.168.65.129:0 - "GET /api/employees/teams HTTP/1.1" 200 OK
INFO:     10.3.5.15:0 - "GET /api/checkins/report?date=2026-04-28 HTTP/1.1" 200 OK
INFO:     10.3.5.15:0 - "GET /api/shift-types HTTP/1.1" 500 Internal Server Error
ERROR:    Exception in ASGI application
Traceback (most recent call last):
  File "/root/.pyenv/versions/3.11.1/lib/python3.11/site-packages/sqlalchemy/engine/base.py", line 1969, in _exec_single_context
    self.dialect.do_execute(
  File "/root/.pyenv/versions/3.11.1/lib/python3.11/site-packages/sqlalchemy/engine/default.py", line 922, in do_execute
    cursor.execute(statement, parameters)
sqlite3.OperationalError: no such column: shift_types.time_segments

The above exception was the direct cause of the following exception:

Traceback (most recent call last):
  File "/root/.pyenv/versions/3.11.1/lib/python3.11/site-packages/uvicorn/protocols/http/httptools_impl.py", line 426, in run_asgi
    result = await app(  # type: ignore[func-returns-value]
             ^^^^^^^^^^^^^^^^^^^^^^^^^^^^^^^^^^^^^^^^^^^^^^
  File "/root/.pyenv/versions/3.11.1/lib/python3.11/site-packages/uvicorn/middleware/proxy_headers.py", line 84, in __call__
    return await self.app(scope, receive, send)
           ^^^^^^^^^^^^^^^^^^^^^^^^^^^^^^^^^^^^
  File "/root/.pyenv/versions/3.11.1/lib/python3.11/site-packages/fastapi/applications.py", line 1106, in __call__
    await super().__call__(scope, receive, send)
  File "/root/.pyenv/versions/3.11.1/lib/python3.11/site-packages/starlette/applications.py", line 122, in __call__
    await self.middleware_stack(scope, receive, send)
  File "/root/.pyenv/versions/3.11.1/lib/python3.11/site-packages/starlette/middleware/errors.py", line 184, in __call__
    raise exc
  File "/root/.pyenv/versions/3.11.1/lib/python3.11/site-packages/starlette/middleware/errors.py", line 162, in __call__
    await self.app(scope, receive, _send)
  File "/root/.pyenv/versions/3.11.1/lib/python3.11/site-packages/starlette/middleware/cors.py", line 83, in __call__
    await self.app(scope, receive, send)
  File "/root/.pyenv/versions/3.11.1/lib/python3.11/site-packages/starlette/middleware/exceptions.py", line 79, in __call__
    raise exc
  File "/root/.pyenv/versions/3.11.1/lib/python3.11/site-packages/starlette/middleware/exceptions.py", line 68, in __call__
    await self.app(scope, receive, sender)
  File "/root/.pyenv/versions/3.11.1/lib/python3.11/contextlib.py", line 222, in __aexit__
    await self.gen.athrow(typ, value, traceback)
  File "/root/.pyenv/versions/3.11.1/lib/python3.11/site-packages/fastapi/concurrency.py", line 36, in contextmanager_in_threadpool
    raise e
sqlalchemy.exc.OperationalError: (sqlite3.OperationalError) no such column: shift_types.time_segments
[SQL: SELECT shift_types.id AS shift_types_id, shift_types.shift_name AS shift_types_shift_name, shift_types.time_segments AS shift_types_time_segments, shift_types.work_hours AS shift_types_work_hours, shift_types.color AS shift_types_color, shift_types.is_night AS shift_types_is_night, shift_types.is_active AS shift_types_is_active, shift_types.created_at AS shift_types_created_at 
FROM shift_types 
WHERE shift_types.is_active = 1]
(Background on this error at: https://sqlalche.me/e/20/e3q8)
INFO:     192.168.65.193:0 - "GET /api/employees/teams HTTP/1.1" 200 OK
INFO:     192.168.65.129:0 - "GET /api/employees?limit=1000 HTTP/1.1" 422 Unprocessable Entity
INFO:     10.3.5.15:0 - "GET /api/schedules?date=&team= HTTP/1.1" 200 OK
INFO:     192.168.65.193:0 - "POST /api/schedules/import HTTP/1.1" 500 Internal Server Error
ERROR:    Exception in ASGI application
Traceback (most recent call last):
  File "/root/.pyenv/versions/3.11.1/lib/python3.11/site-packages/sqlalchemy/engine/base.py", line 1969, in _exec_single_context
    self.dialect.do_execute(
  File "/root/.pyenv/versions/3.11.1/lib/python3.11/site-packages/sqlalchemy/engine/default.py", line 922, in do_execute
    cursor.execute(statement, parameters)
sqlite3.OperationalError: no such column: shift_types.time_segments

The above exception was the direct cause of the following exception:

Traceback (most recent call last):
  File "/root/.pyenv/versions/3.11.1/lib/python3.11/site-packages/uvicorn/protocols/http/httptools_impl.py", line 426, in run_asgi
    result = await app(  # type: ignore[func-returns-value]
             ^^^^^^^^^^^^^^^^^^^^^^^^^^^^^^^^^^^^^^^^^^^^^^
  File "/root/.pyenv/versions/3.11.1/lib/python3.11/site-packages/uvicorn/middleware/proxy_headers.py", line 84, in __call__
    return await self.app(scope, receive, send)
           ^^^^^^^^^^^^^^^^^^^^^^^^^^^^^^^^^^^^
  File "/root/.pyenv/versions/3.11.1/lib/python3.11/site-packages/fastapi/applications.py", line 1106, in __call__
    await super().__call__(scope, receive, send)
  File "/root/.pyenv/versions/3.11.1/lib/python3.11/site-packages/starlette/applications.py", line 122, in __call__
    await self.middleware_stack(scope, receive, send)
  File "/root/.pyenv/versions/3.11.1/lib/python3.11/site-packages/starlette/middleware/errors.py", line 184, in __call__
    raise exc
  File "/root/.pyenv/versions/3.11.1/lib/python3.11/site-packages/starlette/middleware/errors.py", line 162, in __call__
    await self.app(scope, receive, _send)
  File "/root/.pyenv/versions/3.11.1/lib/python3.11/site-packages/starlette/middleware/cors.py", line 91, in __call__
    await self.simple_response(scope, receive, send, request_headers=headers)
  File "/root/.pyenv/versions/3.11.1/lib/python3.11/site-packages/starlette/middleware/cors.py", line 146, in simple_response
    await self.app(scope, receive, send)
  File "/root/.pyenv/versions/3.11.1/lib/python3.11/site-packages/starlette/middleware/exceptions.py", line 79, in __call__
    raise exc
  File "/root/.pyenv/versions/3.11.1/lib/python3.11/site-packages/starlette/middleware/exceptions.py", line 68, in __call__
    await self.app(scope, receive, sender)
  File "/root/.pyenv/versions/3.11.1/lib/python3.11/contextlib.py", line 222, in __aexit__
    await self.gen.athrow(typ, value, traceback)
  File "/root/.pyenv/versions/3.11.1/lib/python3.11/site-packages/fastapi/concurrency.py", line 36, in contextmanager_in_threadpool
    raise e
sqlalchemy.exc.OperationalError: (sqlite3.OperationalError) no such column: shift_types.time_segments
[SQL: SELECT shift_types.id AS shift_types_id, shift_types.shift_name AS shift_types_shift_name, shift_types.time_segments AS shift_types_time_segments, shift_types.work_hours AS shift_types_work_hours, shift_types.color AS shift_types_color, shift_types.is_night AS shift_types_is_night, shift_types.is_active AS shift_types_is_active, shift_types.created_at AS shift_types_created_at 
FROM shift_types 
WHERE shift_types.shift_name = ?
 LIMIT ? OFFSET ?]
[parameters: ('中班', 1, 0)]
(Background on this error at: https://sqlalche.me/e/20/e3q8)
INFO:     192.168.65.193:0 - "GET /api/employees?limit=1000 HTTP/1.1" 422 Unprocessable Entity
INFO:     10.3.5.7:0 - "GET /api/shift-types HTTP/1.1" 500 Internal Server Error
ERROR:    Exception in ASGI application
Traceback (most recent call last):
  File "/root/.pyenv/versions/3.11.1/lib/python3.11/site-packages/sqlalchemy/engine/base.py", line 1969, in _exec_single_context
    self.dialect.do_execute(
  File "/root/.pyenv/versions/3.11.1/lib/python3.11/site-packages/sqlalchemy/engine/default.py", line 922, in do_execute
    cursor.execute(statement, parameters)
sqlite3.OperationalError: no such column: shift_types.time_segments

The above exception was the direct cause of the following exception:

Traceback (most recent call last):
  File "/root/.pyenv/versions/3.11.1/lib/python3.11/site-packages/uvicorn/protocols/http/httptools_impl.py", line 426, in run_asgi
    result = await app(  # type: ignore[func-returns-value]
             ^^^^^^^^^^^^^^^^^^^^^^^^^^^^^^^^^^^^^^^^^^^^^^
  File "/root/.pyenv/versions/3.11.1/lib/python3.11/site-packages/uvicorn/middleware/proxy_headers.py", line 84, in __call__
    return await self.app(scope, receive, send)
           ^^^^^^^^^^^^^^^^^^^^^^^^^^^^^^^^^^^^
  File "/root/.pyenv/versions/3.11.1/lib/python3.11/site-packages/fastapi/applications.py", line 1106, in __call__
    await super().__call__(scope, receive, send)
  File "/root/.pyenv/versions/3.11.1/lib/python3.11/site-packages/starlette/applications.py", line 122, in __call__
    await self.middleware_stack(scope, receive, send)
  File "/root/.pyenv/versions/3.11.1/lib/python3.11/site-packages/starlette/middleware/errors.py", line 184, in __call__
    raise exc
  File "/root/.pyenv/versions/3.11.1/lib/python3.11/site-packages/starlette/middleware/errors.py", line 162, in __call__
    await self.app(scope, receive, _send)
  File "/root/.pyenv/versions/3.11.1/lib/python3.11/site-packages/starlette/middleware/cors.py", line 83, in __call__
    await self.app(scope, receive, send)
  File "/root/.pyenv/versions/3.11.1/lib/python3.11/site-packages/starlette/middleware/exceptions.py", line 79, in __call__
    raise exc
  File "/root/.pyenv/versions/3.11.1/lib/python3.11/site-packages/starlette/middleware/exceptions.py", line 68, in __call__
    await self.app(scope, receive, sender)
  File "/root/.pyenv/versions/3.11.1/lib/python3.11/contextlib.py", line 222, in __aexit__
    await self.gen.athrow(typ, value, traceback)
  File "/root/.pyenv/versions/3.11.1/lib/python3.11/site-packages/fastapi/concurrency.py", line 36, in contextmanager_in_threadpool
    raise e
sqlalchemy.exc.OperationalError: (sqlite3.OperationalError) no such column: shift_types.time_segments
[SQL: SELECT shift_types.id AS shift_types_id, shift_types.shift_name AS shift_types_shift_name, shift_types.time_segments AS shift_types_time_segments, shift_types.work_hours AS shift_types_work_hours, shift_types.color AS shift_types_color, shift_types.is_night AS shift_types_is_night, shift_types.is_active AS shift_types_is_active, shift_types.created_at AS shift_types_created_at 
FROM shift_types 
WHERE shift_types.is_active = 1]
(Background on this error at: https://sqlalche.me/e/20/e3q8)
INFO:     10.3.5.15:0 - "GET /api/employees/teams HTTP/1.1" 200 OK
INFO:     192.168.65.129:0 - "GET /api/schedules?date=&team= HTTP/1.1" 200 OK
INFO:     10.3.5.15:0 - "GET /favicon.ico HTTP/1.1" 404 Not Found
INFO:     10.3.5.15:0 - "GET /api/employees/departments HTTP/1.1" 200 OK
INFO:     192.168.65.129:0 - "GET /api/employees/teams HTTP/1.1" 200 OK
INFO:     192.168.65.193:0 - "GET /api/employees?page=1&limit=20&search=&team=&dept= HTTP/1.1" 200 OK
INFO:     10.3.5.7:0 - "GET /api/shift-types HTTP/1.1" 500 Internal Server Error
ERROR:    Exception in ASGI application
Traceback (most recent call last):
  File "/root/.pyenv/versions/3.11.1/lib/python3.11/site-packages/sqlalchemy/engine/base.py", line 1969, in _exec_single_context
    self.dialect.do_execute(
  File "/root/.pyenv/versions/3.11.1/lib/python3.11/site-packages/sqlalchemy/engine/default.py", line 922, in do_execute
    cursor.execute(statement, parameters)
sqlite3.OperationalError: no such column: shift_types.time_segments

The above exception was the direct cause of the following exception:

Traceback (most recent call last):
  File "/root/.pyenv/versions/3.11.1/lib/python3.11/site-packages/uvicorn/protocols/http/httptools_impl.py", line 426, in run_asgi
    result = await app(  # type: ignore[func-returns-value]
             ^^^^^^^^^^^^^^^^^^^^^^^^^^^^^^^^^^^^^^^^^^^^^^
  File "/root/.pyenv/versions/3.11.1/lib/python3.11/site-packages/uvicorn/middleware/proxy_headers.py", line 84, in __call__
    return await self.app(scope, receive, send)
           ^^^^^^^^^^^^^^^^^^^^^^^^^^^^^^^^^^^^
  File "/root/.pyenv/versions/3.11.1/lib/python3.11/site-packages/fastapi/applications.py", line 1106, in __call__
    await super().__call__(scope, receive, send)
  File "/root/.pyenv/versions/3.11.1/lib/python3.11/site-packages/starlette/applications.py", line 122, in __call__
    await self.middleware_stack(scope, receive, send)
  File "/root/.pyenv/versions/3.11.1/lib/python3.11/site-packages/starlette/middleware/errors.py", line 184, in __call__
    raise exc
  File "/root/.pyenv/versions/3.11.1/lib/python3.11/site-packages/starlette/middleware/errors.py", line 162, in __call__
    await self.app(scope, receive, _send)
  File "/root/.pyenv/versions/3.11.1/lib/python3.11/site-packages/starlette/middleware/cors.py", line 83, in __call__
    await self.app(scope, receive, send)
  File "/root/.pyenv/versions/3.11.1/lib/python3.11/site-packages/starlette/middleware/exceptions.py", line 79, in __call__
    raise exc
  File "/root/.pyenv/versions/3.11.1/lib/python3.11/site-packages/starlette/middleware/exceptions.py", line 68, in __call__
    await self.app(scope, receive, sender)
  File "/root/.pyenv/versions/3.11.1/lib/python3.11/contextlib.py", line 222, in __aexit__
    await self.gen.athrow(typ, value, traceback)
  File "/root/.pyenv/versions/3.11.1/lib/python3.11/site-packages/fastapi/concurrency.py", line 36, in contextmanager_in_threadpool
    raise e
sqlalchemy.exc.OperationalError: (sqlite3.OperationalError) no such column: shift_types.time_segments
[SQL: SELECT shift_types.id AS shift_types_id, shift_types.shift_name AS shift_types_shift_name, shift_types.time_segments AS shift_types_time_segments, shift_types.work_hours AS shift_types_work_hours, shift_types.color AS shift_types_color, shift_types.is_night AS shift_types_is_night, shift_types.is_active AS shift_types_is_active, shift_types.created_at AS shift_types_created_at 
FROM shift_types 
WHERE shift_types.is_active = 1]
(Background on this error at: https://sqlalche.me/e/20/e3q8)
INFO:     10.3.5.15:0 - "GET /api/employees?limit=1000 HTTP/1.1" 422 Unprocessable Entity
INFO:     192.168.65.193:0 - "GET /api/schedules?date=&team= HTTP/1.1" 200 OK
INFO:     10.3.5.7:0 - "GET /api/employees/teams HTTP/1.1" 200 OK
INFO:     10.3.5.7:0 - "POST /api/schedules/import HTTP/1.1" 500 Internal Server Error
ERROR:    Exception in ASGI application
Traceback (most recent call last):
  File "/root/.pyenv/versions/3.11.1/lib/python3.11/site-packages/sqlalchemy/engine/base.py", line 1969, in _exec_single_context
    self.dialect.do_execute(
  File "/root/.pyenv/versions/3.11.1/lib/python3.11/site-packages/sqlalchemy/engine/default.py", line 922, in do_execute
    cursor.execute(statement, parameters)
sqlite3.OperationalError: no such column: shift_types.time_segments

The above exception was the direct cause of the following exception:

Traceback (most recent call last):
  File "/root/.pyenv/versions/3.11.1/lib/python3.11/site-packages/uvicorn/protocols/http/httptools_impl.py", line 426, in run_asgi
    result = await app(  # type: ignore[func-returns-value]
             ^^^^^^^^^^^^^^^^^^^^^^^^^^^^^^^^^^^^^^^^^^^^^^
  File "/root/.pyenv/versions/3.11.1/lib/python3.11/site-packages/uvicorn/middleware/proxy_headers.py", line 84, in __call__
    return await self.app(scope, receive, send)
           ^^^^^^^^^^^^^^^^^^^^^^^^^^^^^^^^^^^^
  File "/root/.pyenv/versions/3.11.1/lib/python3.11/site-packages/fastapi/applications.py", line 1106, in __call__
    await super().__call__(scope, receive, send)
  File "/root/.pyenv/versions/3.11.1/lib/python3.11/site-packages/starlette/applications.py", line 122, in __call__
    await self.middleware_stack(scope, receive, send)
  File "/root/.pyenv/versions/3.11.1/lib/python3.11/site-packages/starlette/middleware/errors.py", line 184, in __call__
    raise exc
  File "/root/.pyenv/versions/3.11.1/lib/python3.11/site-packages/starlette/middleware/errors.py", line 162, in __call__
    await self.app(scope, receive, _send)
  File "/root/.pyenv/versions/3.11.1/lib/python3.11/site-packages/starlette/middleware/cors.py", line 91, in __call__
    await self.simple_response(scope, receive, send, request_headers=headers)
  File "/root/.pyenv/versions/3.11.1/lib/python3.11/site-packages/starlette/middleware/cors.py", line 146, in simple_response
    await self.app(scope, receive, send)
  File "/root/.pyenv/versions/3.11.1/lib/python3.11/site-packages/starlette/middleware/exceptions.py", line 79, in __call__
    raise exc
  File "/root/.pyenv/versions/3.11.1/lib/python3.11/site-packages/starlette/middleware/exceptions.py", line 68, in __call__
    await self.app(scope, receive, sender)
  File "/root/.pyenv/versions/3.11.1/lib/python3.11/contextlib.py", line 222, in __aexit__
    await self.gen.athrow(typ, value, traceback)
  File "/root/.pyenv/versions/3.11.1/lib/python3.11/site-packages/fastapi/concurrency.py", line 36, in contextmanager_in_threadpool
    raise e
sqlalchemy.exc.OperationalError: (sqlite3.OperationalError) no such column: shift_types.time_segments
[SQL: SELECT shift_types.id AS shift_types_id, shift_types.shift_name AS shift_types_shift_name, shift_types.time_segments AS shift_types_time_segments, shift_types.work_hours AS shift_types_work_hours, shift_types.color AS shift_types_color, shift_types.is_night AS shift_types_is_night, shift_types.is_active AS shift_types_is_active, shift_types.created_at AS shift_types_created_at 
FROM shift_types 
WHERE shift_types.shift_name = ?
 LIMIT ? OFFSET ?]
[parameters: ('中班', 1, 0)]
(Background on this error at: https://sqlalche.me/e/20/e3q8)
INFO:     Shutting down
INFO:     Waiting for application shutdown.
INFO:     Application shutdown complete.
INFO:     Finished server process [13081]
INFO:     Started server process [16865]
INFO:     Waiting for application startup.
INFO:     Application startup complete.
INFO:     Uvicorn running on http://0.0.0.0:5000 (Press CTRL+C to quit)
INFO:     192.168.65.193:0 - "POST /api/schedules/import HTTP/1.1" 500 Internal Server Error
ERROR:    Exception in ASGI application
Traceback (most recent call last):
  File "/root/.pyenv/versions/3.11.1/lib/python3.11/site-packages/sqlalchemy/engine/base.py", line 1969, in _exec_single_context
    self.dialect.do_execute(
  File "/root/.pyenv/versions/3.11.1/lib/python3.11/site-packages/sqlalchemy/engine/default.py", line 922, in do_execute
    cursor.execute(statement, parameters)
sqlite3.OperationalError: no such column: shift_types.time_segments

The above exception was the direct cause of the following exception:

Traceback (most recent call last):
  File "/root/.pyenv/versions/3.11.1/lib/python3.11/site-packages/uvicorn/protocols/http/httptools_impl.py", line 426, in run_asgi
    result = await app(  # type: ignore[func-returns-value]
             ^^^^^^^^^^^^^^^^^^^^^^^^^^^^^^^^^^^^^^^^^^^^^^
  File "/root/.pyenv/versions/3.11.1/lib/python3.11/site-packages/uvicorn/middleware/proxy_headers.py", line 84, in __call__
    return await self.app(scope, receive, send)
           ^^^^^^^^^^^^^^^^^^^^^^^^^^^^^^^^^^^^
  File "/root/.pyenv/versions/3.11.1/lib/python3.11/site-packages/fastapi/applications.py", line 1106, in __call__
    await super().__call__(scope, receive, send)
  File "/root/.pyenv/versions/3.11.1/lib/python3.11/site-packages/starlette/applications.py", line 122, in __call__
    await self.middleware_stack(scope, receive, send)
  File "/root/.pyenv/versions/3.11.1/lib/python3.11/site-packages/starlette/middleware/errors.py", line 184, in __call__
    raise exc
  File "/root/.pyenv/versions/3.11.1/lib/python3.11/site-packages/starlette/middleware/errors.py", line 162, in __call__
    await self.app(scope, receive, _send)
  File "/root/.pyenv/versions/3.11.1/lib/python3.11/site-packages/starlette/middleware/cors.py", line 91, in __call__
    await self.simple_response(scope, receive, send, request_headers=headers)
  File "/root/.pyenv/versions/3.11.1/lib/python3.11/site-packages/starlette/middleware/cors.py", line 146, in simple_response
    await self.app(scope, receive, send)
  File "/root/.pyenv/versions/3.11.1/lib/python3.11/site-packages/starlette/middleware/exceptions.py", line 79, in __call__
    raise exc
  File "/root/.pyenv/versions/3.11.1/lib/python3.11/site-packages/starlette/middleware/exceptions.py", line 68, in __call__
    await self.app(scope, receive, sender)
  File "/root/.pyenv/versions/3.11.1/lib/python3.11/contextlib.py", line 222, in __aexit__
    await self.gen.athrow(typ, value, traceback)
  File "/root/.pyenv/versions/3.11.1/lib/python3.11/site-packages/fastapi/concurrency.py", line 36, in contextmanager_in_threadpool
    raise e
sqlalchemy.exc.OperationalError: (sqlite3.OperationalError) no such column: shift_types.time_segments
[SQL: SELECT shift_types.id AS shift_types_id, shift_types.shift_name AS shift_types_shift_name, shift_types.time_segments AS shift_types_time_segments, shift_types.work_hours AS shift_types_work_hours, shift_types.color AS shift_types_color, shift_types.is_night AS shift_types_is_night, shift_types.is_active AS shift_types_is_active, shift_types.created_at AS shift_types_created_at 
FROM shift_types 
WHERE shift_types.shift_name = ?
 LIMIT ? OFFSET ?]
[parameters: ('中班', 1, 0)]
(Background on this error at: https://sqlalche.me/e/20/e3q8)
INFO:     192.168.65.129:0 - "POST /api/schedules/import HTTP/1.1" 500 Internal Server Error
ERROR:    Exception in ASGI application
Traceback (most recent call last):
  File "/root/.pyenv/versions/3.11.1/lib/python3.11/site-packages/sqlalchemy/engine/base.py", line 1969, in _exec_single_context
    self.dialect.do_execute(
  File "/root/.pyenv/versions/3.11.1/lib/python3.11/site-packages/sqlalchemy/engine/default.py", line 922, in do_execute
    cursor.execute(statement, parameters)
sqlite3.OperationalError: no such column: shift_types.time_segments

The above exception was the direct cause of the following exception:

Traceback (most recent call last):
  File "/root/.pyenv/versions/3.11.1/lib/python3.11/site-packages/uvicorn/protocols/http/httptools_impl.py", line 426, in run_asgi
    result = await app(  # type: ignore[func-returns-value]
             ^^^^^^^^^^^^^^^^^^^^^^^^^^^^^^^^^^^^^^^^^^^^^^
  File "/root/.pyenv/versions/3.11.1/lib/python3.11/site-packages/uvicorn/middleware/proxy_headers.py", line 84, in __call__
    return await self.app(scope, receive, send)
           ^^^^^^^^^^^^^^^^^^^^^^^^^^^^^^^^^^^^
  File "/root/.pyenv/versions/3.11.1/lib/python3.11/site-packages/fastapi/applications.py", line 1106, in __call__
    await super().__call__(scope, receive, send)
  File "/root/.pyenv/versions/3.11.1/lib/python3.11/site-packages/starlette/applications.py", line 122, in __call__
    await self.middleware_stack(scope, receive, send)
  File "/root/.pyenv/versions/3.11.1/lib/python3.11/site-packages/starlette/middleware/errors.py", line 184, in __call__
    raise exc
  File "/root/.pyenv/versions/3.11.1/lib/python3.11/site-packages/starlette/middleware/errors.py", line 162, in __call__
    await self.app(scope, receive, _send)
  File "/root/.pyenv/versions/3.11.1/lib/python3.11/site-packages/starlette/middleware/cors.py", line 91, in __call__
    await self.simple_response(scope, receive, send, request_headers=headers)
  File "/root/.pyenv/versions/3.11.1/lib/python3.11/site-packages/starlette/middleware/cors.py", line 146, in simple_response
    await self.app(scope, receive, send)
  File "/root/.pyenv/versions/3.11.1/lib/python3.11/site-packages/starlette/middleware/exceptions.py", line 79, in __call__
    raise exc
  File "/root/.pyenv/versions/3.11.1/lib/python3.11/site-packages/starlette/middleware/exceptions.py", line 68, in __call__
    await self.app(scope, receive, sender)
  File "/root/.pyenv/versions/3.11.1/lib/python3.11/contextlib.py", line 222, in __aexit__
    await self.gen.athrow(typ, value, traceback)
  File "/root/.pyenv/versions/3.11.1/lib/python3.11/site-packages/fastapi/concurrency.py", line 36, in contextmanager_in_threadpool
    raise e
sqlalchemy.exc.OperationalError: (sqlite3.OperationalError) no such column: shift_types.time_segments
[SQL: SELECT shift_types.id AS shift_types_id, shift_types.shift_name AS shift_types_shift_name, shift_types.time_segments AS shift_types_time_segments, shift_types.work_hours AS shift_types_work_hours, shift_types.color AS shift_types_color, shift_types.is_night AS shift_types_is_night, shift_types.is_active AS shift_types_is_active, shift_types.created_at AS shift_types_created_at 
FROM shift_types 
WHERE shift_types.shift_name = ?
 LIMIT ? OFFSET ?]
[parameters: ('中班', 1, 0)]
(Background on this error at: https://sqlalche.me/e/20/e3q8)
INFO:     Shutting down
INFO:     Waiting for application shutdown.
INFO:     Application shutdown complete.
INFO:     Finished server process [16865]
INFO:     Started server process [17908]
INFO:     Waiting for application startup.
INFO:     Application startup complete.
INFO:     Uvicorn running on http://0.0.0.0:5000 (Press CTRL+C to quit)
INFO:     10.3.5.7:0 - "GET /api/employees/teams HTTP/1.1" 200 OK
INFO:     192.168.65.193:0 - "GET /api/shift-types HTTP/1.1" 500 Internal Server Error
ERROR:    Exception in ASGI application
Traceback (most recent call last):
  File "/root/.pyenv/versions/3.11.1/lib/python3.11/site-packages/sqlalchemy/engine/base.py", line 1969, in _exec_single_context
    self.dialect.do_execute(
  File "/root/.pyenv/versions/3.11.1/lib/python3.11/site-packages/sqlalchemy/engine/default.py", line 922, in do_execute
    cursor.execute(statement, parameters)
sqlite3.OperationalError: no such column: shift_types.time_segments

The above exception was the direct cause of the following exception:

Traceback (most recent call last):
  File "/root/.pyenv/versions/3.11.1/lib/python3.11/site-packages/uvicorn/protocols/http/httptools_impl.py", line 426, in run_asgi
    result = await app(  # type: ignore[func-returns-value]
             ^^^^^^^^^^^^^^^^^^^^^^^^^^^^^^^^^^^^^^^^^^^^^^
  File "/root/.pyenv/versions/3.11.1/lib/python3.11/site-packages/uvicorn/middleware/proxy_headers.py", line 84, in __call__
    return await self.app(scope, receive, send)
           ^^^^^^^^^^^^^^^^^^^^^^^^^^^^^^^^^^^^
  File "/root/.pyenv/versions/3.11.1/lib/python3.11/site-packages/fastapi/applications.py", line 1106, in __call__
    await super().__call__(scope, receive, send)
  File "/root/.pyenv/versions/3.11.1/lib/python3.11/site-packages/starlette/applications.py", line 122, in __call__
    await self.middleware_stack(scope, receive, send)
  File "/root/.pyenv/versions/3.11.1/lib/python3.11/site-packages/starlette/middleware/errors.py", line 184, in __call__
    raise exc
  File "/root/.pyenv/versions/3.11.1/lib/python3.11/site-packages/starlette/middleware/errors.py", line 162, in __call__
    await self.app(scope, receive, _send)
  File "/root/.pyenv/versions/3.11.1/lib/python3.11/site-packages/starlette/middleware/cors.py", line 83, in __call__
    await self.app(scope, receive, send)
  File "/root/.pyenv/versions/3.11.1/lib/python3.11/site-packages/starlette/middleware/exceptions.py", line 79, in __call__
    raise exc
  File "/root/.pyenv/versions/3.11.1/lib/python3.11/site-packages/starlette/middleware/exceptions.py", line 68, in __call__
    await self.app(scope, receive, sender)
  File "/root/.pyenv/versions/3.11.1/lib/python3.11/contextlib.py", line 222, in __aexit__
    await self.gen.athrow(typ, value, traceback)
  File "/root/.pyenv/versions/3.11.1/lib/python3.11/site-packages/fastapi/concurrency.py", line 36, in contextmanager_in_threadpool
    raise e
sqlalchemy.exc.OperationalError: (sqlite3.OperationalError) no such column: shift_types.time_segments
[SQL: SELECT shift_types.id AS shift_types_id, shift_types.shift_name AS shift_types_shift_name, shift_types.time_segments AS shift_types_time_segments, shift_types.work_hours AS shift_types_work_hours, shift_types.color AS shift_types_color, shift_types.is_night AS shift_types_is_night, shift_types.is_active AS shift_types_is_active, shift_types.created_at AS shift_types_created_at 
FROM shift_types 
WHERE shift_types.is_active = 1]
(Background on this error at: https://sqlalche.me/e/20/e3q8)
INFO:     192.168.65.193:0 - "GET /api/schedules?date=&team= HTTP/1.1" 200 OK
INFO:     10.3.5.7:0 - "GET /api/employees?limit=1000 HTTP/1.1" 422 Unprocessable Entity
INFO:     10.3.5.15:0 - "POST /api/auth/login HTTP/1.1" 200 OK
INFO:     10.3.5.15:0 - "GET /api/reports/team-ranking?year_month=2026-04 HTTP/1.1" 200 OK
INFO:     192.168.65.193:0 - "GET /api/api/teams HTTP/1.1" 404 Not Found
INFO:     10.3.5.7:0 - "GET /api/api/departments HTTP/1.1" 404 Not Found
INFO:     10.3.5.15:0 - "GET /api/reports/daily?schedule_date=2026-04-28 HTTP/1.1" 200 OK
INFO:     192.168.65.129:0 - "GET /api/stats HTTP/1.1" 200 OK
INFO:     10.3.5.15:0 - "GET /api/schedules?date=&team= HTTP/1.1" 200 OK
INFO:     192.168.65.193:0 - "GET /api/employees/teams HTTP/1.1" 200 OK
INFO:     192.168.65.193:0 - "GET /api/shift-types HTTP/1.1" 500 Internal Server Error
ERROR:    Exception in ASGI application
Traceback (most recent call last):
  File "/root/.pyenv/versions/3.11.1/lib/python3.11/site-packages/sqlalchemy/engine/base.py", line 1969, in _exec_single_context
    self.dialect.do_execute(
  File "/root/.pyenv/versions/3.11.1/lib/python3.11/site-packages/sqlalchemy/engine/default.py", line 922, in do_execute
    cursor.execute(statement, parameters)
sqlite3.OperationalError: no such column: shift_types.time_segments

The above exception was the direct cause of the following exception:

Traceback (most recent call last):
  File "/root/.pyenv/versions/3.11.1/lib/python3.11/site-packages/uvicorn/protocols/http/httptools_impl.py", line 426, in run_asgi
    result = await app(  # type: ignore[func-returns-value]
             ^^^^^^^^^^^^^^^^^^^^^^^^^^^^^^^^^^^^^^^^^^^^^^
  File "/root/.pyenv/versions/3.11.1/lib/python3.11/site-packages/uvicorn/middleware/proxy_headers.py", line 84, in __call__
    return await self.app(scope, receive, send)
           ^^^^^^^^^^^^^^^^^^^^^^^^^^^^^^^^^^^^
  File "/root/.pyenv/versions/3.11.1/lib/python3.11/site-packages/fastapi/applications.py", line 1106, in __call__
    await super().__call__(scope, receive, send)
  File "/root/.pyenv/versions/3.11.1/lib/python3.11/site-packages/starlette/applications.py", line 122, in __call__
    await self.middleware_stack(scope, receive, send)
  File "/root/.pyenv/versions/3.11.1/lib/python3.11/site-packages/starlette/middleware/errors.py", line 184, in __call__
    raise exc
  File "/root/.pyenv/versions/3.11.1/lib/python3.11/site-packages/starlette/middleware/errors.py", line 162, in __call__
    await self.app(scope, receive, _send)
  File "/root/.pyenv/versions/3.11.1/lib/python3.11/site-packages/starlette/middleware/cors.py", line 83, in __call__
    await self.app(scope, receive, send)
  File "/root/.pyenv/versions/3.11.1/lib/python3.11/site-packages/starlette/middleware/exceptions.py", line 79, in __call__
    raise exc
  File "/root/.pyenv/versions/3.11.1/lib/python3.11/site-packages/starlette/middleware/exceptions.py", line 68, in __call__
    await self.app(scope, receive, sender)
  File "/root/.pyenv/versions/3.11.1/lib/python3.11/contextlib.py", line 222, in __aexit__
    await self.gen.athrow(typ, value, traceback)
  File "/root/.pyenv/versions/3.11.1/lib/python3.11/site-packages/fastapi/concurrency.py", line 36, in contextmanager_in_threadpool
    raise e
sqlalchemy.exc.OperationalError: (sqlite3.OperationalError) no such column: shift_types.time_segments
[SQL: SELECT shift_types.id AS shift_types_id, shift_types.shift_name AS shift_types_shift_name, shift_types.time_segments AS shift_types_time_segments, shift_types.work_hours AS shift_types_work_hours, shift_types.color AS shift_types_color, shift_types.is_night AS shift_types_is_night, shift_types.is_active AS shift_types_is_active, shift_types.created_at AS shift_types_created_at 
FROM shift_types 
WHERE shift_types.is_active = 1]
(Background on this error at: https://sqlalche.me/e/20/e3q8)
INFO:     192.168.65.129:0 - "GET /api/employees?limit=1000 HTTP/1.1" 422 Unprocessable Entity
INFO:     10.3.5.7:0 - "GET /api/employees/departments HTTP/1.1" 200 OK
INFO:     192.168.65.129:0 - "GET /api/employees/teams HTTP/1.1" 200 OK
INFO:     192.168.65.193:0 - "GET /api/employees?page=1&limit=20&search=&team=&dept= HTTP/1.1" 200 OK
INFO:     10.3.5.15:0 - "GET /api/shift-types HTTP/1.1" 500 Internal Server Error
ERROR:    Exception in ASGI application
Traceback (most recent call last):
  File "/root/.pyenv/versions/3.11.1/lib/python3.11/site-packages/sqlalchemy/engine/base.py", line 1969, in _exec_single_context
    self.dialect.do_execute(
  File "/root/.pyenv/versions/3.11.1/lib/python3.11/site-packages/sqlalchemy/engine/default.py", line 922, in do_execute
    cursor.execute(statement, parameters)
sqlite3.OperationalError: no such column: shift_types.time_segments

The above exception was the direct cause of the following exception:

Traceback (most recent call last):
  File "/root/.pyenv/versions/3.11.1/lib/python3.11/site-packages/uvicorn/protocols/http/httptools_impl.py", line 426, in run_asgi
    result = await app(  # type: ignore[func-returns-value]
             ^^^^^^^^^^^^^^^^^^^^^^^^^^^^^^^^^^^^^^^^^^^^^^
  File "/root/.pyenv/versions/3.11.1/lib/python3.11/site-packages/uvicorn/middleware/proxy_headers.py", line 84, in __call__
    return await self.app(scope, receive, send)
           ^^^^^^^^^^^^^^^^^^^^^^^^^^^^^^^^^^^^
  File "/root/.pyenv/versions/3.11.1/lib/python3.11/site-packages/fastapi/applications.py", line 1106, in __call__
    await super().__call__(scope, receive, send)
  File "/root/.pyenv/versions/3.11.1/lib/python3.11/site-packages/starlette/applications.py", line 122, in __call__
    await self.middleware_stack(scope, receive, send)
  File "/root/.pyenv/versions/3.11.1/lib/python3.11/site-packages/starlette/middleware/errors.py", line 184, in __call__
    raise exc
  File "/root/.pyenv/versions/3.11.1/lib/python3.11/site-packages/starlette/middleware/errors.py", line 162, in __call__
    await self.app(scope, receive, _send)
  File "/root/.pyenv/versions/3.11.1/lib/python3.11/site-packages/starlette/middleware/cors.py", line 83, in __call__
    await self.app(scope, receive, send)
  File "/root/.pyenv/versions/3.11.1/lib/python3.11/site-packages/starlette/middleware/exceptions.py", line 79, in __call__
    raise exc
  File "/root/.pyenv/versions/3.11.1/lib/python3.11/site-packages/starlette/middleware/exceptions.py", line 68, in __call__
    await self.app(scope, receive, sender)
  File "/root/.pyenv/versions/3.11.1/lib/python3.11/contextlib.py", line 222, in __aexit__
    await self.gen.athrow(typ, value, traceback)
  File "/root/.pyenv/versions/3.11.1/lib/python3.11/site-packages/fastapi/concurrency.py", line 36, in contextmanager_in_threadpool
    raise e
sqlalchemy.exc.OperationalError: (sqlite3.OperationalError) no such column: shift_types.time_segments
[SQL: SELECT shift_types.id AS shift_types_id, shift_types.shift_name AS shift_types_shift_name, shift_types.time_segments AS shift_types_time_segments, shift_types.work_hours AS shift_types_work_hours, shift_types.color AS shift_types_color, shift_types.is_night AS shift_types_is_night, shift_types.is_active AS shift_types_is_active, shift_types.created_at AS shift_types_created_at 
FROM shift_types 
WHERE shift_types.is_active = 1]
(Background on this error at: https://sqlalche.me/e/20/e3q8)
INFO:     192.168.65.129:0 - "GET /api/schedules?date=&team= HTTP/1.1" 200 OK
INFO:     192.168.65.193:0 - "GET /api/employees?limit=1000 HTTP/1.1" 422 Unprocessable Entity
INFO:     10.3.5.15:0 - "GET /api/employees/teams HTTP/1.1" 200 OK
INFO:     10.3.5.15:0 - "POST /api/schedules/import HTTP/1.1" 500 Internal Server Error
ERROR:    Exception in ASGI application
Traceback (most recent call last):
  File "/root/.pyenv/versions/3.11.1/lib/python3.11/site-packages/sqlalchemy/engine/base.py", line 1969, in _exec_single_context
    self.dialect.do_execute(
  File "/root/.pyenv/versions/3.11.1/lib/python3.11/site-packages/sqlalchemy/engine/default.py", line 922, in do_execute
    cursor.execute(statement, parameters)
sqlite3.OperationalError: no such column: shift_types.time_segments

The above exception was the direct cause of the following exception:

Traceback (most recent call last):
  File "/root/.pyenv/versions/3.11.1/lib/python3.11/site-packages/uvicorn/protocols/http/httptools_impl.py", line 426, in run_asgi
    result = await app(  # type: ignore[func-returns-value]
             ^^^^^^^^^^^^^^^^^^^^^^^^^^^^^^^^^^^^^^^^^^^^^^
  File "/root/.pyenv/versions/3.11.1/lib/python3.11/site-packages/uvicorn/middleware/proxy_headers.py", line 84, in __call__
    return await self.app(scope, receive, send)
           ^^^^^^^^^^^^^^^^^^^^^^^^^^^^^^^^^^^^
  File "/root/.pyenv/versions/3.11.1/lib/python3.11/site-packages/fastapi/applications.py", line 1106, in __call__
    await super().__call__(scope, receive, send)
  File "/root/.pyenv/versions/3.11.1/lib/python3.11/site-packages/starlette/applications.py", line 122, in __call__
    await self.middleware_stack(scope, receive, send)
  File "/root/.pyenv/versions/3.11.1/lib/python3.11/site-packages/starlette/middleware/errors.py", line 184, in __call__
    raise exc
  File "/root/.pyenv/versions/3.11.1/lib/python3.11/site-packages/starlette/middleware/errors.py", line 162, in __call__
    await self.app(scope, receive, _send)
  File "/root/.pyenv/versions/3.11.1/lib/python3.11/site-packages/starlette/middleware/cors.py", line 91, in __call__
    await self.simple_response(scope, receive, send, request_headers=headers)
  File "/root/.pyenv/versions/3.11.1/lib/python3.11/site-packages/starlette/middleware/cors.py", line 146, in simple_response
    await self.app(scope, receive, send)
  File "/root/.pyenv/versions/3.11.1/lib/python3.11/site-packages/starlette/middleware/exceptions.py", line 79, in __call__
    raise exc
  File "/root/.pyenv/versions/3.11.1/lib/python3.11/site-packages/starlette/middleware/exceptions.py", line 68, in __call__
    await self.app(scope, receive, sender)
  File "/root/.pyenv/versions/3.11.1/lib/python3.11/contextlib.py", line 222, in __aexit__
    await self.gen.athrow(typ, value, traceback)
  File "/root/.pyenv/versions/3.11.1/lib/python3.11/site-packages/fastapi/concurrency.py", line 36, in contextmanager_in_threadpool
    raise e
sqlalchemy.exc.OperationalError: (sqlite3.OperationalError) no such column: shift_types.time_segments
[SQL: SELECT shift_types.id AS shift_types_id, shift_types.shift_name AS shift_types_shift_name, shift_types.time_segments AS shift_types_time_segments, shift_types.work_hours AS shift_types_work_hours, shift_types.color AS shift_types_color, shift_types.is_night AS shift_types_is_night, shift_types.is_active AS shift_types_is_active, shift_types.created_at AS shift_types_created_at 
FROM shift_types 
WHERE shift_types.shift_name = ?
 LIMIT ? OFFSET ?]
[parameters: ('中班', 1, 0)]
(Background on this error at: https://sqlalche.me/e/20/e3q8)
INFO:     192.168.65.193:0 - "POST /api/schedules/import HTTP/1.1" 500 Internal Server Error
ERROR:    Exception in ASGI application
Traceback (most recent call last):
  File "/root/.pyenv/versions/3.11.1/lib/python3.11/site-packages/sqlalchemy/engine/base.py", line 1969, in _exec_single_context
    self.dialect.do_execute(
  File "/root/.pyenv/versions/3.11.1/lib/python3.11/site-packages/sqlalchemy/engine/default.py", line 922, in do_execute
    cursor.execute(statement, parameters)
sqlite3.OperationalError: no such column: shift_types.time_segments

The above exception was the direct cause of the following exception:

Traceback (most recent call last):
  File "/root/.pyenv/versions/3.11.1/lib/python3.11/site-packages/uvicorn/protocols/http/httptools_impl.py", line 426, in run_asgi
    result = await app(  # type: ignore[func-returns-value]
             ^^^^^^^^^^^^^^^^^^^^^^^^^^^^^^^^^^^^^^^^^^^^^^
  File "/root/.pyenv/versions/3.11.1/lib/python3.11/site-packages/uvicorn/middleware/proxy_headers.py", line 84, in __call__
    return await self.app(scope, receive, send)
           ^^^^^^^^^^^^^^^^^^^^^^^^^^^^^^^^^^^^
  File "/root/.pyenv/versions/3.11.1/lib/python3.11/site-packages/fastapi/applications.py", line 1106, in __call__
    await super().__call__(scope, receive, send)
  File "/root/.pyenv/versions/3.11.1/lib/python3.11/site-packages/starlette/applications.py", line 122, in __call__
    await self.middleware_stack(scope, receive, send)
  File "/root/.pyenv/versions/3.11.1/lib/python3.11/site-packages/starlette/middleware/errors.py", line 184, in __call__
    raise exc
  File "/root/.pyenv/versions/3.11.1/lib/python3.11/site-packages/starlette/middleware/errors.py", line 162, in __call__
    await self.app(scope, receive, _send)
  File "/root/.pyenv/versions/3.11.1/lib/python3.11/site-packages/starlette/middleware/cors.py", line 91, in __call__
    await self.simple_response(scope, receive, send, request_headers=headers)
  File "/root/.pyenv/versions/3.11.1/lib/python3.11/site-packages/starlette/middleware/cors.py", line 146, in simple_response
    await self.app(scope, receive, send)
  File "/root/.pyenv/versions/3.11.1/lib/python3.11/site-packages/starlette/middleware/exceptions.py", line 79, in __call__
    raise exc
  File "/root/.pyenv/versions/3.11.1/lib/python3.11/site-packages/starlette/middleware/exceptions.py", line 68, in __call__
    await self.app(scope, receive, sender)
  File "/root/.pyenv/versions/3.11.1/lib/python3.11/contextlib.py", line 222, in __aexit__
    await self.gen.athrow(typ, value, traceback)
  File "/root/.pyenv/versions/3.11.1/lib/python3.11/site-packages/fastapi/concurrency.py", line 36, in contextmanager_in_threadpool
    raise e
sqlalchemy.exc.OperationalError: (sqlite3.OperationalError) no such column: shift_types.time_segments
[SQL: SELECT shift_types.id AS shift_types_id, shift_types.shift_name AS shift_types_shift_name, shift_types.time_segments AS shift_types_time_segments, shift_types.work_hours AS shift_types_work_hours, shift_types.color AS shift_types_color, shift_types.is_night AS shift_types_is_night, shift_types.is_active AS shift_types_is_active, shift_types.created_at AS shift_types_created_at 
FROM shift_types 
WHERE shift_types.shift_name = ?
 LIMIT ? OFFSET ?]
[parameters: ('中班', 1, 0)]
(Background on this error at: https://sqlalche.me/e/20/e3q8)
INFO:     10.3.5.7:0 - "POST /api/schedules/import HTTP/1.1" 500 Internal Server Error
ERROR:    Exception in ASGI application
Traceback (most recent call last):
  File "/root/.pyenv/versions/3.11.1/lib/python3.11/site-packages/sqlalchemy/engine/base.py", line 1969, in _exec_single_context
    self.dialect.do_execute(
  File "/root/.pyenv/versions/3.11.1/lib/python3.11/site-packages/sqlalchemy/engine/default.py", line 922, in do_execute
    cursor.execute(statement, parameters)
sqlite3.OperationalError: no such column: shift_types.time_segments

The above exception was the direct cause of the following exception:

Traceback (most recent call last):
  File "/root/.pyenv/versions/3.11.1/lib/python3.11/site-packages/uvicorn/protocols/http/httptools_impl.py", line 426, in run_asgi
    result = await app(  # type: ignore[func-returns-value]
             ^^^^^^^^^^^^^^^^^^^^^^^^^^^^^^^^^^^^^^^^^^^^^^
  File "/root/.pyenv/versions/3.11.1/lib/python3.11/site-packages/uvicorn/middleware/proxy_headers.py", line 84, in __call__
    return await self.app(scope, receive, send)
           ^^^^^^^^^^^^^^^^^^^^^^^^^^^^^^^^^^^^
  File "/root/.pyenv/versions/3.11.1/lib/python3.11/site-packages/fastapi/applications.py", line 1106, in __call__
    await super().__call__(scope, receive, send)
  File "/root/.pyenv/versions/3.11.1/lib/python3.11/site-packages/starlette/applications.py", line 122, in __call__
    await self.middleware_stack(scope, receive, send)
  File "/root/.pyenv/versions/3.11.1/lib/python3.11/site-packages/starlette/middleware/errors.py", line 184, in __call__
    raise exc
  File "/root/.pyenv/versions/3.11.1/lib/python3.11/site-packages/starlette/middleware/errors.py", line 162, in __call__
    await self.app(scope, receive, _send)
  File "/root/.pyenv/versions/3.11.1/lib/python3.11/site-packages/starlette/middleware/cors.py", line 91, in __call__
    await self.simple_response(scope, receive, send, request_headers=headers)
  File "/root/.pyenv/versions/3.11.1/lib/python3.11/site-packages/starlette/middleware/cors.py", line 146, in simple_response
    await self.app(scope, receive, send)
  File "/root/.pyenv/versions/3.11.1/lib/python3.11/site-packages/starlette/middleware/exceptions.py", line 79, in __call__
    raise exc
  File "/root/.pyenv/versions/3.11.1/lib/python3.11/site-packages/starlette/middleware/exceptions.py", line 68, in __call__
    await self.app(scope, receive, sender)
  File "/root/.pyenv/versions/3.11.1/lib/python3.11/contextlib.py", line 222, in __aexit__
    await self.gen.athrow(typ, value, traceback)
  File "/root/.pyenv/versions/3.11.1/lib/python3.11/site-packages/fastapi/concurrency.py", line 36, in contextmanager_in_threadpool
    raise e
sqlalchemy.exc.OperationalError: (sqlite3.OperationalError) no such column: shift_types.time_segments
[SQL: SELECT shift_types.id AS shift_types_id, shift_types.shift_name AS shift_types_shift_name, shift_types.time_segments AS shift_types_time_segments, shift_types.work_hours AS shift_types_work_hours, shift_types.color AS shift_types_color, shift_types.is_night AS shift_types_is_night, shift_types.is_active AS shift_types_is_active, shift_types.created_at AS shift_types_created_at 
FROM shift_types 
WHERE shift_types.shift_name = ?
 LIMIT ? OFFSET ?]
[parameters: ('中班', 1, 0)]
(Background on this error at: https://sqlalche.me/e/20/e3q8)
INFO:     10.3.5.15:0 - "GET /api/checkins?page=1&limit=20 HTTP/1.1" 200 OK
INFO:     192.168.65.193:0 - "GET /api/employees/teams HTTP/1.1" 200 OK
INFO:     10.3.5.7:0 - "GET /api/schedules?date=&team= HTTP/1.1" 200 OK
INFO:     10.3.5.15:0 - "GET /api/employees?limit=1000 HTTP/1.1" 422 Unprocessable Entity
INFO:     192.168.65.193:0 - "GET /api/shift-types HTTP/1.1" 500 Internal Server Error
ERROR:    Exception in ASGI application
Traceback (most recent call last):
  File "/root/.pyenv/versions/3.11.1/lib/python3.11/site-packages/sqlalchemy/engine/base.py", line 1969, in _exec_single_context
    self.dialect.do_execute(
  File "/root/.pyenv/versions/3.11.1/lib/python3.11/site-packages/sqlalchemy/engine/default.py", line 922, in do_execute
    cursor.execute(statement, parameters)
sqlite3.OperationalError: no such column: shift_types.time_segments

The above exception was the direct cause of the following exception:

Traceback (most recent call last):
  File "/root/.pyenv/versions/3.11.1/lib/python3.11/site-packages/uvicorn/protocols/http/httptools_impl.py", line 426, in run_asgi
    result = await app(  # type: ignore[func-returns-value]
             ^^^^^^^^^^^^^^^^^^^^^^^^^^^^^^^^^^^^^^^^^^^^^^
  File "/root/.pyenv/versions/3.11.1/lib/python3.11/site-packages/uvicorn/middleware/proxy_headers.py", line 84, in __call__
    return await self.app(scope, receive, send)
           ^^^^^^^^^^^^^^^^^^^^^^^^^^^^^^^^^^^^
  File "/root/.pyenv/versions/3.11.1/lib/python3.11/site-packages/fastapi/applications.py", line 1106, in __call__
    await super().__call__(scope, receive, send)
  File "/root/.pyenv/versions/3.11.1/lib/python3.11/site-packages/starlette/applications.py", line 122, in __call__
    await self.middleware_stack(scope, receive, send)
  File "/root/.pyenv/versions/3.11.1/lib/python3.11/site-packages/starlette/middleware/errors.py", line 184, in __call__
    raise exc
  File "/root/.pyenv/versions/3.11.1/lib/python3.11/site-packages/starlette/middleware/errors.py", line 162, in __call__
    await self.app(scope, receive, _send)
  File "/root/.pyenv/versions/3.11.1/lib/python3.11/site-packages/starlette/middleware/cors.py", line 83, in __call__
    await self.app(scope, receive, send)
  File "/root/.pyenv/versions/3.11.1/lib/python3.11/site-packages/starlette/middleware/exceptions.py", line 79, in __call__
    raise exc
  File "/root/.pyenv/versions/3.11.1/lib/python3.11/site-packages/starlette/middleware/exceptions.py", line 68, in __call__
    await self.app(scope, receive, sender)
  File "/root/.pyenv/versions/3.11.1/lib/python3.11/contextlib.py", line 222, in __aexit__
    await self.gen.athrow(typ, value, traceback)
  File "/root/.pyenv/versions/3.11.1/lib/python3.11/site-packages/fastapi/concurrency.py", line 36, in contextmanager_in_threadpool
    raise e
sqlalchemy.exc.OperationalError: (sqlite3.OperationalError) no such column: shift_types.time_segments
[SQL: SELECT shift_types.id AS shift_types_id, shift_types.shift_name AS shift_types_shift_name, shift_types.time_segments AS shift_types_time_segments, shift_types.work_hours AS shift_types_work_hours, shift_types.color AS shift_types_color, shift_types.is_night AS shift_types_is_night, shift_types.is_active AS shift_types_is_active, shift_types.created_at AS shift_types_created_at 
FROM shift_types 
WHERE shift_types.is_active = 1]
(Background on this error at: https://sqlalche.me/e/20/e3q8)
INFO:     10.3.5.7:0 - "GET /api/schedules?date=&team= HTTP/1.1" 200 OK
INFO:     10.3.5.15:0 - "GET /api/employees/teams HTTP/1.1" 200 OK
INFO:     192.168.65.129:0 - "GET /api/employees?limit=1000 HTTP/1.1" 422 Unprocessable Entity
INFO:     192.168.65.193:0 - "GET /api/shift-types HTTP/1.1" 500 Internal Server Error
ERROR:    Exception in ASGI application
Traceback (most recent call last):
  File "/root/.pyenv/versions/3.11.1/lib/python3.11/site-packages/sqlalchemy/engine/base.py", line 1969, in _exec_single_context
    self.dialect.do_execute(
  File "/root/.pyenv/versions/3.11.1/lib/python3.11/site-packages/sqlalchemy/engine/default.py", line 922, in do_execute
    cursor.execute(statement, parameters)
sqlite3.OperationalError: no such column: shift_types.time_segments

The above exception was the direct cause of the following exception:

Traceback (most recent call last):
  File "/root/.pyenv/versions/3.11.1/lib/python3.11/site-packages/uvicorn/protocols/http/httptools_impl.py", line 426, in run_asgi
    result = await app(  # type: ignore[func-returns-value]
             ^^^^^^^^^^^^^^^^^^^^^^^^^^^^^^^^^^^^^^^^^^^^^^
  File "/root/.pyenv/versions/3.11.1/lib/python3.11/site-packages/uvicorn/middleware/proxy_headers.py", line 84, in __call__
    return await self.app(scope, receive, send)
           ^^^^^^^^^^^^^^^^^^^^^^^^^^^^^^^^^^^^
  File "/root/.pyenv/versions/3.11.1/lib/python3.11/site-packages/fastapi/applications.py", line 1106, in __call__
    await super().__call__(scope, receive, send)
  File "/root/.pyenv/versions/3.11.1/lib/python3.11/site-packages/starlette/applications.py", line 122, in __call__
    await self.middleware_stack(scope, receive, send)
  File "/root/.pyenv/versions/3.11.1/lib/python3.11/site-packages/starlette/middleware/errors.py", line 184, in __call__
    raise exc
  File "/root/.pyenv/versions/3.11.1/lib/python3.11/site-packages/starlette/middleware/errors.py", line 162, in __call__
    await self.app(scope, receive, _send)
  File "/root/.pyenv/versions/3.11.1/lib/python3.11/site-packages/starlette/middleware/cors.py", line 83, in __call__
    await self.app(scope, receive, send)
  File "/root/.pyenv/versions/3.11.1/lib/python3.11/site-packages/starlette/middleware/exceptions.py", line 79, in __call__
    raise exc
  File "/root/.pyenv/versions/3.11.1/lib/python3.11/site-packages/starlette/middleware/exceptions.py", line 68, in __call__
    await self.app(scope, receive, sender)
  File "/root/.pyenv/versions/3.11.1/lib/python3.11/contextlib.py", line 222, in __aexit__
    await self.gen.athrow(typ, value, traceback)
  File "/root/.pyenv/versions/3.11.1/lib/python3.11/site-packages/fastapi/concurrency.py", line 36, in contextmanager_in_threadpool
    raise e
sqlalchemy.exc.OperationalError: (sqlite3.OperationalError) no such column: shift_types.time_segments
[SQL: SELECT shift_types.id AS shift_types_id, shift_types.shift_name AS shift_types_shift_name, shift_types.time_segments AS shift_types_time_segments, shift_types.work_hours AS shift_types_work_hours, shift_types.color AS shift_types_color, shift_types.is_night AS shift_types_is_night, shift_types.is_active AS shift_types_is_active, shift_types.created_at AS shift_types_created_at 
FROM shift_types 
WHERE shift_types.is_active = 1]
(Background on this error at: https://sqlalche.me/e/20/e3q8)
INFO:     10.3.5.7:0 - "POST /api/auth/login HTTP/1.1" 200 OK
INFO:     192.168.65.129:0 - "GET /api/stats HTTP/1.1" 200 OK
INFO:     192.168.65.129:0 - "GET /api/api/departments HTTP/1.1" 404 Not Found
INFO:     10.3.5.15:0 - "GET /api/api/teams HTTP/1.1" 404 Not Found
INFO:     10.3.5.15:0 - "GET /api/reports/team-ranking?year_month=2026-04 HTTP/1.1" 200 OK
INFO:     192.168.65.129:0 - "GET /api/reports/daily?schedule_date=2026-04-28 HTTP/1.1" 200 OK
INFO:     192.168.65.129:0 - "GET /api/employees/teams HTTP/1.1" 200 OK
INFO:     192.168.65.129:0 - "GET /api/schedules?date=&team= HTTP/1.1" 200 OK
INFO:     10.3.5.15:0 - "GET /api/shift-types HTTP/1.1" 500 Internal Server Error
ERROR:    Exception in ASGI application
Traceback (most recent call last):
  File "/root/.pyenv/versions/3.11.1/lib/python3.11/site-packages/sqlalchemy/engine/base.py", line 1969, in _exec_single_context
    self.dialect.do_execute(
  File "/root/.pyenv/versions/3.11.1/lib/python3.11/site-packages/sqlalchemy/engine/default.py", line 922, in do_execute
    cursor.execute(statement, parameters)
sqlite3.OperationalError: no such column: shift_types.time_segments

The above exception was the direct cause of the following exception:

Traceback (most recent call last):
  File "/root/.pyenv/versions/3.11.1/lib/python3.11/site-packages/uvicorn/protocols/http/httptools_impl.py", line 426, in run_asgi
    result = await app(  # type: ignore[func-returns-value]
             ^^^^^^^^^^^^^^^^^^^^^^^^^^^^^^^^^^^^^^^^^^^^^^
  File "/root/.pyenv/versions/3.11.1/lib/python3.11/site-packages/uvicorn/middleware/proxy_headers.py", line 84, in __call__
    return await self.app(scope, receive, send)
           ^^^^^^^^^^^^^^^^^^^^^^^^^^^^^^^^^^^^
  File "/root/.pyenv/versions/3.11.1/lib/python3.11/site-packages/fastapi/applications.py", line 1106, in __call__
    await super().__call__(scope, receive, send)
  File "/root/.pyenv/versions/3.11.1/lib/python3.11/site-packages/starlette/applications.py", line 122, in __call__
    await self.middleware_stack(scope, receive, send)
  File "/root/.pyenv/versions/3.11.1/lib/python3.11/site-packages/starlette/middleware/errors.py", line 184, in __call__
    raise exc
  File "/root/.pyenv/versions/3.11.1/lib/python3.11/site-packages/starlette/middleware/errors.py", line 162, in __call__
    await self.app(scope, receive, _send)
  File "/root/.pyenv/versions/3.11.1/lib/python3.11/site-packages/starlette/middleware/cors.py", line 83, in __call__
    await self.app(scope, receive, send)
  File "/root/.pyenv/versions/3.11.1/lib/python3.11/site-packages/starlette/middleware/exceptions.py", line 79, in __call__
    raise exc
  File "/root/.pyenv/versions/3.11.1/lib/python3.11/site-packages/starlette/middleware/exceptions.py", line 68, in __call__
    await self.app(scope, receive, sender)
  File "/root/.pyenv/versions/3.11.1/lib/python3.11/contextlib.py", line 222, in __aexit__
    await self.gen.athrow(typ, value, traceback)
  File "/root/.pyenv/versions/3.11.1/lib/python3.11/site-packages/fastapi/concurrency.py", line 36, in contextmanager_in_threadpool
    raise e
sqlalchemy.exc.OperationalError: (sqlite3.OperationalError) no such column: shift_types.time_segments
[SQL: SELECT shift_types.id AS shift_types_id, shift_types.shift_name AS shift_types_shift_name, shift_types.time_segments AS shift_types_time_segments, shift_types.work_hours AS shift_types_work_hours, shift_types.color AS shift_types_color, shift_types.is_night AS shift_types_is_night, shift_types.is_active AS shift_types_is_active, shift_types.created_at AS shift_types_created_at 
FROM shift_types 
WHERE shift_types.is_active = 1]
(Background on this error at: https://sqlalche.me/e/20/e3q8)
INFO:     10.3.5.7:0 - "GET /api/employees?limit=1000 HTTP/1.1" 422 Unprocessable Entity
INFO:     192.168.65.193:0 - "GET /api/checkins?page=1&limit=20 HTTP/1.1" 200 OK
INFO:     192.168.65.193:0 - "POST /api/checkins/import HTTP/1.1" 200 OK
INFO:     192.168.65.129:0 - "GET /api/checkins?page=1&limit=20 HTTP/1.1" 200 OK
INFO:     192.168.65.193:0 - "GET /api/employees?page=1&limit=20&search=&team=&dept= HTTP/1.1" 200 OK
INFO:     10.3.5.15:0 - "GET /api/employees/teams HTTP/1.1" 200 OK
INFO:     10.3.5.7:0 - "GET /api/employees/departments HTTP/1.1" 200 OK
INFO:     10.3.5.7:0 - "GET /api/shift-types HTTP/1.1" 500 Internal Server Error
ERROR:    Exception in ASGI application
Traceback (most recent call last):
  File "/root/.pyenv/versions/3.11.1/lib/python3.11/site-packages/sqlalchemy/engine/base.py", line 1969, in _exec_single_context
    self.dialect.do_execute(
  File "/root/.pyenv/versions/3.11.1/lib/python3.11/site-packages/sqlalchemy/engine/default.py", line 922, in do_execute
    cursor.execute(statement, parameters)
sqlite3.OperationalError: no such column: shift_types.time_segments

The above exception was the direct cause of the following exception:

Traceback (most recent call last):
  File "/root/.pyenv/versions/3.11.1/lib/python3.11/site-packages/uvicorn/protocols/http/httptools_impl.py", line 426, in run_asgi
    result = await app(  # type: ignore[func-returns-value]
             ^^^^^^^^^^^^^^^^^^^^^^^^^^^^^^^^^^^^^^^^^^^^^^
  File "/root/.pyenv/versions/3.11.1/lib/python3.11/site-packages/uvicorn/middleware/proxy_headers.py", line 84, in __call__
    return await self.app(scope, receive, send)
           ^^^^^^^^^^^^^^^^^^^^^^^^^^^^^^^^^^^^
  File "/root/.pyenv/versions/3.11.1/lib/python3.11/site-packages/fastapi/applications.py", line 1106, in __call__
    await super().__call__(scope, receive, send)
  File "/root/.pyenv/versions/3.11.1/lib/python3.11/site-packages/starlette/applications.py", line 122, in __call__
    await self.middleware_stack(scope, receive, send)
  File "/root/.pyenv/versions/3.11.1/lib/python3.11/site-packages/starlette/middleware/errors.py", line 184, in __call__
    raise exc
  File "/root/.pyenv/versions/3.11.1/lib/python3.11/site-packages/starlette/middleware/errors.py", line 162, in __call__
    await self.app(scope, receive, _send)
  File "/root/.pyenv/versions/3.11.1/lib/python3.11/site-packages/starlette/middleware/cors.py", line 83, in __call__
    await self.app(scope, receive, send)
  File "/root/.pyenv/versions/3.11.1/lib/python3.11/site-packages/starlette/middleware/exceptions.py", line 79, in __call__
    raise exc
  File "/root/.pyenv/versions/3.11.1/lib/python3.11/site-packages/starlette/middleware/exceptions.py", line 68, in __call__
    await self.app(scope, receive, sender)
  File "/root/.pyenv/versions/3.11.1/lib/python3.11/contextlib.py", line 222, in __aexit__
    await self.gen.athrow(typ, value, traceback)
  File "/root/.pyenv/versions/3.11.1/lib/python3.11/site-packages/fastapi/concurrency.py", line 36, in contextmanager_in_threadpool
    raise e
sqlalchemy.exc.OperationalError: (sqlite3.OperationalError) no such column: shift_types.time_segments
[SQL: SELECT shift_types.id AS shift_types_id, shift_types.shift_name AS shift_types_shift_name, shift_types.time_segments AS shift_types_time_segments, shift_types.work_hours AS shift_types_work_hours, shift_types.color AS shift_types_color, shift_types.is_night AS shift_types_is_night, shift_types.is_active AS shift_types_is_active, shift_types.created_at AS shift_types_created_at 
FROM shift_types 
WHERE shift_types.is_active = 1]
(Background on this error at: https://sqlalche.me/e/20/e3q8)
INFO:     192.168.65.129:0 - "GET /api/employees?limit=1000 HTTP/1.1" 422 Unprocessable Entity
INFO:     10.3.5.15:0 - "GET /api/schedules?date=&team= HTTP/1.1" 200 OK
INFO:     192.168.65.129:0 - "GET /api/employees/teams HTTP/1.1" 200 OK
INFO:     192.168.65.193:0 - "GET /api/employees/teams HTTP/1.1" 200 OK
INFO:     10.3.5.7:0 - "GET /api/employees/departments HTTP/1.1" 200 OK
INFO:     192.168.65.193:0 - "GET /api/employees?page=1&limit=20&search=&team=&dept= HTTP/1.1" 200 OK
INFO:     192.168.65.129:0 - "GET /api/employees?limit=1000 HTTP/1.1" 422 Unprocessable Entity
INFO:     10.3.5.15:0 - "GET /api/employees/teams HTTP/1.1" 200 OK
INFO:     192.168.65.129:0 - "GET /api/shift-types HTTP/1.1" 500 Internal Server Error
ERROR:    Exception in ASGI application
Traceback (most recent call last):
  File "/root/.pyenv/versions/3.11.1/lib/python3.11/site-packages/sqlalchemy/engine/base.py", line 1969, in _exec_single_context
    self.dialect.do_execute(
  File "/root/.pyenv/versions/3.11.1/lib/python3.11/site-packages/sqlalchemy/engine/default.py", line 922, in do_execute
    cursor.execute(statement, parameters)
sqlite3.OperationalError: no such column: shift_types.time_segments

The above exception was the direct cause of the following exception:

Traceback (most recent call last):
  File "/root/.pyenv/versions/3.11.1/lib/python3.11/site-packages/uvicorn/protocols/http/httptools_impl.py", line 426, in run_asgi
    result = await app(  # type: ignore[func-returns-value]
             ^^^^^^^^^^^^^^^^^^^^^^^^^^^^^^^^^^^^^^^^^^^^^^
  File "/root/.pyenv/versions/3.11.1/lib/python3.11/site-packages/uvicorn/middleware/proxy_headers.py", line 84, in __call__
    return await self.app(scope, receive, send)
           ^^^^^^^^^^^^^^^^^^^^^^^^^^^^^^^^^^^^
  File "/root/.pyenv/versions/3.11.1/lib/python3.11/site-packages/fastapi/applications.py", line 1106, in __call__
    await super().__call__(scope, receive, send)
  File "/root/.pyenv/versions/3.11.1/lib/python3.11/site-packages/starlette/applications.py", line 122, in __call__
    await self.middleware_stack(scope, receive, send)
  File "/root/.pyenv/versions/3.11.1/lib/python3.11/site-packages/starlette/middleware/errors.py", line 184, in __call__
    raise exc
  File "/root/.pyenv/versions/3.11.1/lib/python3.11/site-packages/starlette/middleware/errors.py", line 162, in __call__
    await self.app(scope, receive, _send)
  File "/root/.pyenv/versions/3.11.1/lib/python3.11/site-packages/starlette/middleware/cors.py", line 83, in __call__
    await self.app(scope, receive, send)
  File "/root/.pyenv/versions/3.11.1/lib/python3.11/site-packages/starlette/middleware/exceptions.py", line 79, in __call__
    raise exc
  File "/root/.pyenv/versions/3.11.1/lib/python3.11/site-packages/starlette/middleware/exceptions.py", line 68, in __call__
    await self.app(scope, receive, sender)
  File "/root/.pyenv/versions/3.11.1/lib/python3.11/contextlib.py", line 222, in __aexit__
    await self.gen.athrow(typ, value, traceback)
  File "/root/.pyenv/versions/3.11.1/lib/python3.11/site-packages/fastapi/concurrency.py", line 36, in contextmanager_in_threadpool
    raise e
sqlalchemy.exc.OperationalError: (sqlite3.OperationalError) no such column: shift_types.time_segments
[SQL: SELECT shift_types.id AS shift_types_id, shift_types.shift_name AS shift_types_shift_name, shift_types.time_segments AS shift_types_time_segments, shift_types.work_hours AS shift_types_work_hours, shift_types.color AS shift_types_color, shift_types.is_night AS shift_types_is_night, shift_types.is_active AS shift_types_is_active, shift_types.created_at AS shift_types_created_at 
FROM shift_types 
WHERE shift_types.is_active = 1]
(Background on this error at: https://sqlalche.me/e/20/e3q8)
INFO:     10.3.5.7:0 - "GET /api/schedules?date=&team= HTTP/1.1" 200 OK
INFO:     192.168.65.129:0 - "POST /api/schedules/import HTTP/1.1" 500 Internal Server Error
ERROR:    Exception in ASGI application
Traceback (most recent call last):
  File "/root/.pyenv/versions/3.11.1/lib/python3.11/site-packages/sqlalchemy/engine/base.py", line 1969, in _exec_single_context
    self.dialect.do_execute(
  File "/root/.pyenv/versions/3.11.1/lib/python3.11/site-packages/sqlalchemy/engine/default.py", line 922, in do_execute
    cursor.execute(statement, parameters)
sqlite3.OperationalError: no such column: shift_types.time_segments

The above exception was the direct cause of the following exception:

Traceback (most recent call last):
  File "/root/.pyenv/versions/3.11.1/lib/python3.11/site-packages/uvicorn/protocols/http/httptools_impl.py", line 426, in run_asgi
    result = await app(  # type: ignore[func-returns-value]
             ^^^^^^^^^^^^^^^^^^^^^^^^^^^^^^^^^^^^^^^^^^^^^^
  File "/root/.pyenv/versions/3.11.1/lib/python3.11/site-packages/uvicorn/middleware/proxy_headers.py", line 84, in __call__
    return await self.app(scope, receive, send)
           ^^^^^^^^^^^^^^^^^^^^^^^^^^^^^^^^^^^^
  File "/root/.pyenv/versions/3.11.1/lib/python3.11/site-packages/fastapi/applications.py", line 1106, in __call__
    await super().__call__(scope, receive, send)
  File "/root/.pyenv/versions/3.11.1/lib/python3.11/site-packages/starlette/applications.py", line 122, in __call__
    await self.middleware_stack(scope, receive, send)
  File "/root/.pyenv/versions/3.11.1/lib/python3.11/site-packages/starlette/middleware/errors.py", line 184, in __call__
    raise exc
  File "/root/.pyenv/versions/3.11.1/lib/python3.11/site-packages/starlette/middleware/errors.py", line 162, in __call__
    await self.app(scope, receive, _send)
  File "/root/.pyenv/versions/3.11.1/lib/python3.11/site-packages/starlette/middleware/cors.py", line 91, in __call__
    await self.simple_response(scope, receive, send, request_headers=headers)
  File "/root/.pyenv/versions/3.11.1/lib/python3.11/site-packages/starlette/middleware/cors.py", line 146, in simple_response
    await self.app(scope, receive, send)
  File "/root/.pyenv/versions/3.11.1/lib/python3.11/site-packages/starlette/middleware/exceptions.py", line 79, in __call__
    raise exc
  File "/root/.pyenv/versions/3.11.1/lib/python3.11/site-packages/starlette/middleware/exceptions.py", line 68, in __call__
    await self.app(scope, receive, sender)
  File "/root/.pyenv/versions/3.11.1/lib/python3.11/contextlib.py", line 222, in __aexit__
    await self.gen.athrow(typ, value, traceback)
  File "/root/.pyenv/versions/3.11.1/lib/python3.11/site-packages/fastapi/concurrency.py", line 36, in contextmanager_in_threadpool
    raise e
sqlalchemy.exc.OperationalError: (sqlite3.OperationalError) no such column: shift_types.time_segments
[SQL: SELECT shift_types.id AS shift_types_id, shift_types.shift_name AS shift_types_shift_name, shift_types.time_segments AS shift_types_time_segments, shift_types.work_hours AS shift_types_work_hours, shift_types.color AS shift_types_color, shift_types.is_night AS shift_types_is_night, shift_types.is_active AS shift_types_is_active, shift_types.created_at AS shift_types_created_at 
FROM shift_types 
WHERE shift_types.shift_name = ?
 LIMIT ? OFFSET ?]
[parameters: ('中班', 1, 0)]
(Background on this error at: https://sqlalche.me/e/20/e3q8)
INFO:     10.3.5.15:0 - "POST /api/schedules/import HTTP/1.1" 500 Internal Server Error
ERROR:    Exception in ASGI application
Traceback (most recent call last):
  File "/root/.pyenv/versions/3.11.1/lib/python3.11/site-packages/sqlalchemy/engine/base.py", line 1969, in _exec_single_context
    self.dialect.do_execute(
  File "/root/.pyenv/versions/3.11.1/lib/python3.11/site-packages/sqlalchemy/engine/default.py", line 922, in do_execute
    cursor.execute(statement, parameters)
sqlite3.OperationalError: no such column: shift_types.time_segments

The above exception was the direct cause of the following exception:

Traceback (most recent call last):
  File "/root/.pyenv/versions/3.11.1/lib/python3.11/site-packages/uvicorn/protocols/http/httptools_impl.py", line 426, in run_asgi
    result = await app(  # type: ignore[func-returns-value]
             ^^^^^^^^^^^^^^^^^^^^^^^^^^^^^^^^^^^^^^^^^^^^^^
  File "/root/.pyenv/versions/3.11.1/lib/python3.11/site-packages/uvicorn/middleware/proxy_headers.py", line 84, in __call__
    return await self.app(scope, receive, send)
           ^^^^^^^^^^^^^^^^^^^^^^^^^^^^^^^^^^^^
  File "/root/.pyenv/versions/3.11.1/lib/python3.11/site-packages/fastapi/applications.py", line 1106, in __call__
    await super().__call__(scope, receive, send)
  File "/root/.pyenv/versions/3.11.1/lib/python3.11/site-packages/starlette/applications.py", line 122, in __call__
    await self.middleware_stack(scope, receive, send)
  File "/root/.pyenv/versions/3.11.1/lib/python3.11/site-packages/starlette/middleware/errors.py", line 184, in __call__
    raise exc
  File "/root/.pyenv/versions/3.11.1/lib/python3.11/site-packages/starlette/middleware/errors.py", line 162, in __call__
    await self.app(scope, receive, _send)
  File "/root/.pyenv/versions/3.11.1/lib/python3.11/site-packages/starlette/middleware/cors.py", line 91, in __call__
    await self.simple_response(scope, receive, send, request_headers=headers)
  File "/root/.pyenv/versions/3.11.1/lib/python3.11/site-packages/starlette/middleware/cors.py", line 146, in simple_response
    await self.app(scope, receive, send)
  File "/root/.pyenv/versions/3.11.1/lib/python3.11/site-packages/starlette/middleware/exceptions.py", line 79, in __call__
    raise exc
  File "/root/.pyenv/versions/3.11.1/lib/python3.11/site-packages/starlette/middleware/exceptions.py", line 68, in __call__
    await self.app(scope, receive, sender)
  File "/root/.pyenv/versions/3.11.1/lib/python3.11/contextlib.py", line 222, in __aexit__
    await self.gen.athrow(typ, value, traceback)
  File "/root/.pyenv/versions/3.11.1/lib/python3.11/site-packages/fastapi/concurrency.py", line 36, in contextmanager_in_threadpool
    raise e
sqlalchemy.exc.OperationalError: (sqlite3.OperationalError) no such column: shift_types.time_segments
[SQL: SELECT shift_types.id AS shift_types_id, shift_types.shift_name AS shift_types_shift_name, shift_types.time_segments AS shift_types_time_segments, shift_types.work_hours AS shift_types_work_hours, shift_types.color AS shift_types_color, shift_types.is_night AS shift_types_is_night, shift_types.is_active AS shift_types_is_active, shift_types.created_at AS shift_types_created_at 
FROM shift_types 
WHERE shift_types.shift_name = ?
 LIMIT ? OFFSET ?]
[parameters: ('中班', 1, 0)]
(Background on this error at: https://sqlalche.me/e/20/e3q8)
INFO:     Shutting down
INFO:     Waiting for application shutdown.
INFO:     Application shutdown complete.
INFO:     Finished server process [17908]
INFO:     Started server process [19903]
INFO:     Waiting for application startup.
INFO:     Application startup complete.
INFO:     Uvicorn running on http://0.0.0.0:5000 (Press CTRL+C to quit)
INFO:     192.168.65.193:0 - "GET /api/employees?limit=1000 HTTP/1.1" 422 Unprocessable Entity
INFO:     10.3.5.15:0 - "GET /api/shift-types HTTP/1.1" 500 Internal Server Error
ERROR:    Exception in ASGI application
Traceback (most recent call last):
  File "/root/.pyenv/versions/3.11.1/lib/python3.11/site-packages/sqlalchemy/engine/base.py", line 1969, in _exec_single_context
    self.dialect.do_execute(
  File "/root/.pyenv/versions/3.11.1/lib/python3.11/site-packages/sqlalchemy/engine/default.py", line 922, in do_execute
    cursor.execute(statement, parameters)
sqlite3.OperationalError: no such column: shift_types.time_segments

The above exception was the direct cause of the following exception:

Traceback (most recent call last):
  File "/root/.pyenv/versions/3.11.1/lib/python3.11/site-packages/uvicorn/protocols/http/httptools_impl.py", line 426, in run_asgi
    result = await app(  # type: ignore[func-returns-value]
             ^^^^^^^^^^^^^^^^^^^^^^^^^^^^^^^^^^^^^^^^^^^^^^
  File "/root/.pyenv/versions/3.11.1/lib/python3.11/site-packages/uvicorn/middleware/proxy_headers.py", line 84, in __call__
    return await self.app(scope, receive, send)
           ^^^^^^^^^^^^^^^^^^^^^^^^^^^^^^^^^^^^
  File "/root/.pyenv/versions/3.11.1/lib/python3.11/site-packages/fastapi/applications.py", line 1106, in __call__
    await super().__call__(scope, receive, send)
  File "/root/.pyenv/versions/3.11.1/lib/python3.11/site-packages/starlette/applications.py", line 122, in __call__
    await self.middleware_stack(scope, receive, send)
  File "/root/.pyenv/versions/3.11.1/lib/python3.11/site-packages/starlette/middleware/errors.py", line 184, in __call__
    raise exc
  File "/root/.pyenv/versions/3.11.1/lib/python3.11/site-packages/starlette/middleware/errors.py", line 162, in __call__
    await self.app(scope, receive, _send)
  File "/root/.pyenv/versions/3.11.1/lib/python3.11/site-packages/starlette/middleware/cors.py", line 83, in __call__
    await self.app(scope, receive, send)
  File "/root/.pyenv/versions/3.11.1/lib/python3.11/site-packages/starlette/middleware/exceptions.py", line 79, in __call__
    raise exc
  File "/root/.pyenv/versions/3.11.1/lib/python3.11/site-packages/starlette/middleware/exceptions.py", line 68, in __call__
    await self.app(scope, receive, sender)
  File "/root/.pyenv/versions/3.11.1/lib/python3.11/contextlib.py", line 222, in __aexit__
    await self.gen.athrow(typ, value, traceback)
  File "/root/.pyenv/versions/3.11.1/lib/python3.11/site-packages/fastapi/concurrency.py", line 36, in contextmanager_in_threadpool
    raise e
sqlalchemy.exc.OperationalError: (sqlite3.OperationalError) no such column: shift_types.time_segments
[SQL: SELECT shift_types.id AS shift_types_id, shift_types.shift_name AS shift_types_shift_name, shift_types.time_segments AS shift_types_time_segments, shift_types.work_hours AS shift_types_work_hours, shift_types.color AS shift_types_color, shift_types.is_night AS shift_types_is_night, shift_types.is_active AS shift_types_is_active, shift_types.created_at AS shift_types_created_at 
FROM shift_types 
WHERE shift_types.is_active = 1]
(Background on this error at: https://sqlalche.me/e/20/e3q8)
INFO:     192.168.65.129:0 - "GET /api/employees/teams HTTP/1.1" 200 OK
INFO:     10.3.5.7:0 - "GET /api/schedules?date=&team= HTTP/1.1" 200 OK
INFO:     192.168.65.193:0 - "POST /api/schedules/import HTTP/1.1" 500 Internal Server Error
ERROR:    Exception in ASGI application
Traceback (most recent call last):
  File "/root/.pyenv/versions/3.11.1/lib/python3.11/site-packages/sqlalchemy/engine/base.py", line 1969, in _exec_single_context
    self.dialect.do_execute(
  File "/root/.pyenv/versions/3.11.1/lib/python3.11/site-packages/sqlalchemy/engine/default.py", line 922, in do_execute
    cursor.execute(statement, parameters)
sqlite3.OperationalError: no such column: shift_types.time_segments

The above exception was the direct cause of the following exception:

Traceback (most recent call last):
  File "/root/.pyenv/versions/3.11.1/lib/python3.11/site-packages/uvicorn/protocols/http/httptools_impl.py", line 426, in run_asgi
    result = await app(  # type: ignore[func-returns-value]
             ^^^^^^^^^^^^^^^^^^^^^^^^^^^^^^^^^^^^^^^^^^^^^^
  File "/root/.pyenv/versions/3.11.1/lib/python3.11/site-packages/uvicorn/middleware/proxy_headers.py", line 84, in __call__
    return await self.app(scope, receive, send)
           ^^^^^^^^^^^^^^^^^^^^^^^^^^^^^^^^^^^^
  File "/root/.pyenv/versions/3.11.1/lib/python3.11/site-packages/fastapi/applications.py", line 1106, in __call__
    await super().__call__(scope, receive, send)
  File "/root/.pyenv/versions/3.11.1/lib/python3.11/site-packages/starlette/applications.py", line 122, in __call__
    await self.middleware_stack(scope, receive, send)
  File "/root/.pyenv/versions/3.11.1/lib/python3.11/site-packages/starlette/middleware/errors.py", line 184, in __call__
    raise exc
  File "/root/.pyenv/versions/3.11.1/lib/python3.11/site-packages/starlette/middleware/errors.py", line 162, in __call__
    await self.app(scope, receive, _send)
  File "/root/.pyenv/versions/3.11.1/lib/python3.11/site-packages/starlette/middleware/cors.py", line 91, in __call__
    await self.simple_response(scope, receive, send, request_headers=headers)
  File "/root/.pyenv/versions/3.11.1/lib/python3.11/site-packages/starlette/middleware/cors.py", line 146, in simple_response
    await self.app(scope, receive, send)
  File "/root/.pyenv/versions/3.11.1/lib/python3.11/site-packages/starlette/middleware/exceptions.py", line 79, in __call__
    raise exc
  File "/root/.pyenv/versions/3.11.1/lib/python3.11/site-packages/starlette/middleware/exceptions.py", line 68, in __call__
    await self.app(scope, receive, sender)
  File "/root/.pyenv/versions/3.11.1/lib/python3.11/contextlib.py", line 222, in __aexit__
    await self.gen.athrow(typ, value, traceback)
  File "/root/.pyenv/versions/3.11.1/lib/python3.11/site-packages/fastapi/concurrency.py", line 36, in contextmanager_in_threadpool
    raise e
sqlalchemy.exc.OperationalError: (sqlite3.OperationalError) no such column: shift_types.time_segments
[SQL: SELECT shift_types.id AS shift_types_id, shift_types.shift_name AS shift_types_shift_name, shift_types.time_segments AS shift_types_time_segments, shift_types.work_hours AS shift_types_work_hours, shift_types.color AS shift_types_color, shift_types.is_night AS shift_types_is_night, shift_types.is_active AS shift_types_is_active, shift_types.created_at AS shift_types_created_at 
FROM shift_types 
WHERE shift_types.shift_name = ?
 LIMIT ? OFFSET ?]
[parameters: ('中班', 1, 0)]
(Background on this error at: https://sqlalche.me/e/20/e3q8)
INFO:     10.3.5.7:0 - "POST /api/schedules/import HTTP/1.1" 500 Internal Server Error
ERROR:    Exception in ASGI application
Traceback (most recent call last):
  File "/root/.pyenv/versions/3.11.1/lib/python3.11/site-packages/sqlalchemy/engine/base.py", line 1969, in _exec_single_context
    self.dialect.do_execute(
  File "/root/.pyenv/versions/3.11.1/lib/python3.11/site-packages/sqlalchemy/engine/default.py", line 922, in do_execute
    cursor.execute(statement, parameters)
sqlite3.OperationalError: no such column: shift_types.time_segments

The above exception was the direct cause of the following exception:

Traceback (most recent call last):
  File "/root/.pyenv/versions/3.11.1/lib/python3.11/site-packages/uvicorn/protocols/http/httptools_impl.py", line 426, in run_asgi
    result = await app(  # type: ignore[func-returns-value]
             ^^^^^^^^^^^^^^^^^^^^^^^^^^^^^^^^^^^^^^^^^^^^^^
  File "/root/.pyenv/versions/3.11.1/lib/python3.11/site-packages/uvicorn/middleware/proxy_headers.py", line 84, in __call__
    return await self.app(scope, receive, send)
           ^^^^^^^^^^^^^^^^^^^^^^^^^^^^^^^^^^^^
  File "/root/.pyenv/versions/3.11.1/lib/python3.11/site-packages/fastapi/applications.py", line 1106, in __call__
    await super().__call__(scope, receive, send)
  File "/root/.pyenv/versions/3.11.1/lib/python3.11/site-packages/starlette/applications.py", line 122, in __call__
    await self.middleware_stack(scope, receive, send)
  File "/root/.pyenv/versions/3.11.1/lib/python3.11/site-packages/starlette/middleware/errors.py", line 184, in __call__
    raise exc
  File "/root/.pyenv/versions/3.11.1/lib/python3.11/site-packages/starlette/middleware/errors.py", line 162, in __call__
    await self.app(scope, receive, _send)
  File "/root/.pyenv/versions/3.11.1/lib/python3.11/site-packages/starlette/middleware/cors.py", line 91, in __call__
    await self.simple_response(scope, receive, send, request_headers=headers)
  File "/root/.pyenv/versions/3.11.1/lib/python3.11/site-packages/starlette/middleware/cors.py", line 146, in simple_response
    await self.app(scope, receive, send)
  File "/root/.pyenv/versions/3.11.1/lib/python3.11/site-packages/starlette/middleware/exceptions.py", line 79, in __call__
    raise exc
  File "/root/.pyenv/versions/3.11.1/lib/python3.11/site-packages/starlette/middleware/exceptions.py", line 68, in __call__
    await self.app(scope, receive, sender)
  File "/root/.pyenv/versions/3.11.1/lib/python3.11/contextlib.py", line 222, in __aexit__
    await self.gen.athrow(typ, value, traceback)
  File "/root/.pyenv/versions/3.11.1/lib/python3.11/site-packages/fastapi/concurrency.py", line 36, in contextmanager_in_threadpool
    raise e
sqlalchemy.exc.OperationalError: (sqlite3.OperationalError) no such column: shift_types.time_segments
[SQL: SELECT shift_types.id AS shift_types_id, shift_types.shift_name AS shift_types_shift_name, shift_types.time_segments AS shift_types_time_segments, shift_types.work_hours AS shift_types_work_hours, shift_types.color AS shift_types_color, shift_types.is_night AS shift_types_is_night, shift_types.is_active AS shift_types_is_active, shift_types.created_at AS shift_types_created_at 
FROM shift_types 
WHERE shift_types.shift_name = ?
 LIMIT ? OFFSET ?]
[parameters: ('中班', 1, 0)]
(Background on this error at: https://sqlalche.me/e/20/e3q8)
INFO:     192.168.65.193:0 - "POST /api/schedules/import HTTP/1.1" 500 Internal Server Error
ERROR:    Exception in ASGI application
Traceback (most recent call last):
  File "/root/.pyenv/versions/3.11.1/lib/python3.11/site-packages/sqlalchemy/engine/base.py", line 1969, in _exec_single_context
    self.dialect.do_execute(
  File "/root/.pyenv/versions/3.11.1/lib/python3.11/site-packages/sqlalchemy/engine/default.py", line 922, in do_execute
    cursor.execute(statement, parameters)
sqlite3.OperationalError: no such column: shift_types.time_segments

The above exception was the direct cause of the following exception:

Traceback (most recent call last):
  File "/root/.pyenv/versions/3.11.1/lib/python3.11/site-packages/uvicorn/protocols/http/httptools_impl.py", line 426, in run_asgi
    result = await app(  # type: ignore[func-returns-value]
             ^^^^^^^^^^^^^^^^^^^^^^^^^^^^^^^^^^^^^^^^^^^^^^
  File "/root/.pyenv/versions/3.11.1/lib/python3.11/site-packages/uvicorn/middleware/proxy_headers.py", line 84, in __call__
    return await self.app(scope, receive, send)
           ^^^^^^^^^^^^^^^^^^^^^^^^^^^^^^^^^^^^
  File "/root/.pyenv/versions/3.11.1/lib/python3.11/site-packages/fastapi/applications.py", line 1106, in __call__
    await super().__call__(scope, receive, send)
  File "/root/.pyenv/versions/3.11.1/lib/python3.11/site-packages/starlette/applications.py", line 122, in __call__
    await self.middleware_stack(scope, receive, send)
  File "/root/.pyenv/versions/3.11.1/lib/python3.11/site-packages/starlette/middleware/errors.py", line 184, in __call__
    raise exc
  File "/root/.pyenv/versions/3.11.1/lib/python3.11/site-packages/starlette/middleware/errors.py", line 162, in __call__
    await self.app(scope, receive, _send)
  File "/root/.pyenv/versions/3.11.1/lib/python3.11/site-packages/starlette/middleware/cors.py", line 91, in __call__
    await self.simple_response(scope, receive, send, request_headers=headers)
  File "/root/.pyenv/versions/3.11.1/lib/python3.11/site-packages/starlette/middleware/cors.py", line 146, in simple_response
    await self.app(scope, receive, send)
  File "/root/.pyenv/versions/3.11.1/lib/python3.11/site-packages/starlette/middleware/exceptions.py", line 79, in __call__
    raise exc
  File "/root/.pyenv/versions/3.11.1/lib/python3.11/site-packages/starlette/middleware/exceptions.py", line 68, in __call__
    await self.app(scope, receive, sender)
  File "/root/.pyenv/versions/3.11.1/lib/python3.11/contextlib.py", line 222, in __aexit__
    await self.gen.athrow(typ, value, traceback)
  File "/root/.pyenv/versions/3.11.1/lib/python3.11/site-packages/fastapi/concurrency.py", line 36, in contextmanager_in_threadpool
    raise e
sqlalchemy.exc.OperationalError: (sqlite3.OperationalError) no such column: shift_types.time_segments
[SQL: SELECT shift_types.id AS shift_types_id, shift_types.shift_name AS shift_types_shift_name, shift_types.time_segments AS shift_types_time_segments, shift_types.work_hours AS shift_types_work_hours, shift_types.color AS shift_types_color, shift_types.is_night AS shift_types_is_night, shift_types.is_active AS shift_types_is_active, shift_types.created_at AS shift_types_created_at 
FROM shift_types 
WHERE shift_types.shift_name = ?
 LIMIT ? OFFSET ?]
[parameters: ('中班', 1, 0)]
(Background on this error at: https://sqlalche.me/e/20/e3q8)
INFO:     10.3.5.7:0 - "POST /api/schedules/import HTTP/1.1" 500 Internal Server Error
ERROR:    Exception in ASGI application
Traceback (most recent call last):
  File "/root/.pyenv/versions/3.11.1/lib/python3.11/site-packages/sqlalchemy/engine/base.py", line 1969, in _exec_single_context
    self.dialect.do_execute(
  File "/root/.pyenv/versions/3.11.1/lib/python3.11/site-packages/sqlalchemy/engine/default.py", line 922, in do_execute
    cursor.execute(statement, parameters)
sqlite3.OperationalError: no such column: shift_types.time_segments

The above exception was the direct cause of the following exception:

Traceback (most recent call last):
  File "/root/.pyenv/versions/3.11.1/lib/python3.11/site-packages/uvicorn/protocols/http/httptools_impl.py", line 426, in run_asgi
    result = await app(  # type: ignore[func-returns-value]
             ^^^^^^^^^^^^^^^^^^^^^^^^^^^^^^^^^^^^^^^^^^^^^^
  File "/root/.pyenv/versions/3.11.1/lib/python3.11/site-packages/uvicorn/middleware/proxy_headers.py", line 84, in __call__
    return await self.app(scope, receive, send)
           ^^^^^^^^^^^^^^^^^^^^^^^^^^^^^^^^^^^^
  File "/root/.pyenv/versions/3.11.1/lib/python3.11/site-packages/fastapi/applications.py", line 1106, in __call__
    await super().__call__(scope, receive, send)
  File "/root/.pyenv/versions/3.11.1/lib/python3.11/site-packages/starlette/applications.py", line 122, in __call__
    await self.middleware_stack(scope, receive, send)
  File "/root/.pyenv/versions/3.11.1/lib/python3.11/site-packages/starlette/middleware/errors.py", line 184, in __call__
    raise exc
  File "/root/.pyenv/versions/3.11.1/lib/python3.11/site-packages/starlette/middleware/errors.py", line 162, in __call__
    await self.app(scope, receive, _send)
  File "/root/.pyenv/versions/3.11.1/lib/python3.11/site-packages/starlette/middleware/cors.py", line 91, in __call__
    await self.simple_response(scope, receive, send, request_headers=headers)
  File "/root/.pyenv/versions/3.11.1/lib/python3.11/site-packages/starlette/middleware/cors.py", line 146, in simple_response
    await self.app(scope, receive, send)
  File "/root/.pyenv/versions/3.11.1/lib/python3.11/site-packages/starlette/middleware/exceptions.py", line 79, in __call__
    raise exc
  File "/root/.pyenv/versions/3.11.1/lib/python3.11/site-packages/starlette/middleware/exceptions.py", line 68, in __call__
    await self.app(scope, receive, sender)
  File "/root/.pyenv/versions/3.11.1/lib/python3.11/contextlib.py", line 222, in __aexit__
    await self.gen.athrow(typ, value, traceback)
  File "/root/.pyenv/versions/3.11.1/lib/python3.11/site-packages/fastapi/concurrency.py", line 36, in contextmanager_in_threadpool
    raise e
sqlalchemy.exc.OperationalError: (sqlite3.OperationalError) no such column: shift_types.time_segments
[SQL: SELECT shift_types.id AS shift_types_id, shift_types.shift_name AS shift_types_shift_name, shift_types.time_segments AS shift_types_time_segments, shift_types.work_hours AS shift_types_work_hours, shift_types.color AS shift_types_color, shift_types.is_night AS shift_types_is_night, shift_types.is_active AS shift_types_is_active, shift_types.created_at AS shift_types_created_at 
FROM shift_types 
WHERE shift_types.shift_name = ?
 LIMIT ? OFFSET ?]
[parameters: ('中班', 1, 0)]
(Background on this error at: https://sqlalche.me/e/20/e3q8)
INFO:     192.168.65.129:0 - "GET / HTTP/1.1" 200 OK
INFO:     192.168.65.193:0 - "POST /api/schedules/import HTTP/1.1" 500 Internal Server Error
ERROR:    Exception in ASGI application
Traceback (most recent call last):
  File "/root/.pyenv/versions/3.11.1/lib/python3.11/site-packages/sqlalchemy/engine/base.py", line 1969, in _exec_single_context
    self.dialect.do_execute(
  File "/root/.pyenv/versions/3.11.1/lib/python3.11/site-packages/sqlalchemy/engine/default.py", line 922, in do_execute
    cursor.execute(statement, parameters)
sqlite3.OperationalError: no such column: shift_types.time_segments

The above exception was the direct cause of the following exception:

Traceback (most recent call last):
  File "/root/.pyenv/versions/3.11.1/lib/python3.11/site-packages/uvicorn/protocols/http/httptools_impl.py", line 426, in run_asgi
    result = await app(  # type: ignore[func-returns-value]
             ^^^^^^^^^^^^^^^^^^^^^^^^^^^^^^^^^^^^^^^^^^^^^^
  File "/root/.pyenv/versions/3.11.1/lib/python3.11/site-packages/uvicorn/middleware/proxy_headers.py", line 84, in __call__
    return await self.app(scope, receive, send)
           ^^^^^^^^^^^^^^^^^^^^^^^^^^^^^^^^^^^^
  File "/root/.pyenv/versions/3.11.1/lib/python3.11/site-packages/fastapi/applications.py", line 1106, in __call__
    await super().__call__(scope, receive, send)
  File "/root/.pyenv/versions/3.11.1/lib/python3.11/site-packages/starlette/applications.py", line 122, in __call__
    await self.middleware_stack(scope, receive, send)
  File "/root/.pyenv/versions/3.11.1/lib/python3.11/site-packages/starlette/middleware/errors.py", line 184, in __call__
    raise exc
  File "/root/.pyenv/versions/3.11.1/lib/python3.11/site-packages/starlette/middleware/errors.py", line 162, in __call__
    await self.app(scope, receive, _send)
  File "/root/.pyenv/versions/3.11.1/lib/python3.11/site-packages/starlette/middleware/cors.py", line 91, in __call__
    await self.simple_response(scope, receive, send, request_headers=headers)
  File "/root/.pyenv/versions/3.11.1/lib/python3.11/site-packages/starlette/middleware/cors.py", line 146, in simple_response
    await self.app(scope, receive, send)
  File "/root/.pyenv/versions/3.11.1/lib/python3.11/site-packages/starlette/middleware/exceptions.py", line 79, in __call__
    raise exc
  File "/root/.pyenv/versions/3.11.1/lib/python3.11/site-packages/starlette/middleware/exceptions.py", line 68, in __call__
    await self.app(scope, receive, sender)
  File "/root/.pyenv/versions/3.11.1/lib/python3.11/contextlib.py", line 222, in __aexit__
    await self.gen.athrow(typ, value, traceback)
  File "/root/.pyenv/versions/3.11.1/lib/python3.11/site-packages/fastapi/concurrency.py", line 36, in contextmanager_in_threadpool
    raise e
sqlalchemy.exc.OperationalError: (sqlite3.OperationalError) no such column: shift_types.time_segments
[SQL: SELECT shift_types.id AS shift_types_id, shift_types.shift_name AS shift_types_shift_name, shift_types.time_segments AS shift_types_time_segments, shift_types.work_hours AS shift_types_work_hours, shift_types.color AS shift_types_color, shift_types.is_night AS shift_types_is_night, shift_types.is_active AS shift_types_is_active, shift_types.created_at AS shift_types_created_at 
FROM shift_types 
WHERE shift_types.shift_name = ?
 LIMIT ? OFFSET ?]
[parameters: ('中班', 1, 0)]
(Background on this error at: https://sqlalche.me/e/20/e3q8)
INFO:     10.3.5.7:0 - "POST /api/schedules/import HTTP/1.1" 500 Internal Server Error
ERROR:    Exception in ASGI application
Traceback (most recent call last):
  File "/root/.pyenv/versions/3.11.1/lib/python3.11/site-packages/sqlalchemy/engine/base.py", line 1969, in _exec_single_context
    self.dialect.do_execute(
  File "/root/.pyenv/versions/3.11.1/lib/python3.11/site-packages/sqlalchemy/engine/default.py", line 922, in do_execute
    cursor.execute(statement, parameters)
sqlite3.OperationalError: no such column: shift_types.time_segments

The above exception was the direct cause of the following exception:

Traceback (most recent call last):
  File "/root/.pyenv/versions/3.11.1/lib/python3.11/site-packages/uvicorn/protocols/http/httptools_impl.py", line 426, in run_asgi
    result = await app(  # type: ignore[func-returns-value]
             ^^^^^^^^^^^^^^^^^^^^^^^^^^^^^^^^^^^^^^^^^^^^^^
  File "/root/.pyenv/versions/3.11.1/lib/python3.11/site-packages/uvicorn/middleware/proxy_headers.py", line 84, in __call__
    return await self.app(scope, receive, send)
           ^^^^^^^^^^^^^^^^^^^^^^^^^^^^^^^^^^^^
  File "/root/.pyenv/versions/3.11.1/lib/python3.11/site-packages/fastapi/applications.py", line 1106, in __call__
    await super().__call__(scope, receive, send)
  File "/root/.pyenv/versions/3.11.1/lib/python3.11/site-packages/starlette/applications.py", line 122, in __call__
    await self.middleware_stack(scope, receive, send)
  File "/root/.pyenv/versions/3.11.1/lib/python3.11/site-packages/starlette/middleware/errors.py", line 184, in __call__
    raise exc
  File "/root/.pyenv/versions/3.11.1/lib/python3.11/site-packages/starlette/middleware/errors.py", line 162, in __call__
    await self.app(scope, receive, _send)
  File "/root/.pyenv/versions/3.11.1/lib/python3.11/site-packages/starlette/middleware/cors.py", line 91, in __call__
    await self.simple_response(scope, receive, send, request_headers=headers)
  File "/root/.pyenv/versions/3.11.1/lib/python3.11/site-packages/starlette/middleware/cors.py", line 146, in simple_response
    await self.app(scope, receive, send)
  File "/root/.pyenv/versions/3.11.1/lib/python3.11/site-packages/starlette/middleware/exceptions.py", line 79, in __call__
    raise exc
  File "/root/.pyenv/versions/3.11.1/lib/python3.11/site-packages/starlette/middleware/exceptions.py", line 68, in __call__
    await self.app(scope, receive, sender)
  File "/root/.pyenv/versions/3.11.1/lib/python3.11/contextlib.py", line 222, in __aexit__
    await self.gen.athrow(typ, value, traceback)
  File "/root/.pyenv/versions/3.11.1/lib/python3.11/site-packages/fastapi/concurrency.py", line 36, in contextmanager_in_threadpool
    raise e
sqlalchemy.exc.OperationalError: (sqlite3.OperationalError) no such column: shift_types.time_segments
[SQL: SELECT shift_types.id AS shift_types_id, shift_types.shift_name AS shift_types_shift_name, shift_types.time_segments AS shift_types_time_segments, shift_types.work_hours AS shift_types_work_hours, shift_types.color AS shift_types_color, shift_types.is_night AS shift_types_is_night, shift_types.is_active AS shift_types_is_active, shift_types.created_at AS shift_types_created_at 
FROM shift_types 
WHERE shift_types.shift_name = ?
 LIMIT ? OFFSET ?]
[parameters: ('中班', 1, 0)]
(Background on this error at: https://sqlalche.me/e/20/e3q8)
INFO:     192.168.65.193:0 - "POST /api/schedules/import HTTP/1.1" 500 Internal Server Error
ERROR:    Exception in ASGI application
Traceback (most recent call last):
  File "/root/.pyenv/versions/3.11.1/lib/python3.11/site-packages/sqlalchemy/engine/base.py", line 1969, in _exec_single_context
    self.dialect.do_execute(
  File "/root/.pyenv/versions/3.11.1/lib/python3.11/site-packages/sqlalchemy/engine/default.py", line 922, in do_execute
    cursor.execute(statement, parameters)
sqlite3.OperationalError: no such column: shift_types.time_segments

The above exception was the direct cause of the following exception:

Traceback (most recent call last):
  File "/root/.pyenv/versions/3.11.1/lib/python3.11/site-packages/uvicorn/protocols/http/httptools_impl.py", line 426, in run_asgi
    result = await app(  # type: ignore[func-returns-value]
             ^^^^^^^^^^^^^^^^^^^^^^^^^^^^^^^^^^^^^^^^^^^^^^
  File "/root/.pyenv/versions/3.11.1/lib/python3.11/site-packages/uvicorn/middleware/proxy_headers.py", line 84, in __call__
    return await self.app(scope, receive, send)
           ^^^^^^^^^^^^^^^^^^^^^^^^^^^^^^^^^^^^
  File "/root/.pyenv/versions/3.11.1/lib/python3.11/site-packages/fastapi/applications.py", line 1106, in __call__
    await super().__call__(scope, receive, send)
  File "/root/.pyenv/versions/3.11.1/lib/python3.11/site-packages/starlette/applications.py", line 122, in __call__
    await self.middleware_stack(scope, receive, send)
  File "/root/.pyenv/versions/3.11.1/lib/python3.11/site-packages/starlette/middleware/errors.py", line 184, in __call__
    raise exc
  File "/root/.pyenv/versions/3.11.1/lib/python3.11/site-packages/starlette/middleware/errors.py", line 162, in __call__
    await self.app(scope, receive, _send)
  File "/root/.pyenv/versions/3.11.1/lib/python3.11/site-packages/starlette/middleware/cors.py", line 91, in __call__
    await self.simple_response(scope, receive, send, request_headers=headers)
  File "/root/.pyenv/versions/3.11.1/lib/python3.11/site-packages/starlette/middleware/cors.py", line 146, in simple_response
    await self.app(scope, receive, send)
  File "/root/.pyenv/versions/3.11.1/lib/python3.11/site-packages/starlette/middleware/exceptions.py", line 79, in __call__
    raise exc
  File "/root/.pyenv/versions/3.11.1/lib/python3.11/site-packages/starlette/middleware/exceptions.py", line 68, in __call__
    await self.app(scope, receive, sender)
  File "/root/.pyenv/versions/3.11.1/lib/python3.11/contextlib.py", line 222, in __aexit__
    await self.gen.athrow(typ, value, traceback)
  File "/root/.pyenv/versions/3.11.1/lib/python3.11/site-packages/fastapi/concurrency.py", line 36, in contextmanager_in_threadpool
    raise e
sqlalchemy.exc.OperationalError: (sqlite3.OperationalError) no such column: shift_types.time_segments
[SQL: SELECT shift_types.id AS shift_types_id, shift_types.shift_name AS shift_types_shift_name, shift_types.time_segments AS shift_types_time_segments, shift_types.work_hours AS shift_types_work_hours, shift_types.color AS shift_types_color, shift_types.is_night AS shift_types_is_night, shift_types.is_active AS shift_types_is_active, shift_types.created_at AS shift_types_created_at 
FROM shift_types 
WHERE shift_types.shift_name = ?
 LIMIT ? OFFSET ?]
[parameters: ('中班', 1, 0)]
(Background on this error at: https://sqlalche.me/e/20/e3q8)
INFO:     Shutting down
INFO:     Waiting for application shutdown.
INFO:     Application shutdown complete.
INFO:     Finished server process [19903]
INFO:     Started server process [22345]
INFO:     Waiting for application startup.
INFO:     Application startup complete.
INFO:     Uvicorn running on http://0.0.0.0:5000 (Press CTRL+C to quit)
INFO:     Started server process [22521]
INFO:     Waiting for application startup.
INFO:     Application startup complete.
ERROR:    [Errno 98] error while attempting to bind on address ('0.0.0.0', 5000): address already in use
INFO:     Waiting for application shutdown.
INFO:     Application shutdown complete.
全局异常: Traceback (most recent call last):
  File "/root/.pyenv/versions/3.11.1/lib/python3.11/site-packages/sqlalchemy/engine/base.py", line 1969, in _exec_single_context
    self.dialect.do_execute(
  File "/root/.pyenv/versions/3.11.1/lib/python3.11/site-packages/sqlalchemy/engine/default.py", line 922, in do_execute
    cursor.execute(statement, parameters)
sqlite3.OperationalError: no such column: shift_types.time_segments

The above exception was the direct cause of the following exception:

Traceback (most recent call last):
  File "/root/.pyenv/versions/3.11.1/lib/python3.11/site-packages/starlette/middleware/errors.py", line 162, in __call__
    await self.app(scope, receive, _send)
  File "/root/.pyenv/versions/3.11.1/lib/python3.11/site-packages/starlette/middleware/cors.py", line 83, in __call__
    await self.app(scope, receive, send)
  File "/root/.pyenv/versions/3.11.1/lib/python3.11/site-packages/starlette/middleware/exceptions.py", line 79, in __call__
    raise exc
  File "/root/.pyenv/versions/3.11.1/lib/python3.11/site-packages/starlette/middleware/exceptions.py", line 68, in __call__
    await self.app(scope, receive, sender)
  File "/root/.pyenv/versions/3.11.1/lib/python3.11/contextlib.py", line 222, in __aexit__
    await self.gen.athrow(typ, value, traceback)
  File "/root/.pyenv/versions/3.11.1/lib/python3.11/site-packages/fastapi/concurrency.py", line 36, in contextmanager_in_threadpool
    raise e
sqlalchemy.exc.OperationalError: (sqlite3.OperationalError) no such column: shift_types.time_segments
[SQL: SELECT shift_types.id AS shift_types_id, shift_types.shift_name AS shift_types_shift_name, shift_types.time_segments AS shift_types_time_segments, shift_types.work_hours AS shift_types_work_hours, shift_types.color AS shift_types_color, shift_types.is_night AS shift_types_is_night, shift_types.is_active AS shift_types_is_active, shift_types.created_at AS shift_types_created_at 
FROM shift_types 
WHERE shift_types.is_active = 1]
(Background on this error at: https://sqlalche.me/e/20/e3q8)

INFO:     192.168.65.129:0 - "GET /api/shift-types HTTP/1.1" 500 Internal Server Error
ERROR:    Exception in ASGI application
Traceback (most recent call last):
  File "/root/.pyenv/versions/3.11.1/lib/python3.11/site-packages/sqlalchemy/engine/base.py", line 1969, in _exec_single_context
    self.dialect.do_execute(
  File "/root/.pyenv/versions/3.11.1/lib/python3.11/site-packages/sqlalchemy/engine/default.py", line 922, in do_execute
    cursor.execute(statement, parameters)
sqlite3.OperationalError: no such column: shift_types.time_segments

The above exception was the direct cause of the following exception:

Traceback (most recent call last):
  File "/root/.pyenv/versions/3.11.1/lib/python3.11/site-packages/uvicorn/protocols/http/httptools_impl.py", line 426, in run_asgi
    result = await app(  # type: ignore[func-returns-value]
             ^^^^^^^^^^^^^^^^^^^^^^^^^^^^^^^^^^^^^^^^^^^^^^
  File "/root/.pyenv/versions/3.11.1/lib/python3.11/site-packages/uvicorn/middleware/proxy_headers.py", line 84, in __call__
    return await self.app(scope, receive, send)
           ^^^^^^^^^^^^^^^^^^^^^^^^^^^^^^^^^^^^
  File "/root/.pyenv/versions/3.11.1/lib/python3.11/site-packages/fastapi/applications.py", line 1106, in __call__
    await super().__call__(scope, receive, send)
  File "/root/.pyenv/versions/3.11.1/lib/python3.11/site-packages/starlette/applications.py", line 122, in __call__
    await self.middleware_stack(scope, receive, send)
  File "/root/.pyenv/versions/3.11.1/lib/python3.11/site-packages/starlette/middleware/errors.py", line 184, in __call__
    raise exc
  File "/root/.pyenv/versions/3.11.1/lib/python3.11/site-packages/starlette/middleware/errors.py", line 162, in __call__
    await self.app(scope, receive, _send)
  File "/root/.pyenv/versions/3.11.1/lib/python3.11/site-packages/starlette/middleware/cors.py", line 83, in __call__
    await self.app(scope, receive, send)
  File "/root/.pyenv/versions/3.11.1/lib/python3.11/site-packages/starlette/middleware/exceptions.py", line 79, in __call__
    raise exc
  File "/root/.pyenv/versions/3.11.1/lib/python3.11/site-packages/starlette/middleware/exceptions.py", line 68, in __call__
    await self.app(scope, receive, sender)
  File "/root/.pyenv/versions/3.11.1/lib/python3.11/contextlib.py", line 222, in __aexit__
    await self.gen.athrow(typ, value, traceback)
  File "/root/.pyenv/versions/3.11.1/lib/python3.11/site-packages/fastapi/concurrency.py", line 36, in contextmanager_in_threadpool
    raise e
sqlalchemy.exc.OperationalError: (sqlite3.OperationalError) no such column: shift_types.time_segments
[SQL: SELECT shift_types.id AS shift_types_id, shift_types.shift_name AS shift_types_shift_name, shift_types.time_segments AS shift_types_time_segments, shift_types.work_hours AS shift_types_work_hours, shift_types.color AS shift_types_color, shift_types.is_night AS shift_types_is_night, shift_types.is_active AS shift_types_is_active, shift_types.created_at AS shift_types_created_at 
FROM shift_types 
WHERE shift_types.is_active = 1]
(Background on this error at: https://sqlalche.me/e/20/e3q8)
INFO:     10.3.5.7:0 - "GET /api/schedules?date=&team= HTTP/1.1" 200 OK
INFO:     192.168.65.193:0 - "GET /api/employees/teams HTTP/1.1" 200 OK
INFO:     10.3.5.15:0 - "GET /api/employees?limit=1000 HTTP/1.1" 422 Unprocessable Entity
全局异常: Traceback (most recent call last):
  File "/root/.pyenv/versions/3.11.1/lib/python3.11/site-packages/sqlalchemy/engine/base.py", line 1969, in _exec_single_context
    self.dialect.do_execute(
  File "/root/.pyenv/versions/3.11.1/lib/python3.11/site-packages/sqlalchemy/engine/default.py", line 922, in do_execute
    cursor.execute(statement, parameters)
sqlite3.OperationalError: no such column: shift_types.time_segments

The above exception was the direct cause of the following exception:

Traceback (most recent call last):
  File "/root/.pyenv/versions/3.11.1/lib/python3.11/site-packages/starlette/middleware/errors.py", line 162, in __call__
    await self.app(scope, receive, _send)
  File "/root/.pyenv/versions/3.11.1/lib/python3.11/site-packages/starlette/middleware/cors.py", line 91, in __call__
    await self.simple_response(scope, receive, send, request_headers=headers)
  File "/root/.pyenv/versions/3.11.1/lib/python3.11/site-packages/starlette/middleware/cors.py", line 146, in simple_response
    await self.app(scope, receive, send)
  File "/root/.pyenv/versions/3.11.1/lib/python3.11/site-packages/starlette/middleware/exceptions.py", line 79, in __call__
    raise exc
  File "/root/.pyenv/versions/3.11.1/lib/python3.11/site-packages/starlette/middleware/exceptions.py", line 68, in __call__
    await self.app(scope, receive, sender)
  File "/root/.pyenv/versions/3.11.1/lib/python3.11/contextlib.py", line 222, in __aexit__
    await self.gen.athrow(typ, value, traceback)
  File "/root/.pyenv/versions/3.11.1/lib/python3.11/site-packages/fastapi/concurrency.py", line 36, in contextmanager_in_threadpool
    raise e
sqlalchemy.exc.OperationalError: (sqlite3.OperationalError) no such column: shift_types.time_segments
[SQL: SELECT shift_types.id AS shift_types_id, shift_types.shift_name AS shift_types_shift_name, shift_types.time_segments AS shift_types_time_segments, shift_types.work_hours AS shift_types_work_hours, shift_types.color AS shift_types_color, shift_types.is_night AS shift_types_is_night, shift_types.is_active AS shift_types_is_active, shift_types.created_at AS shift_types_created_at 
FROM shift_types 
WHERE shift_types.shift_name = ?
 LIMIT ? OFFSET ?]
[parameters: ('中班', 1, 0)]
(Background on this error at: https://sqlalche.me/e/20/e3q8)

INFO:     192.168.65.193:0 - "POST /api/schedules/import HTTP/1.1" 500 Internal Server Error
ERROR:    Exception in ASGI application
Traceback (most recent call last):
  File "/root/.pyenv/versions/3.11.1/lib/python3.11/site-packages/sqlalchemy/engine/base.py", line 1969, in _exec_single_context
    self.dialect.do_execute(
  File "/root/.pyenv/versions/3.11.1/lib/python3.11/site-packages/sqlalchemy/engine/default.py", line 922, in do_execute
    cursor.execute(statement, parameters)
sqlite3.OperationalError: no such column: shift_types.time_segments

The above exception was the direct cause of the following exception:

Traceback (most recent call last):
  File "/root/.pyenv/versions/3.11.1/lib/python3.11/site-packages/uvicorn/protocols/http/httptools_impl.py", line 426, in run_asgi
    result = await app(  # type: ignore[func-returns-value]
             ^^^^^^^^^^^^^^^^^^^^^^^^^^^^^^^^^^^^^^^^^^^^^^
  File "/root/.pyenv/versions/3.11.1/lib/python3.11/site-packages/uvicorn/middleware/proxy_headers.py", line 84, in __call__
    return await self.app(scope, receive, send)
           ^^^^^^^^^^^^^^^^^^^^^^^^^^^^^^^^^^^^
  File "/root/.pyenv/versions/3.11.1/lib/python3.11/site-packages/fastapi/applications.py", line 1106, in __call__
    await super().__call__(scope, receive, send)
  File "/root/.pyenv/versions/3.11.1/lib/python3.11/site-packages/starlette/applications.py", line 122, in __call__
    await self.middleware_stack(scope, receive, send)
  File "/root/.pyenv/versions/3.11.1/lib/python3.11/site-packages/starlette/middleware/errors.py", line 184, in __call__
    raise exc
  File "/root/.pyenv/versions/3.11.1/lib/python3.11/site-packages/starlette/middleware/errors.py", line 162, in __call__
    await self.app(scope, receive, _send)
  File "/root/.pyenv/versions/3.11.1/lib/python3.11/site-packages/starlette/middleware/cors.py", line 91, in __call__
    await self.simple_response(scope, receive, send, request_headers=headers)
  File "/root/.pyenv/versions/3.11.1/lib/python3.11/site-packages/starlette/middleware/cors.py", line 146, in simple_response
    await self.app(scope, receive, send)
  File "/root/.pyenv/versions/3.11.1/lib/python3.11/site-packages/starlette/middleware/exceptions.py", line 79, in __call__
    raise exc
  File "/root/.pyenv/versions/3.11.1/lib/python3.11/site-packages/starlette/middleware/exceptions.py", line 68, in __call__
    await self.app(scope, receive, sender)
  File "/root/.pyenv/versions/3.11.1/lib/python3.11/contextlib.py", line 222, in __aexit__
    await self.gen.athrow(typ, value, traceback)
  File "/root/.pyenv/versions/3.11.1/lib/python3.11/site-packages/fastapi/concurrency.py", line 36, in contextmanager_in_threadpool
    raise e
sqlalchemy.exc.OperationalError: (sqlite3.OperationalError) no such column: shift_types.time_segments
[SQL: SELECT shift_types.id AS shift_types_id, shift_types.shift_name AS shift_types_shift_name, shift_types.time_segments AS shift_types_time_segments, shift_types.work_hours AS shift_types_work_hours, shift_types.color AS shift_types_color, shift_types.is_night AS shift_types_is_night, shift_types.is_active AS shift_types_is_active, shift_types.created_at AS shift_types_created_at 
FROM shift_types 
WHERE shift_types.shift_name = ?
 LIMIT ? OFFSET ?]
[parameters: ('中班', 1, 0)]
(Background on this error at: https://sqlalche.me/e/20/e3q8)
全局异常: Traceback (most recent call last):
  File "/root/.pyenv/versions/3.11.1/lib/python3.11/site-packages/sqlalchemy/engine/base.py", line 1969, in _exec_single_context
    self.dialect.do_execute(
  File "/root/.pyenv/versions/3.11.1/lib/python3.11/site-packages/sqlalchemy/engine/default.py", line 922, in do_execute
    cursor.execute(statement, parameters)
sqlite3.OperationalError: no such column: shift_types.time_segments

The above exception was the direct cause of the following exception:

Traceback (most recent call last):
  File "/root/.pyenv/versions/3.11.1/lib/python3.11/site-packages/starlette/middleware/errors.py", line 162, in __call__
    await self.app(scope, receive, _send)
  File "/root/.pyenv/versions/3.11.1/lib/python3.11/site-packages/starlette/middleware/cors.py", line 91, in __call__
    await self.simple_response(scope, receive, send, request_headers=headers)
  File "/root/.pyenv/versions/3.11.1/lib/python3.11/site-packages/starlette/middleware/cors.py", line 146, in simple_response
    await self.app(scope, receive, send)
  File "/root/.pyenv/versions/3.11.1/lib/python3.11/site-packages/starlette/middleware/exceptions.py", line 79, in __call__
    raise exc
  File "/root/.pyenv/versions/3.11.1/lib/python3.11/site-packages/starlette/middleware/exceptions.py", line 68, in __call__
    await self.app(scope, receive, sender)
  File "/root/.pyenv/versions/3.11.1/lib/python3.11/contextlib.py", line 222, in __aexit__
    await self.gen.athrow(typ, value, traceback)
  File "/root/.pyenv/versions/3.11.1/lib/python3.11/site-packages/fastapi/concurrency.py", line 36, in contextmanager_in_threadpool
    raise e
sqlalchemy.exc.OperationalError: (sqlite3.OperationalError) no such column: shift_types.time_segments
[SQL: SELECT shift_types.id AS shift_types_id, shift_types.shift_name AS shift_types_shift_name, shift_types.time_segments AS shift_types_time_segments, shift_types.work_hours AS shift_types_work_hours, shift_types.color AS shift_types_color, shift_types.is_night AS shift_types_is_night, shift_types.is_active AS shift_types_is_active, shift_types.created_at AS shift_types_created_at 
FROM shift_types 
WHERE shift_types.shift_name = ?
 LIMIT ? OFFSET ?]
[parameters: ('中班', 1, 0)]
(Background on this error at: https://sqlalche.me/e/20/e3q8)

INFO:     192.168.65.193:0 - "POST /api/schedules/import HTTP/1.1" 500 Internal Server Error
ERROR:    Exception in ASGI application
Traceback (most recent call last):
  File "/root/.pyenv/versions/3.11.1/lib/python3.11/site-packages/sqlalchemy/engine/base.py", line 1969, in _exec_single_context
    self.dialect.do_execute(
  File "/root/.pyenv/versions/3.11.1/lib/python3.11/site-packages/sqlalchemy/engine/default.py", line 922, in do_execute
    cursor.execute(statement, parameters)
sqlite3.OperationalError: no such column: shift_types.time_segments

The above exception was the direct cause of the following exception:

Traceback (most recent call last):
  File "/root/.pyenv/versions/3.11.1/lib/python3.11/site-packages/uvicorn/protocols/http/httptools_impl.py", line 426, in run_asgi
    result = await app(  # type: ignore[func-returns-value]
             ^^^^^^^^^^^^^^^^^^^^^^^^^^^^^^^^^^^^^^^^^^^^^^
  File "/root/.pyenv/versions/3.11.1/lib/python3.11/site-packages/uvicorn/middleware/proxy_headers.py", line 84, in __call__
    return await self.app(scope, receive, send)
           ^^^^^^^^^^^^^^^^^^^^^^^^^^^^^^^^^^^^
  File "/root/.pyenv/versions/3.11.1/lib/python3.11/site-packages/fastapi/applications.py", line 1106, in __call__
    await super().__call__(scope, receive, send)
  File "/root/.pyenv/versions/3.11.1/lib/python3.11/site-packages/starlette/applications.py", line 122, in __call__
    await self.middleware_stack(scope, receive, send)
  File "/root/.pyenv/versions/3.11.1/lib/python3.11/site-packages/starlette/middleware/errors.py", line 184, in __call__
    raise exc
  File "/root/.pyenv/versions/3.11.1/lib/python3.11/site-packages/starlette/middleware/errors.py", line 162, in __call__
    await self.app(scope, receive, _send)
  File "/root/.pyenv/versions/3.11.1/lib/python3.11/site-packages/starlette/middleware/cors.py", line 91, in __call__
    await self.simple_response(scope, receive, send, request_headers=headers)
  File "/root/.pyenv/versions/3.11.1/lib/python3.11/site-packages/starlette/middleware/cors.py", line 146, in simple_response
    await self.app(scope, receive, send)
  File "/root/.pyenv/versions/3.11.1/lib/python3.11/site-packages/starlette/middleware/exceptions.py", line 79, in __call__
    raise exc
  File "/root/.pyenv/versions/3.11.1/lib/python3.11/site-packages/starlette/middleware/exceptions.py", line 68, in __call__
    await self.app(scope, receive, sender)
  File "/root/.pyenv/versions/3.11.1/lib/python3.11/contextlib.py", line 222, in __aexit__
    await self.gen.athrow(typ, value, traceback)
  File "/root/.pyenv/versions/3.11.1/lib/python3.11/site-packages/fastapi/concurrency.py", line 36, in contextmanager_in_threadpool
    raise e
sqlalchemy.exc.OperationalError: (sqlite3.OperationalError) no such column: shift_types.time_segments
[SQL: SELECT shift_types.id AS shift_types_id, shift_types.shift_name AS shift_types_shift_name, shift_types.time_segments AS shift_types_time_segments, shift_types.work_hours AS shift_types_work_hours, shift_types.color AS shift_types_color, shift_types.is_night AS shift_types_is_night, shift_types.is_active AS shift_types_is_active, shift_types.created_at AS shift_types_created_at 
FROM shift_types 
WHERE shift_types.shift_name = ?
 LIMIT ? OFFSET ?]
[parameters: ('中班', 1, 0)]
(Background on this error at: https://sqlalche.me/e/20/e3q8)
INFO:     10.3.5.15:0 - "POST /api/schedules/import HTTP/1.1" 200 OK
INFO:     192.168.65.193:0 - "GET /api/schedules?date=&team= HTTP/1.1" 200 OK
INFO:     192.168.65.193:0 - "GET /api/employees/departments HTTP/1.1" 200 OK
INFO:     10.3.5.7:0 - "GET /api/employees?page=1&limit=20&search=&team=&dept= HTTP/1.1" 200 OK
INFO:     192.168.65.193:0 - "GET /api/employees/teams HTTP/1.1" 200 OK
INFO:     192.168.65.193:0 - "GET /api/employees?limit=1000 HTTP/1.1" 422 Unprocessable Entity
全局异常: Traceback (most recent call last):
  File "/root/.pyenv/versions/3.11.1/lib/python3.11/site-packages/starlette/middleware/errors.py", line 162, in __call__
    await self.app(scope, receive, _send)
  File "/root/.pyenv/versions/3.11.1/lib/python3.11/site-packages/starlette/middleware/cors.py", line 83, in __call__
    await self.app(scope, receive, send)
  File "/root/.pyenv/versions/3.11.1/lib/python3.11/site-packages/starlette/middleware/exceptions.py", line 79, in __call__
    raise exc
  File "/root/.pyenv/versions/3.11.1/lib/python3.11/site-packages/starlette/middleware/exceptions.py", line 68, in __call__
    await self.app(scope, receive, sender)
  File "/root/.pyenv/versions/3.11.1/lib/python3.11/contextlib.py", line 222, in __aexit__
    await self.gen.athrow(typ, value, traceback)
  File "/root/.pyenv/versions/3.11.1/lib/python3.11/site-packages/fastapi/concurrency.py", line 36, in contextmanager_in_threadpool
    raise e
fastapi.exceptions.ResponseValidationError: 22 validation errors:
  {'type': 'missing', 'loc': ('response', 0, 'start_time'), 'msg': 'Field required', 'input': <app.models.shift_type.ShiftType object at 0x7f3695f82890>, 'url': 'https://errors.pydantic.dev/2.5/v/missing'}
  {'type': 'missing', 'loc': ('response', 0, 'end_time'), 'msg': 'Field required', 'input': <app.models.shift_type.ShiftType object at 0x7f3695f82890>, 'url': 'https://errors.pydantic.dev/2.5/v/missing'}
  {'type': 'missing', 'loc': ('response', 1, 'start_time'), 'msg': 'Field required', 'input': <app.models.shift_type.ShiftType object at 0x7f3695f815d0>, 'url': 'https://errors.pydantic.dev/2.5/v/missing'}
  {'type': 'missing', 'loc': ('response', 1, 'end_time'), 'msg': 'Field required', 'input': <app.models.shift_type.ShiftType object at 0x7f3695f815d0>, 'url': 'https://errors.pydantic.dev/2.5/v/missing'}
  {'type': 'missing', 'loc': ('response', 2, 'start_time'), 'msg': 'Field required', 'input': <app.models.shift_type.ShiftType object at 0x7f3695f83a10>, 'url': 'https://errors.pydantic.dev/2.5/v/missing'}
  {'type': 'missing', 'loc': ('response', 2, 'end_time'), 'msg': 'Field required', 'input': <app.models.shift_type.ShiftType object at 0x7f3695f83a10>, 'url': 'https://errors.pydantic.dev/2.5/v/missing'}
  {'type': 'missing', 'loc': ('response', 3, 'start_time'), 'msg': 'Field required', 'input': <app.models.shift_type.ShiftType object at 0x7f3695f82910>, 'url': 'https://errors.pydantic.dev/2.5/v/missing'}
  {'type': 'missing', 'loc': ('response', 3, 'end_time'), 'msg': 'Field required', 'input': <app.models.shift_type.ShiftType object at 0x7f3695f82910>, 'url': 'https://errors.pydantic.dev/2.5/v/missing'}
  {'type': 'missing', 'loc': ('response', 4, 'start_time'), 'msg': 'Field required', 'input': <app.models.shift_type.ShiftType object at 0x7f3695f80e10>, 'url': 'https://errors.pydantic.dev/2.5/v/missing'}
  {'type': 'missing', 'loc': ('response', 4, 'end_time'), 'msg': 'Field required', 'input': <app.models.shift_type.ShiftType object at 0x7f3695f80e10>, 'url': 'https://errors.pydantic.dev/2.5/v/missing'}
  {'type': 'missing', 'loc': ('response', 5, 'start_time'), 'msg': 'Field required', 'input': <app.models.shift_type.ShiftType object at 0x7f3695f83bd0>, 'url': 'https://errors.pydantic.dev/2.5/v/missing'}
  {'type': 'missing', 'loc': ('response', 5, 'end_time'), 'msg': 'Field required', 'input': <app.models.shift_type.ShiftType object at 0x7f3695f83bd0>, 'url': 'https://errors.pydantic.dev/2.5/v/missing'}
  {'type': 'missing', 'loc': ('response', 6, 'start_time'), 'msg': 'Field required', 'input': <app.models.shift_type.ShiftType object at 0x7f3695f81750>, 'url': 'https://errors.pydantic.dev/2.5/v/missing'}
  {'type': 'missing', 'loc': ('response', 6, 'end_time'), 'msg': 'Field required', 'input': <app.models.shift_type.ShiftType object at 0x7f3695f81750>, 'url': 'https://errors.pydantic.dev/2.5/v/missing'}
  {'type': 'missing', 'loc': ('response', 7, 'start_time'), 'msg': 'Field required', 'input': <app.models.shift_type.ShiftType object at 0x7f3695f81690>, 'url': 'https://errors.pydantic.dev/2.5/v/missing'}
  {'type': 'missing', 'loc': ('response', 7, 'end_time'), 'msg': 'Field required', 'input': <app.models.shift_type.ShiftType object at 0x7f3695f81690>, 'url': 'https://errors.pydantic.dev/2.5/v/missing'}
  {'type': 'missing', 'loc': ('response', 8, 'start_time'), 'msg': 'Field required', 'input': <app.models.shift_type.ShiftType object at 0x7f3695f83dd0>, 'url': 'https://errors.pydantic.dev/2.5/v/missing'}
  {'type': 'missing', 'loc': ('response', 8, 'end_time'), 'msg': 'Field required', 'input': <app.models.shift_type.ShiftType object at 0x7f3695f83dd0>, 'url': 'https://errors.pydantic.dev/2.5/v/missing'}
  {'type': 'missing', 'loc': ('response', 9, 'start_time'), 'msg': 'Field required', 'input': <app.models.shift_type.ShiftType object at 0x7f3695f83ad0>, 'url': 'https://errors.pydantic.dev/2.5/v/missing'}
  {'type': 'missing', 'loc': ('response', 9, 'end_time'), 'msg': 'Field required', 'input': <app.models.shift_type.ShiftType object at 0x7f3695f83ad0>, 'url': 'https://errors.pydantic.dev/2.5/v/missing'}
  {'type': 'missing', 'loc': ('response', 10, 'start_time'), 'msg': 'Field required', 'input': <app.models.shift_type.ShiftType object at 0x7f3695f83150>, 'url': 'https://errors.pydantic.dev/2.5/v/missing'}
  {'type': 'missing', 'loc': ('response', 10, 'end_time'), 'msg': 'Field required', 'input': <app.models.shift_type.ShiftType object at 0x7f3695f83150>, 'url': 'https://errors.pydantic.dev/2.5/v/missing'}


INFO:     10.3.5.15:0 - "GET /api/shift-types HTTP/1.1" 500 Internal Server Error
ERROR:    Exception in ASGI application
Traceback (most recent call last):
  File "/root/.pyenv/versions/3.11.1/lib/python3.11/site-packages/uvicorn/protocols/http/httptools_impl.py", line 426, in run_asgi
    result = await app(  # type: ignore[func-returns-value]
             ^^^^^^^^^^^^^^^^^^^^^^^^^^^^^^^^^^^^^^^^^^^^^^
  File "/root/.pyenv/versions/3.11.1/lib/python3.11/site-packages/uvicorn/middleware/proxy_headers.py", line 84, in __call__
    return await self.app(scope, receive, send)
           ^^^^^^^^^^^^^^^^^^^^^^^^^^^^^^^^^^^^
  File "/root/.pyenv/versions/3.11.1/lib/python3.11/site-packages/fastapi/applications.py", line 1106, in __call__
    await super().__call__(scope, receive, send)
  File "/root/.pyenv/versions/3.11.1/lib/python3.11/site-packages/starlette/applications.py", line 122, in __call__
    await self.middleware_stack(scope, receive, send)
  File "/root/.pyenv/versions/3.11.1/lib/python3.11/site-packages/starlette/middleware/errors.py", line 184, in __call__
    raise exc
  File "/root/.pyenv/versions/3.11.1/lib/python3.11/site-packages/starlette/middleware/errors.py", line 162, in __call__
    await self.app(scope, receive, _send)
  File "/root/.pyenv/versions/3.11.1/lib/python3.11/site-packages/starlette/middleware/cors.py", line 83, in __call__
    await self.app(scope, receive, send)
  File "/root/.pyenv/versions/3.11.1/lib/python3.11/site-packages/starlette/middleware/exceptions.py", line 79, in __call__
    raise exc
  File "/root/.pyenv/versions/3.11.1/lib/python3.11/site-packages/starlette/middleware/exceptions.py", line 68, in __call__
    await self.app(scope, receive, sender)
  File "/root/.pyenv/versions/3.11.1/lib/python3.11/contextlib.py", line 222, in __aexit__
    await self.gen.athrow(typ, value, traceback)
  File "/root/.pyenv/versions/3.11.1/lib/python3.11/site-packages/fastapi/concurrency.py", line 36, in contextmanager_in_threadpool
    raise e
fastapi.exceptions.ResponseValidationError: 22 validation errors:
  {'type': 'missing', 'loc': ('response', 0, 'start_time'), 'msg': 'Field required', 'input': <app.models.shift_type.ShiftType object at 0x7f3695f82890>, 'url': 'https://errors.pydantic.dev/2.5/v/missing'}
  {'type': 'missing', 'loc': ('response', 0, 'end_time'), 'msg': 'Field required', 'input': <app.models.shift_type.ShiftType object at 0x7f3695f82890>, 'url': 'https://errors.pydantic.dev/2.5/v/missing'}
  {'type': 'missing', 'loc': ('response', 1, 'start_time'), 'msg': 'Field required', 'input': <app.models.shift_type.ShiftType object at 0x7f3695f815d0>, 'url': 'https://errors.pydantic.dev/2.5/v/missing'}
  {'type': 'missing', 'loc': ('response', 1, 'end_time'), 'msg': 'Field required', 'input': <app.models.shift_type.ShiftType object at 0x7f3695f815d0>, 'url': 'https://errors.pydantic.dev/2.5/v/missing'}
  {'type': 'missing', 'loc': ('response', 2, 'start_time'), 'msg': 'Field required', 'input': <app.models.shift_type.ShiftType object at 0x7f3695f83a10>, 'url': 'https://errors.pydantic.dev/2.5/v/missing'}
  {'type': 'missing', 'loc': ('response', 2, 'end_time'), 'msg': 'Field required', 'input': <app.models.shift_type.ShiftType object at 0x7f3695f83a10>, 'url': 'https://errors.pydantic.dev/2.5/v/missing'}
  {'type': 'missing', 'loc': ('response', 3, 'start_time'), 'msg': 'Field required', 'input': <app.models.shift_type.ShiftType object at 0x7f3695f82910>, 'url': 'https://errors.pydantic.dev/2.5/v/missing'}
  {'type': 'missing', 'loc': ('response', 3, 'end_time'), 'msg': 'Field required', 'input': <app.models.shift_type.ShiftType object at 0x7f3695f82910>, 'url': 'https://errors.pydantic.dev/2.5/v/missing'}
  {'type': 'missing', 'loc': ('response', 4, 'start_time'), 'msg': 'Field required', 'input': <app.models.shift_type.ShiftType object at 0x7f3695f80e10>, 'url': 'https://errors.pydantic.dev/2.5/v/missing'}
  {'type': 'missing', 'loc': ('response', 4, 'end_time'), 'msg': 'Field required', 'input': <app.models.shift_type.ShiftType object at 0x7f3695f80e10>, 'url': 'https://errors.pydantic.dev/2.5/v/missing'}
  {'type': 'missing', 'loc': ('response', 5, 'start_time'), 'msg': 'Field required', 'input': <app.models.shift_type.ShiftType object at 0x7f3695f83bd0>, 'url': 'https://errors.pydantic.dev/2.5/v/missing'}
  {'type': 'missing', 'loc': ('response', 5, 'end_time'), 'msg': 'Field required', 'input': <app.models.shift_type.ShiftType object at 0x7f3695f83bd0>, 'url': 'https://errors.pydantic.dev/2.5/v/missing'}
  {'type': 'missing', 'loc': ('response', 6, 'start_time'), 'msg': 'Field required', 'input': <app.models.shift_type.ShiftType object at 0x7f3695f81750>, 'url': 'https://errors.pydantic.dev/2.5/v/missing'}
  {'type': 'missing', 'loc': ('response', 6, 'end_time'), 'msg': 'Field required', 'input': <app.models.shift_type.ShiftType object at 0x7f3695f81750>, 'url': 'https://errors.pydantic.dev/2.5/v/missing'}
  {'type': 'missing', 'loc': ('response', 7, 'start_time'), 'msg': 'Field required', 'input': <app.models.shift_type.ShiftType object at 0x7f3695f81690>, 'url': 'https://errors.pydantic.dev/2.5/v/missing'}
  {'type': 'missing', 'loc': ('response', 7, 'end_time'), 'msg': 'Field required', 'input': <app.models.shift_type.ShiftType object at 0x7f3695f81690>, 'url': 'https://errors.pydantic.dev/2.5/v/missing'}
  {'type': 'missing', 'loc': ('response', 8, 'start_time'), 'msg': 'Field required', 'input': <app.models.shift_type.ShiftType object at 0x7f3695f83dd0>, 'url': 'https://errors.pydantic.dev/2.5/v/missing'}
  {'type': 'missing', 'loc': ('response', 8, 'end_time'), 'msg': 'Field required', 'input': <app.models.shift_type.ShiftType object at 0x7f3695f83dd0>, 'url': 'https://errors.pydantic.dev/2.5/v/missing'}
  {'type': 'missing', 'loc': ('response', 9, 'start_time'), 'msg': 'Field required', 'input': <app.models.shift_type.ShiftType object at 0x7f3695f83ad0>, 'url': 'https://errors.pydantic.dev/2.5/v/missing'}
  {'type': 'missing', 'loc': ('response', 9, 'end_time'), 'msg': 'Field required', 'input': <app.models.shift_type.ShiftType object at 0x7f3695f83ad0>, 'url': 'https://errors.pydantic.dev/2.5/v/missing'}
  {'type': 'missing', 'loc': ('response', 10, 'start_time'), 'msg': 'Field required', 'input': <app.models.shift_type.ShiftType object at 0x7f3695f83150>, 'url': 'https://errors.pydantic.dev/2.5/v/missing'}
  {'type': 'missing', 'loc': ('response', 10, 'end_time'), 'msg': 'Field required', 'input': <app.models.shift_type.ShiftType object at 0x7f3695f83150>, 'url': 'https://errors.pydantic.dev/2.5/v/missing'}

INFO:     192.168.65.129:0 - "GET /api/employees/teams HTTP/1.1" 200 OK
INFO:     192.168.65.129:0 - "GET /api/schedules?date=&team= HTTP/1.1" 200 OK
INFO:     10.3.5.15:0 - "GET /api/employees/teams HTTP/1.1" 200 OK
INFO:     192.168.65.129:0 - "GET /api/employees?page=1&limit=20&search=&team=&dept= HTTP/1.1" 200 OK
INFO:     10.3.5.15:0 - "GET /api/employees/departments HTTP/1.1" 200 OK
INFO:     10.3.5.15:0 - "GET /api/checkins?page=1&limit=20 HTTP/1.1" 200 OK
INFO:     10.3.5.7:0 - "POST /api/checkins/import HTTP/1.1" 200 OK
INFO:     10.3.5.7:0 - "GET /api/checkins?page=1&limit=20 HTTP/1.1" 200 OK
INFO:     192.168.65.129:0 - "GET /api/employees?page=1&limit=20&search=&team=&dept= HTTP/1.1" 200 OK
INFO:     10.3.5.7:0 - "GET /api/employees/teams HTTP/1.1" 200 OK
INFO:     192.168.65.193:0 - "GET /api/employees/departments HTTP/1.1" 200 OK
INFO:     192.168.65.129:0 - "GET /api/employees/teams HTTP/1.1" 200 OK
INFO:     10.3.5.15:0 - "GET /api/checkins/report?date=2026-04-28 HTTP/1.1" 200 OK
INFO:     10.3.5.15:0 - "GET /api/checkins/report?date=2026-04-06 HTTP/1.1" 200 OK
INFO:     10.3.5.15:0 - "GET /api/employees/teams HTTP/1.1" 200 OK
INFO:     192.168.65.193:0 - "GET /api/checkins/report?date=2026-04-28 HTTP/1.1" 200 OK
INFO:     192.168.65.129:0 - "GET /api/employees/teams HTTP/1.1" 200 OK
INFO:     192.168.65.193:0 - "GET /api/checkins/report?date=2026-04-28 HTTP/1.1" 200 OK
INFO:     192.168.65.193:0 - "GET /api/employees/teams HTTP/1.1" 200 OK
INFO:     192.168.65.129:0 - "GET /api/checkins/report?date=2026-04-28 HTTP/1.1" 200 OK
INFO:     10.3.5.15:0 - "GET /api/checkins/report?date=2026-04-28 HTTP/1.1" 200 OK
INFO:     10.3.5.7:0 - "GET /api/employees/teams HTTP/1.1" 200 OK
INFO:     192.168.65.193:0 - "GET /api/employees/teams HTTP/1.1" 200 OK
INFO:     192.168.65.129:0 - "GET /api/checkins/report?date=2026-04-28 HTTP/1.1" 200 OK
INFO:     192.168.65.193:0 - "GET /api/employees/teams HTTP/1.1" 200 OK
INFO:     192.168.65.129:0 - "GET /api/checkins/report?date=2026-04-28 HTTP/1.1" 200 OK
INFO:     10.3.5.7:0 - "GET /api/checkins/report?date=2026-04-28 HTTP/1.1" 200 OK
INFO:     192.168.65.129:0 - "GET /api/employees/teams HTTP/1.1" 200 OK
INFO:     192.168.65.193:0 - "GET /api/employees/teams HTTP/1.1" 200 OK
INFO:     10.3.5.7:0 - "GET /api/checkins/report?date=2026-04-28 HTTP/1.1" 200 OK
INFO:     10.3.5.7:0 - "GET /api/employees/teams HTTP/1.1" 200 OK
INFO:     192.168.65.193:0 - "GET /api/checkins/report?date=2026-04-28 HTTP/1.1" 200 OK
INFO:     10.3.5.7:0 - "GET /api/employees/teams HTTP/1.1" 200 OK
INFO:     192.168.65.129:0 - "GET /api/checkins/report?date=2026-04-28 HTTP/1.1" 200 OK
INFO:     10.3.5.7:0 - "GET /api/employees/teams HTTP/1.1" 200 OK
INFO:     10.3.5.15:0 - "GET /api/checkins/report?date=2026-04-28 HTTP/1.1" 200 OK
INFO:     192.168.65.129:0 - "GET /api/checkins/report?date=2026-04-28 HTTP/1.1" 200 OK
INFO:     192.168.65.129:0 - "GET /api/employees/teams HTTP/1.1" 200 OK
INFO:     192.168.65.129:0 - "GET /api/employees/teams HTTP/1.1" 200 OK
INFO:     192.168.65.193:0 - "GET /api/checkins/report?date=2026-04-28 HTTP/1.1" 200 OK
INFO:     192.168.65.193:0 - "GET /api/employees/teams HTTP/1.1" 200 OK
INFO:     10.3.5.7:0 - "GET /api/checkins/report?date=2026-04-28 HTTP/1.1" 200 OK
INFO:     10.3.5.15:0 - "GET /api/checkins/report?date=2026-04-28 HTTP/1.1" 200 OK
INFO:     10.3.5.7:0 - "GET /api/employees/teams HTTP/1.1" 200 OK
INFO:     10.3.5.7:0 - "GET /api/checkins/report?date=2026-04-28 HTTP/1.1" 200 OK
INFO:     10.3.5.15:0 - "GET /api/employees/teams HTTP/1.1" 200 OK
INFO:     10.3.5.15:0 - "GET /api/checkins/report?date=2026-04-28 HTTP/1.1" 200 OK
INFO:     192.168.65.129:0 - "GET /api/employees/teams HTTP/1.1" 200 OK
INFO:     Started server process [1812]
INFO:     Waiting for application startup.
INFO:     Application startup complete.
INFO:     Uvicorn running on http://0.0.0.0:5000 (Press CTRL+C to quit)
INFO:     192.168.65.193:0 - "GET /api/api/teams HTTP/1.1" 404 Not Found
INFO:     192.168.65.193:0 - "GET /api/api/departments HTTP/1.1" 404 Not Found
INFO:     192.168.65.129:0 - "GET /api/reports/daily?schedule_date=2026-04-29 HTTP/1.1" 200 OK
INFO:     10.3.5.7:0 - "GET /api/stats HTTP/1.1" 200 OK
INFO:     192.168.65.193:0 - "GET /api/reports/team-ranking?year_month=2026-04 HTTP/1.1" 200 OK
INFO:     192.168.65.193:0 - "GET /api/employees/teams HTTP/1.1" 200 OK
INFO:     192.168.65.193:0 - "GET /api/checkins/report?date=2026-04-29 HTTP/1.1" 200 OK
INFO:     10.3.5.15:0 - "GET /api/checkins/report?date=2026-04-14 HTTP/1.1" 200 OK
INFO:     10.3.5.15:0 - "GET /api/employees?limit=1000 HTTP/1.1" 422 Unprocessable Entity
全局异常: Traceback (most recent call last):
  File "/root/.pyenv/versions/3.11.1/lib/python3.11/site-packages/starlette/middleware/errors.py", line 162, in __call__
    await self.app(scope, receive, _send)
  File "/root/.pyenv/versions/3.11.1/lib/python3.11/site-packages/starlette/middleware/cors.py", line 83, in __call__
    await self.app(scope, receive, send)
  File "/root/.pyenv/versions/3.11.1/lib/python3.11/site-packages/starlette/middleware/exceptions.py", line 79, in __call__
    raise exc
  File "/root/.pyenv/versions/3.11.1/lib/python3.11/site-packages/starlette/middleware/exceptions.py", line 68, in __call__
    await self.app(scope, receive, sender)
  File "/root/.pyenv/versions/3.11.1/lib/python3.11/contextlib.py", line 222, in __aexit__
    await self.gen.athrow(typ, value, traceback)
  File "/root/.pyenv/versions/3.11.1/lib/python3.11/site-packages/fastapi/concurrency.py", line 36, in contextmanager_in_threadpool
    raise e
fastapi.exceptions.ResponseValidationError: 22 validation errors:
  {'type': 'missing', 'loc': ('response', 0, 'start_time'), 'msg': 'Field required', 'input': <app.models.shift_type.ShiftType object at 0x7f45f85ea0d0>, 'url': 'https://errors.pydantic.dev/2.5/v/missing'}
  {'type': 'missing', 'loc': ('response', 0, 'end_time'), 'msg': 'Field required', 'input': <app.models.shift_type.ShiftType object at 0x7f45f85ea0d0>, 'url': 'https://errors.pydantic.dev/2.5/v/missing'}
  {'type': 'missing', 'loc': ('response', 1, 'start_time'), 'msg': 'Field required', 'input': <app.models.shift_type.ShiftType object at 0x7f45f85ea390>, 'url': 'https://errors.pydantic.dev/2.5/v/missing'}
  {'type': 'missing', 'loc': ('response', 1, 'end_time'), 'msg': 'Field required', 'input': <app.models.shift_type.ShiftType object at 0x7f45f85ea390>, 'url': 'https://errors.pydantic.dev/2.5/v/missing'}
  {'type': 'missing', 'loc': ('response', 2, 'start_time'), 'msg': 'Field required', 'input': <app.models.shift_type.ShiftType object at 0x7f45f85ea4d0>, 'url': 'https://errors.pydantic.dev/2.5/v/missing'}
  {'type': 'missing', 'loc': ('response', 2, 'end_time'), 'msg': 'Field required', 'input': <app.models.shift_type.ShiftType object at 0x7f45f85ea4d0>, 'url': 'https://errors.pydantic.dev/2.5/v/missing'}
  {'type': 'missing', 'loc': ('response', 3, 'start_time'), 'msg': 'Field required', 'input': <app.models.shift_type.ShiftType object at 0x7f45f85ea990>, 'url': 'https://errors.pydantic.dev/2.5/v/missing'}
  {'type': 'missing', 'loc': ('response', 3, 'end_time'), 'msg': 'Field required', 'input': <app.models.shift_type.ShiftType object at 0x7f45f85ea990>, 'url': 'https://errors.pydantic.dev/2.5/v/missing'}
  {'type': 'missing', 'loc': ('response', 4, 'start_time'), 'msg': 'Field required', 'input': <app.models.shift_type.ShiftType object at 0x7f45f85eaad0>, 'url': 'https://errors.pydantic.dev/2.5/v/missing'}
  {'type': 'missing', 'loc': ('response', 4, 'end_time'), 'msg': 'Field required', 'input': <app.models.shift_type.ShiftType object at 0x7f45f85eaad0>, 'url': 'https://errors.pydantic.dev/2.5/v/missing'}
  {'type': 'missing', 'loc': ('response', 5, 'start_time'), 'msg': 'Field required', 'input': <app.models.shift_type.ShiftType object at 0x7f45f85eaed0>, 'url': 'https://errors.pydantic.dev/2.5/v/missing'}
  {'type': 'missing', 'loc': ('response', 5, 'end_time'), 'msg': 'Field required', 'input': <app.models.shift_type.ShiftType object at 0x7f45f85eaed0>, 'url': 'https://errors.pydantic.dev/2.5/v/missing'}
  {'type': 'missing', 'loc': ('response', 6, 'start_time'), 'msg': 'Field required', 'input': <app.models.shift_type.ShiftType object at 0x7f45f85eb010>, 'url': 'https://errors.pydantic.dev/2.5/v/missing'}
  {'type': 'missing', 'loc': ('response', 6, 'end_time'), 'msg': 'Field required', 'input': <app.models.shift_type.ShiftType object at 0x7f45f85eb010>, 'url': 'https://errors.pydantic.dev/2.5/v/missing'}
  {'type': 'missing', 'loc': ('response', 7, 'start_time'), 'msg': 'Field required', 'input': <app.models.shift_type.ShiftType object at 0x7f45f85e98d0>, 'url': 'https://errors.pydantic.dev/2.5/v/missing'}
  {'type': 'missing', 'loc': ('response', 7, 'end_time'), 'msg': 'Field required', 'input': <app.models.shift_type.ShiftType object at 0x7f45f85e98d0>, 'url': 'https://errors.pydantic.dev/2.5/v/missing'}
  {'type': 'missing', 'loc': ('response', 8, 'start_time'), 'msg': 'Field required', 'input': <app.models.shift_type.ShiftType object at 0x7f45f85e8fd0>, 'url': 'https://errors.pydantic.dev/2.5/v/missing'}
  {'type': 'missing', 'loc': ('response', 8, 'end_time'), 'msg': 'Field required', 'input': <app.models.shift_type.ShiftType object at 0x7f45f85e8fd0>, 'url': 'https://errors.pydantic.dev/2.5/v/missing'}
  {'type': 'missing', 'loc': ('response', 9, 'start_time'), 'msg': 'Field required', 'input': <app.models.shift_type.ShiftType object at 0x7f45f85ead90>, 'url': 'https://errors.pydantic.dev/2.5/v/missing'}
  {'type': 'missing', 'loc': ('response', 9, 'end_time'), 'msg': 'Field required', 'input': <app.models.shift_type.ShiftType object at 0x7f45f85ead90>, 'url': 'https://errors.pydantic.dev/2.5/v/missing'}
  {'type': 'missing', 'loc': ('response', 10, 'start_time'), 'msg': 'Field required', 'input': <app.models.shift_type.ShiftType object at 0x7f45f85e9610>, 'url': 'https://errors.pydantic.dev/2.5/v/missing'}
  {'type': 'missing', 'loc': ('response', 10, 'end_time'), 'msg': 'Field required', 'input': <app.models.shift_type.ShiftType object at 0x7f45f85e9610>, 'url': 'https://errors.pydantic.dev/2.5/v/missing'}


INFO:     10.3.5.7:0 - "GET /api/shift-types HTTP/1.1" 500 Internal Server Error
ERROR:    Exception in ASGI application
Traceback (most recent call last):
  File "/root/.pyenv/versions/3.11.1/lib/python3.11/site-packages/uvicorn/protocols/http/httptools_impl.py", line 426, in run_asgi
    result = await app(  # type: ignore[func-returns-value]
             ^^^^^^^^^^^^^^^^^^^^^^^^^^^^^^^^^^^^^^^^^^^^^^
  File "/root/.pyenv/versions/3.11.1/lib/python3.11/site-packages/uvicorn/middleware/proxy_headers.py", line 84, in __call__
    return await self.app(scope, receive, send)
           ^^^^^^^^^^^^^^^^^^^^^^^^^^^^^^^^^^^^
  File "/root/.pyenv/versions/3.11.1/lib/python3.11/site-packages/fastapi/applications.py", line 1106, in __call__
    await super().__call__(scope, receive, send)
  File "/root/.pyenv/versions/3.11.1/lib/python3.11/site-packages/starlette/applications.py", line 122, in __call__
    await self.middleware_stack(scope, receive, send)
  File "/root/.pyenv/versions/3.11.1/lib/python3.11/site-packages/starlette/middleware/errors.py", line 184, in __call__
    raise exc
  File "/root/.pyenv/versions/3.11.1/lib/python3.11/site-packages/starlette/middleware/errors.py", line 162, in __call__
    await self.app(scope, receive, _send)
  File "/root/.pyenv/versions/3.11.1/lib/python3.11/site-packages/starlette/middleware/cors.py", line 83, in __call__
    await self.app(scope, receive, send)
  File "/root/.pyenv/versions/3.11.1/lib/python3.11/site-packages/starlette/middleware/exceptions.py", line 79, in __call__
    raise exc
  File "/root/.pyenv/versions/3.11.1/lib/python3.11/site-packages/starlette/middleware/exceptions.py", line 68, in __call__
    await self.app(scope, receive, sender)
  File "/root/.pyenv/versions/3.11.1/lib/python3.11/contextlib.py", line 222, in __aexit__
    await self.gen.athrow(typ, value, traceback)
  File "/root/.pyenv/versions/3.11.1/lib/python3.11/site-packages/fastapi/concurrency.py", line 36, in contextmanager_in_threadpool
    raise e
fastapi.exceptions.ResponseValidationError: 22 validation errors:
  {'type': 'missing', 'loc': ('response', 0, 'start_time'), 'msg': 'Field required', 'input': <app.models.shift_type.ShiftType object at 0x7f45f85ea0d0>, 'url': 'https://errors.pydantic.dev/2.5/v/missing'}
  {'type': 'missing', 'loc': ('response', 0, 'end_time'), 'msg': 'Field required', 'input': <app.models.shift_type.ShiftType object at 0x7f45f85ea0d0>, 'url': 'https://errors.pydantic.dev/2.5/v/missing'}
  {'type': 'missing', 'loc': ('response', 1, 'start_time'), 'msg': 'Field required', 'input': <app.models.shift_type.ShiftType object at 0x7f45f85ea390>, 'url': 'https://errors.pydantic.dev/2.5/v/missing'}
  {'type': 'missing', 'loc': ('response', 1, 'end_time'), 'msg': 'Field required', 'input': <app.models.shift_type.ShiftType object at 0x7f45f85ea390>, 'url': 'https://errors.pydantic.dev/2.5/v/missing'}
  {'type': 'missing', 'loc': ('response', 2, 'start_time'), 'msg': 'Field required', 'input': <app.models.shift_type.ShiftType object at 0x7f45f85ea4d0>, 'url': 'https://errors.pydantic.dev/2.5/v/missing'}
  {'type': 'missing', 'loc': ('response', 2, 'end_time'), 'msg': 'Field required', 'input': <app.models.shift_type.ShiftType object at 0x7f45f85ea4d0>, 'url': 'https://errors.pydantic.dev/2.5/v/missing'}
  {'type': 'missing', 'loc': ('response', 3, 'start_time'), 'msg': 'Field required', 'input': <app.models.shift_type.ShiftType object at 0x7f45f85ea990>, 'url': 'https://errors.pydantic.dev/2.5/v/missing'}
  {'type': 'missing', 'loc': ('response', 3, 'end_time'), 'msg': 'Field required', 'input': <app.models.shift_type.ShiftType object at 0x7f45f85ea990>, 'url': 'https://errors.pydantic.dev/2.5/v/missing'}
  {'type': 'missing', 'loc': ('response', 4, 'start_time'), 'msg': 'Field required', 'input': <app.models.shift_type.ShiftType object at 0x7f45f85eaad0>, 'url': 'https://errors.pydantic.dev/2.5/v/missing'}
  {'type': 'missing', 'loc': ('response', 4, 'end_time'), 'msg': 'Field required', 'input': <app.models.shift_type.ShiftType object at 0x7f45f85eaad0>, 'url': 'https://errors.pydantic.dev/2.5/v/missing'}
  {'type': 'missing', 'loc': ('response', 5, 'start_time'), 'msg': 'Field required', 'input': <app.models.shift_type.ShiftType object at 0x7f45f85eaed0>, 'url': 'https://errors.pydantic.dev/2.5/v/missing'}
  {'type': 'missing', 'loc': ('response', 5, 'end_time'), 'msg': 'Field required', 'input': <app.models.shift_type.ShiftType object at 0x7f45f85eaed0>, 'url': 'https://errors.pydantic.dev/2.5/v/missing'}
  {'type': 'missing', 'loc': ('response', 6, 'start_time'), 'msg': 'Field required', 'input': <app.models.shift_type.ShiftType object at 0x7f45f85eb010>, 'url': 'https://errors.pydantic.dev/2.5/v/missing'}
  {'type': 'missing', 'loc': ('response', 6, 'end_time'), 'msg': 'Field required', 'input': <app.models.shift_type.ShiftType object at 0x7f45f85eb010>, 'url': 'https://errors.pydantic.dev/2.5/v/missing'}
  {'type': 'missing', 'loc': ('response', 7, 'start_time'), 'msg': 'Field required', 'input': <app.models.shift_type.ShiftType object at 0x7f45f85e98d0>, 'url': 'https://errors.pydantic.dev/2.5/v/missing'}
  {'type': 'missing', 'loc': ('response', 7, 'end_time'), 'msg': 'Field required', 'input': <app.models.shift_type.ShiftType object at 0x7f45f85e98d0>, 'url': 'https://errors.pydantic.dev/2.5/v/missing'}
  {'type': 'missing', 'loc': ('response', 8, 'start_time'), 'msg': 'Field required', 'input': <app.models.shift_type.ShiftType object at 0x7f45f85e8fd0>, 'url': 'https://errors.pydantic.dev/2.5/v/missing'}
  {'type': 'missing', 'loc': ('response', 8, 'end_time'), 'msg': 'Field required', 'input': <app.models.shift_type.ShiftType object at 0x7f45f85e8fd0>, 'url': 'https://errors.pydantic.dev/2.5/v/missing'}
  {'type': 'missing', 'loc': ('response', 9, 'start_time'), 'msg': 'Field required', 'input': <app.models.shift_type.ShiftType object at 0x7f45f85ead90>, 'url': 'https://errors.pydantic.dev/2.5/v/missing'}
  {'type': 'missing', 'loc': ('response', 9, 'end_time'), 'msg': 'Field required', 'input': <app.models.shift_type.ShiftType object at 0x7f45f85ead90>, 'url': 'https://errors.pydantic.dev/2.5/v/missing'}
  {'type': 'missing', 'loc': ('response', 10, 'start_time'), 'msg': 'Field required', 'input': <app.models.shift_type.ShiftType object at 0x7f45f85e9610>, 'url': 'https://errors.pydantic.dev/2.5/v/missing'}
  {'type': 'missing', 'loc': ('response', 10, 'end_time'), 'msg': 'Field required', 'input': <app.models.shift_type.ShiftType object at 0x7f45f85e9610>, 'url': 'https://errors.pydantic.dev/2.5/v/missing'}

INFO:     192.168.65.129:0 - "GET /api/employees/teams HTTP/1.1" 200 OK
INFO:     192.168.65.193:0 - "GET /api/schedules?date=&team= HTTP/1.1" 200 OK
INFO:     192.168.65.129:0 - "GET /api/employees/teams HTTP/1.1" 200 OK
INFO:     192.168.65.193:0 - "GET /api/employees/departments HTTP/1.1" 200 OK
INFO:     10.3.5.15:0 - "GET /api/employees?page=1&limit=20&search=&team=&dept= HTTP/1.1" 200 OK
INFO:     10.3.5.7:0 - "GET /api/employees/teams HTTP/1.1" 200 OK
INFO:     192.168.65.129:0 - "GET /api/employees?limit=1000 HTTP/1.1" 422 Unprocessable Entity
INFO:     192.168.65.129:0 - "GET /api/schedules?date=&team= HTTP/1.1" 200 OK
全局异常: Traceback (most recent call last):
  File "/root/.pyenv/versions/3.11.1/lib/python3.11/site-packages/starlette/middleware/errors.py", line 162, in __call__
    await self.app(scope, receive, _send)
  File "/root/.pyenv/versions/3.11.1/lib/python3.11/site-packages/starlette/middleware/cors.py", line 83, in __call__
    await self.app(scope, receive, send)
  File "/root/.pyenv/versions/3.11.1/lib/python3.11/site-packages/starlette/middleware/exceptions.py", line 79, in __call__
    raise exc
  File "/root/.pyenv/versions/3.11.1/lib/python3.11/site-packages/starlette/middleware/exceptions.py", line 68, in __call__
    await self.app(scope, receive, sender)
  File "/root/.pyenv/versions/3.11.1/lib/python3.11/contextlib.py", line 222, in __aexit__
    await self.gen.athrow(typ, value, traceback)
  File "/root/.pyenv/versions/3.11.1/lib/python3.11/site-packages/fastapi/concurrency.py", line 36, in contextmanager_in_threadpool
    raise e
fastapi.exceptions.ResponseValidationError: 22 validation errors:
  {'type': 'missing', 'loc': ('response', 0, 'start_time'), 'msg': 'Field required', 'input': <app.models.shift_type.ShiftType object at 0x7f45f854f890>, 'url': 'https://errors.pydantic.dev/2.5/v/missing'}
  {'type': 'missing', 'loc': ('response', 0, 'end_time'), 'msg': 'Field required', 'input': <app.models.shift_type.ShiftType object at 0x7f45f854f890>, 'url': 'https://errors.pydantic.dev/2.5/v/missing'}
  {'type': 'missing', 'loc': ('response', 1, 'start_time'), 'msg': 'Field required', 'input': <app.models.shift_type.ShiftType object at 0x7f45f854fd50>, 'url': 'https://errors.pydantic.dev/2.5/v/missing'}
  {'type': 'missing', 'loc': ('response', 1, 'end_time'), 'msg': 'Field required', 'input': <app.models.shift_type.ShiftType object at 0x7f45f854fd50>, 'url': 'https://errors.pydantic.dev/2.5/v/missing'}
  {'type': 'missing', 'loc': ('response', 2, 'start_time'), 'msg': 'Field required', 'input': <app.models.shift_type.ShiftType object at 0x7f45f854f1d0>, 'url': 'https://errors.pydantic.dev/2.5/v/missing'}
  {'type': 'missing', 'loc': ('response', 2, 'end_time'), 'msg': 'Field required', 'input': <app.models.shift_type.ShiftType object at 0x7f45f854f1d0>, 'url': 'https://errors.pydantic.dev/2.5/v/missing'}
  {'type': 'missing', 'loc': ('response', 3, 'start_time'), 'msg': 'Field required', 'input': <app.models.shift_type.ShiftType object at 0x7f45f854cf50>, 'url': 'https://errors.pydantic.dev/2.5/v/missing'}
  {'type': 'missing', 'loc': ('response', 3, 'end_time'), 'msg': 'Field required', 'input': <app.models.shift_type.ShiftType object at 0x7f45f854cf50>, 'url': 'https://errors.pydantic.dev/2.5/v/missing'}
  {'type': 'missing', 'loc': ('response', 4, 'start_time'), 'msg': 'Field required', 'input': <app.models.shift_type.ShiftType object at 0x7f45f854d0d0>, 'url': 'https://errors.pydantic.dev/2.5/v/missing'}
  {'type': 'missing', 'loc': ('response', 4, 'end_time'), 'msg': 'Field required', 'input': <app.models.shift_type.ShiftType object at 0x7f45f854d0d0>, 'url': 'https://errors.pydantic.dev/2.5/v/missing'}
  {'type': 'missing', 'loc': ('response', 5, 'start_time'), 'msg': 'Field required', 'input': <app.models.shift_type.ShiftType object at 0x7f45f854d090>, 'url': 'https://errors.pydantic.dev/2.5/v/missing'}
  {'type': 'missing', 'loc': ('response', 5, 'end_time'), 'msg': 'Field required', 'input': <app.models.shift_type.ShiftType object at 0x7f45f854d090>, 'url': 'https://errors.pydantic.dev/2.5/v/missing'}
  {'type': 'missing', 'loc': ('response', 6, 'start_time'), 'msg': 'Field required', 'input': <app.models.shift_type.ShiftType object at 0x7f45f854d290>, 'url': 'https://errors.pydantic.dev/2.5/v/missing'}
  {'type': 'missing', 'loc': ('response', 6, 'end_time'), 'msg': 'Field required', 'input': <app.models.shift_type.ShiftType object at 0x7f45f854d290>, 'url': 'https://errors.pydantic.dev/2.5/v/missing'}
  {'type': 'missing', 'loc': ('response', 7, 'start_time'), 'msg': 'Field required', 'input': <app.models.shift_type.ShiftType object at 0x7f45f854d1d0>, 'url': 'https://errors.pydantic.dev/2.5/v/missing'}
  {'type': 'missing', 'loc': ('response', 7, 'end_time'), 'msg': 'Field required', 'input': <app.models.shift_type.ShiftType object at 0x7f45f854d1d0>, 'url': 'https://errors.pydantic.dev/2.5/v/missing'}
  {'type': 'missing', 'loc': ('response', 8, 'start_time'), 'msg': 'Field required', 'input': <app.models.shift_type.ShiftType object at 0x7f45f854d210>, 'url': 'https://errors.pydantic.dev/2.5/v/missing'}
  {'type': 'missing', 'loc': ('response', 8, 'end_time'), 'msg': 'Field required', 'input': <app.models.shift_type.ShiftType object at 0x7f45f854d210>, 'url': 'https://errors.pydantic.dev/2.5/v/missing'}
  {'type': 'missing', 'loc': ('response', 9, 'start_time'), 'msg': 'Field required', 'input': <app.models.shift_type.ShiftType object at 0x7f45f854d050>, 'url': 'https://errors.pydantic.dev/2.5/v/missing'}
  {'type': 'missing', 'loc': ('response', 9, 'end_time'), 'msg': 'Field required', 'input': <app.models.shift_type.ShiftType object at 0x7f45f854d050>, 'url': 'https://errors.pydantic.dev/2.5/v/missing'}
  {'type': 'missing', 'loc': ('response', 10, 'start_time'), 'msg': 'Field required', 'input': <app.models.shift_type.ShiftType object at 0x7f45f854d490>, 'url': 'https://errors.pydantic.dev/2.5/v/missing'}
  {'type': 'missing', 'loc': ('response', 10, 'end_time'), 'msg': 'Field required', 'input': <app.models.shift_type.ShiftType object at 0x7f45f854d490>, 'url': 'https://errors.pydantic.dev/2.5/v/missing'}


INFO:     10.3.5.7:0 - "GET /api/shift-types HTTP/1.1" 500 Internal Server Error
ERROR:    Exception in ASGI application
Traceback (most recent call last):
  File "/root/.pyenv/versions/3.11.1/lib/python3.11/site-packages/uvicorn/protocols/http/httptools_impl.py", line 426, in run_asgi
    result = await app(  # type: ignore[func-returns-value]
             ^^^^^^^^^^^^^^^^^^^^^^^^^^^^^^^^^^^^^^^^^^^^^^
  File "/root/.pyenv/versions/3.11.1/lib/python3.11/site-packages/uvicorn/middleware/proxy_headers.py", line 84, in __call__
    return await self.app(scope, receive, send)
           ^^^^^^^^^^^^^^^^^^^^^^^^^^^^^^^^^^^^
  File "/root/.pyenv/versions/3.11.1/lib/python3.11/site-packages/fastapi/applications.py", line 1106, in __call__
    await super().__call__(scope, receive, send)
  File "/root/.pyenv/versions/3.11.1/lib/python3.11/site-packages/starlette/applications.py", line 122, in __call__
    await self.middleware_stack(scope, receive, send)
  File "/root/.pyenv/versions/3.11.1/lib/python3.11/site-packages/starlette/middleware/errors.py", line 184, in __call__
    raise exc
  File "/root/.pyenv/versions/3.11.1/lib/python3.11/site-packages/starlette/middleware/errors.py", line 162, in __call__
    await self.app(scope, receive, _send)
  File "/root/.pyenv/versions/3.11.1/lib/python3.11/site-packages/starlette/middleware/cors.py", line 83, in __call__
    await self.app(scope, receive, send)
  File "/root/.pyenv/versions/3.11.1/lib/python3.11/site-packages/starlette/middleware/exceptions.py", line 79, in __call__
    raise exc
  File "/root/.pyenv/versions/3.11.1/lib/python3.11/site-packages/starlette/middleware/exceptions.py", line 68, in __call__
    await self.app(scope, receive, sender)
  File "/root/.pyenv/versions/3.11.1/lib/python3.11/contextlib.py", line 222, in __aexit__
    await self.gen.athrow(typ, value, traceback)
  File "/root/.pyenv/versions/3.11.1/lib/python3.11/site-packages/fastapi/concurrency.py", line 36, in contextmanager_in_threadpool
    raise e
fastapi.exceptions.ResponseValidationError: 22 validation errors:
  {'type': 'missing', 'loc': ('response', 0, 'start_time'), 'msg': 'Field required', 'input': <app.models.shift_type.ShiftType object at 0x7f45f854f890>, 'url': 'https://errors.pydantic.dev/2.5/v/missing'}
  {'type': 'missing', 'loc': ('response', 0, 'end_time'), 'msg': 'Field required', 'input': <app.models.shift_type.ShiftType object at 0x7f45f854f890>, 'url': 'https://errors.pydantic.dev/2.5/v/missing'}
  {'type': 'missing', 'loc': ('response', 1, 'start_time'), 'msg': 'Field required', 'input': <app.models.shift_type.ShiftType object at 0x7f45f854fd50>, 'url': 'https://errors.pydantic.dev/2.5/v/missing'}
  {'type': 'missing', 'loc': ('response', 1, 'end_time'), 'msg': 'Field required', 'input': <app.models.shift_type.ShiftType object at 0x7f45f854fd50>, 'url': 'https://errors.pydantic.dev/2.5/v/missing'}
  {'type': 'missing', 'loc': ('response', 2, 'start_time'), 'msg': 'Field required', 'input': <app.models.shift_type.ShiftType object at 0x7f45f854f1d0>, 'url': 'https://errors.pydantic.dev/2.5/v/missing'}
  {'type': 'missing', 'loc': ('response', 2, 'end_time'), 'msg': 'Field required', 'input': <app.models.shift_type.ShiftType object at 0x7f45f854f1d0>, 'url': 'https://errors.pydantic.dev/2.5/v/missing'}
  {'type': 'missing', 'loc': ('response', 3, 'start_time'), 'msg': 'Field required', 'input': <app.models.shift_type.ShiftType object at 0x7f45f854cf50>, 'url': 'https://errors.pydantic.dev/2.5/v/missing'}
  {'type': 'missing', 'loc': ('response', 3, 'end_time'), 'msg': 'Field required', 'input': <app.models.shift_type.ShiftType object at 0x7f45f854cf50>, 'url': 'https://errors.pydantic.dev/2.5/v/missing'}
  {'type': 'missing', 'loc': ('response', 4, 'start_time'), 'msg': 'Field required', 'input': <app.models.shift_type.ShiftType object at 0x7f45f854d0d0>, 'url': 'https://errors.pydantic.dev/2.5/v/missing'}
  {'type': 'missing', 'loc': ('response', 4, 'end_time'), 'msg': 'Field required', 'input': <app.models.shift_type.ShiftType object at 0x7f45f854d0d0>, 'url': 'https://errors.pydantic.dev/2.5/v/missing'}
  {'type': 'missing', 'loc': ('response', 5, 'start_time'), 'msg': 'Field required', 'input': <app.models.shift_type.ShiftType object at 0x7f45f854d090>, 'url': 'https://errors.pydantic.dev/2.5/v/missing'}
  {'type': 'missing', 'loc': ('response', 5, 'end_time'), 'msg': 'Field required', 'input': <app.models.shift_type.ShiftType object at 0x7f45f854d090>, 'url': 'https://errors.pydantic.dev/2.5/v/missing'}
  {'type': 'missing', 'loc': ('response', 6, 'start_time'), 'msg': 'Field required', 'input': <app.models.shift_type.ShiftType object at 0x7f45f854d290>, 'url': 'https://errors.pydantic.dev/2.5/v/missing'}
  {'type': 'missing', 'loc': ('response', 6, 'end_time'), 'msg': 'Field required', 'input': <app.models.shift_type.ShiftType object at 0x7f45f854d290>, 'url': 'https://errors.pydantic.dev/2.5/v/missing'}
  {'type': 'missing', 'loc': ('response', 7, 'start_time'), 'msg': 'Field required', 'input': <app.models.shift_type.ShiftType object at 0x7f45f854d1d0>, 'url': 'https://errors.pydantic.dev/2.5/v/missing'}
  {'type': 'missing', 'loc': ('response', 7, 'end_time'), 'msg': 'Field required', 'input': <app.models.shift_type.ShiftType object at 0x7f45f854d1d0>, 'url': 'https://errors.pydantic.dev/2.5/v/missing'}
  {'type': 'missing', 'loc': ('response', 8, 'start_time'), 'msg': 'Field required', 'input': <app.models.shift_type.ShiftType object at 0x7f45f854d210>, 'url': 'https://errors.pydantic.dev/2.5/v/missing'}
  {'type': 'missing', 'loc': ('response', 8, 'end_time'), 'msg': 'Field required', 'input': <app.models.shift_type.ShiftType object at 0x7f45f854d210>, 'url': 'https://errors.pydantic.dev/2.5/v/missing'}
  {'type': 'missing', 'loc': ('response', 9, 'start_time'), 'msg': 'Field required', 'input': <app.models.shift_type.ShiftType object at 0x7f45f854d050>, 'url': 'https://errors.pydantic.dev/2.5/v/missing'}
  {'type': 'missing', 'loc': ('response', 9, 'end_time'), 'msg': 'Field required', 'input': <app.models.shift_type.ShiftType object at 0x7f45f854d050>, 'url': 'https://errors.pydantic.dev/2.5/v/missing'}
  {'type': 'missing', 'loc': ('response', 10, 'start_time'), 'msg': 'Field required', 'input': <app.models.shift_type.ShiftType object at 0x7f45f854d490>, 'url': 'https://errors.pydantic.dev/2.5/v/missing'}
  {'type': 'missing', 'loc': ('response', 10, 'end_time'), 'msg': 'Field required', 'input': <app.models.shift_type.ShiftType object at 0x7f45f854d490>, 'url': 'https://errors.pydantic.dev/2.5/v/missing'}

INFO:     10.3.5.7:0 - "GET /api/employees/departments HTTP/1.1" 200 OK
INFO:     192.168.65.193:0 - "GET /api/employees?page=1&limit=20&search=&team=&dept= HTTP/1.1" 200 OK
INFO:     192.168.65.129:0 - "GET /api/employees/teams HTTP/1.1" 200 OK
INFO:     192.168.65.193:0 - "GET /api/api/teams HTTP/1.1" 404 Not Found
INFO:     10.3.5.7:0 - "GET /api/api/departments HTTP/1.1" 404 Not Found
INFO:     192.168.65.193:0 - "GET /api/stats HTTP/1.1" 200 OK
INFO:     10.3.5.15:0 - "GET /api/reports/daily?schedule_date=2026-04-29 HTTP/1.1" 200 OK
INFO:     192.168.65.129:0 - "GET /api/reports/team-ranking?year_month=2026-04 HTTP/1.1" 200 OK
全局异常: Traceback (most recent call last):
  File "/root/.pyenv/versions/3.11.1/lib/python3.11/site-packages/starlette/middleware/errors.py", line 162, in __call__
    await self.app(scope, receive, _send)
  File "/root/.pyenv/versions/3.11.1/lib/python3.11/site-packages/starlette/middleware/cors.py", line 83, in __call__
    await self.app(scope, receive, send)
  File "/root/.pyenv/versions/3.11.1/lib/python3.11/site-packages/starlette/middleware/exceptions.py", line 79, in __call__
    raise exc
  File "/root/.pyenv/versions/3.11.1/lib/python3.11/site-packages/starlette/middleware/exceptions.py", line 68, in __call__
    await self.app(scope, receive, sender)
  File "/root/.pyenv/versions/3.11.1/lib/python3.11/contextlib.py", line 222, in __aexit__
    await self.gen.athrow(typ, value, traceback)
  File "/root/.pyenv/versions/3.11.1/lib/python3.11/site-packages/fastapi/concurrency.py", line 36, in contextmanager_in_threadpool
    raise e
fastapi.exceptions.ResponseValidationError: 22 validation errors:
  {'type': 'missing', 'loc': ('response', 0, 'start_time'), 'msg': 'Field required', 'input': <app.models.shift_type.ShiftType object at 0x7f45fa7f8550>, 'url': 'https://errors.pydantic.dev/2.5/v/missing'}
  {'type': 'missing', 'loc': ('response', 0, 'end_time'), 'msg': 'Field required', 'input': <app.models.shift_type.ShiftType object at 0x7f45fa7f8550>, 'url': 'https://errors.pydantic.dev/2.5/v/missing'}
  {'type': 'missing', 'loc': ('response', 1, 'start_time'), 'msg': 'Field required', 'input': <app.models.shift_type.ShiftType object at 0x7f45fa7f9c50>, 'url': 'https://errors.pydantic.dev/2.5/v/missing'}
  {'type': 'missing', 'loc': ('response', 1, 'end_time'), 'msg': 'Field required', 'input': <app.models.shift_type.ShiftType object at 0x7f45fa7f9c50>, 'url': 'https://errors.pydantic.dev/2.5/v/missing'}
  {'type': 'missing', 'loc': ('response', 2, 'start_time'), 'msg': 'Field required', 'input': <app.models.shift_type.ShiftType object at 0x7f45fa7f9890>, 'url': 'https://errors.pydantic.dev/2.5/v/missing'}
  {'type': 'missing', 'loc': ('response', 2, 'end_time'), 'msg': 'Field required', 'input': <app.models.shift_type.ShiftType object at 0x7f45fa7f9890>, 'url': 'https://errors.pydantic.dev/2.5/v/missing'}
  {'type': 'missing', 'loc': ('response', 3, 'start_time'), 'msg': 'Field required', 'input': <app.models.shift_type.ShiftType object at 0x7f45f8677590>, 'url': 'https://errors.pydantic.dev/2.5/v/missing'}
  {'type': 'missing', 'loc': ('response', 3, 'end_time'), 'msg': 'Field required', 'input': <app.models.shift_type.ShiftType object at 0x7f45f8677590>, 'url': 'https://errors.pydantic.dev/2.5/v/missing'}
  {'type': 'missing', 'loc': ('response', 4, 'start_time'), 'msg': 'Field required', 'input': <app.models.shift_type.ShiftType object at 0x7f45f84a8050>, 'url': 'https://errors.pydantic.dev/2.5/v/missing'}
  {'type': 'missing', 'loc': ('response', 4, 'end_time'), 'msg': 'Field required', 'input': <app.models.shift_type.ShiftType object at 0x7f45f84a8050>, 'url': 'https://errors.pydantic.dev/2.5/v/missing'}
  {'type': 'missing', 'loc': ('response', 5, 'start_time'), 'msg': 'Field required', 'input': <app.models.shift_type.ShiftType object at 0x7f45f84a80d0>, 'url': 'https://errors.pydantic.dev/2.5/v/missing'}
  {'type': 'missing', 'loc': ('response', 5, 'end_time'), 'msg': 'Field required', 'input': <app.models.shift_type.ShiftType object at 0x7f45f84a80d0>, 'url': 'https://errors.pydantic.dev/2.5/v/missing'}
  {'type': 'missing', 'loc': ('response', 6, 'start_time'), 'msg': 'Field required', 'input': <app.models.shift_type.ShiftType object at 0x7f45f84a8250>, 'url': 'https://errors.pydantic.dev/2.5/v/missing'}
  {'type': 'missing', 'loc': ('response', 6, 'end_time'), 'msg': 'Field required', 'input': <app.models.shift_type.ShiftType object at 0x7f45f84a8250>, 'url': 'https://errors.pydantic.dev/2.5/v/missing'}
  {'type': 'missing', 'loc': ('response', 7, 'start_time'), 'msg': 'Field required', 'input': <app.models.shift_type.ShiftType object at 0x7f45f84a81d0>, 'url': 'https://errors.pydantic.dev/2.5/v/missing'}
  {'type': 'missing', 'loc': ('response', 7, 'end_time'), 'msg': 'Field required', 'input': <app.models.shift_type.ShiftType object at 0x7f45f84a81d0>, 'url': 'https://errors.pydantic.dev/2.5/v/missing'}
  {'type': 'missing', 'loc': ('response', 8, 'start_time'), 'msg': 'Field required', 'input': <app.models.shift_type.ShiftType object at 0x7f45f84a8350>, 'url': 'https://errors.pydantic.dev/2.5/v/missing'}
  {'type': 'missing', 'loc': ('response', 8, 'end_time'), 'msg': 'Field required', 'input': <app.models.shift_type.ShiftType object at 0x7f45f84a8350>, 'url': 'https://errors.pydantic.dev/2.5/v/missing'}
  {'type': 'missing', 'loc': ('response', 9, 'start_time'), 'msg': 'Field required', 'input': <app.models.shift_type.ShiftType object at 0x7f45f84a8210>, 'url': 'https://errors.pydantic.dev/2.5/v/missing'}
  {'type': 'missing', 'loc': ('response', 9, 'end_time'), 'msg': 'Field required', 'input': <app.models.shift_type.ShiftType object at 0x7f45f84a8210>, 'url': 'https://errors.pydantic.dev/2.5/v/missing'}
  {'type': 'missing', 'loc': ('response', 10, 'start_time'), 'msg': 'Field required', 'input': <app.models.shift_type.ShiftType object at 0x7f45f84a8290>, 'url': 'https://errors.pydantic.dev/2.5/v/missing'}
  {'type': 'missing', 'loc': ('response', 10, 'end_time'), 'msg': 'Field required', 'input': <app.models.shift_type.ShiftType object at 0x7f45f84a8290>, 'url': 'https://errors.pydantic.dev/2.5/v/missing'}


INFO:     192.168.65.193:0 - "GET /api/shift-types HTTP/1.1" 500 Internal Server Error
ERROR:    Exception in ASGI application
Traceback (most recent call last):
  File "/root/.pyenv/versions/3.11.1/lib/python3.11/site-packages/uvicorn/protocols/http/httptools_impl.py", line 426, in run_asgi
    result = await app(  # type: ignore[func-returns-value]
             ^^^^^^^^^^^^^^^^^^^^^^^^^^^^^^^^^^^^^^^^^^^^^^
  File "/root/.pyenv/versions/3.11.1/lib/python3.11/site-packages/uvicorn/middleware/proxy_headers.py", line 84, in __call__
    return await self.app(scope, receive, send)
           ^^^^^^^^^^^^^^^^^^^^^^^^^^^^^^^^^^^^
  File "/root/.pyenv/versions/3.11.1/lib/python3.11/site-packages/fastapi/applications.py", line 1106, in __call__
    await super().__call__(scope, receive, send)
  File "/root/.pyenv/versions/3.11.1/lib/python3.11/site-packages/starlette/applications.py", line 122, in __call__
    await self.middleware_stack(scope, receive, send)
  File "/root/.pyenv/versions/3.11.1/lib/python3.11/site-packages/starlette/middleware/errors.py", line 184, in __call__
    raise exc
  File "/root/.pyenv/versions/3.11.1/lib/python3.11/site-packages/starlette/middleware/errors.py", line 162, in __call__
    await self.app(scope, receive, _send)
  File "/root/.pyenv/versions/3.11.1/lib/python3.11/site-packages/starlette/middleware/cors.py", line 83, in __call__
    await self.app(scope, receive, send)
  File "/root/.pyenv/versions/3.11.1/lib/python3.11/site-packages/starlette/middleware/exceptions.py", line 79, in __call__
    raise exc
  File "/root/.pyenv/versions/3.11.1/lib/python3.11/site-packages/starlette/middleware/exceptions.py", line 68, in __call__
    await self.app(scope, receive, sender)
  File "/root/.pyenv/versions/3.11.1/lib/python3.11/contextlib.py", line 222, in __aexit__
    await self.gen.athrow(typ, value, traceback)
  File "/root/.pyenv/versions/3.11.1/lib/python3.11/site-packages/fastapi/concurrency.py", line 36, in contextmanager_in_threadpool
    raise e
fastapi.exceptions.ResponseValidationError: 22 validation errors:
  {'type': 'missing', 'loc': ('response', 0, 'start_time'), 'msg': 'Field required', 'input': <app.models.shift_type.ShiftType object at 0x7f45fa7f8550>, 'url': 'https://errors.pydantic.dev/2.5/v/missing'}
  {'type': 'missing', 'loc': ('response', 0, 'end_time'), 'msg': 'Field required', 'input': <app.models.shift_type.ShiftType object at 0x7f45fa7f8550>, 'url': 'https://errors.pydantic.dev/2.5/v/missing'}
  {'type': 'missing', 'loc': ('response', 1, 'start_time'), 'msg': 'Field required', 'input': <app.models.shift_type.ShiftType object at 0x7f45fa7f9c50>, 'url': 'https://errors.pydantic.dev/2.5/v/missing'}
  {'type': 'missing', 'loc': ('response', 1, 'end_time'), 'msg': 'Field required', 'input': <app.models.shift_type.ShiftType object at 0x7f45fa7f9c50>, 'url': 'https://errors.pydantic.dev/2.5/v/missing'}
  {'type': 'missing', 'loc': ('response', 2, 'start_time'), 'msg': 'Field required', 'input': <app.models.shift_type.ShiftType object at 0x7f45fa7f9890>, 'url': 'https://errors.pydantic.dev/2.5/v/missing'}
  {'type': 'missing', 'loc': ('response', 2, 'end_time'), 'msg': 'Field required', 'input': <app.models.shift_type.ShiftType object at 0x7f45fa7f9890>, 'url': 'https://errors.pydantic.dev/2.5/v/missing'}
  {'type': 'missing', 'loc': ('response', 3, 'start_time'), 'msg': 'Field required', 'input': <app.models.shift_type.ShiftType object at 0x7f45f8677590>, 'url': 'https://errors.pydantic.dev/2.5/v/missing'}
  {'type': 'missing', 'loc': ('response', 3, 'end_time'), 'msg': 'Field required', 'input': <app.models.shift_type.ShiftType object at 0x7f45f8677590>, 'url': 'https://errors.pydantic.dev/2.5/v/missing'}
  {'type': 'missing', 'loc': ('response', 4, 'start_time'), 'msg': 'Field required', 'input': <app.models.shift_type.ShiftType object at 0x7f45f84a8050>, 'url': 'https://errors.pydantic.dev/2.5/v/missing'}
  {'type': 'missing', 'loc': ('response', 4, 'end_time'), 'msg': 'Field required', 'input': <app.models.shift_type.ShiftType object at 0x7f45f84a8050>, 'url': 'https://errors.pydantic.dev/2.5/v/missing'}
  {'type': 'missing', 'loc': ('response', 5, 'start_time'), 'msg': 'Field required', 'input': <app.models.shift_type.ShiftType object at 0x7f45f84a80d0>, 'url': 'https://errors.pydantic.dev/2.5/v/missing'}
  {'type': 'missing', 'loc': ('response', 5, 'end_time'), 'msg': 'Field required', 'input': <app.models.shift_type.ShiftType object at 0x7f45f84a80d0>, 'url': 'https://errors.pydantic.dev/2.5/v/missing'}
  {'type': 'missing', 'loc': ('response', 6, 'start_time'), 'msg': 'Field required', 'input': <app.models.shift_type.ShiftType object at 0x7f45f84a8250>, 'url': 'https://errors.pydantic.dev/2.5/v/missing'}
  {'type': 'missing', 'loc': ('response', 6, 'end_time'), 'msg': 'Field required', 'input': <app.models.shift_type.ShiftType object at 0x7f45f84a8250>, 'url': 'https://errors.pydantic.dev/2.5/v/missing'}
  {'type': 'missing', 'loc': ('response', 7, 'start_time'), 'msg': 'Field required', 'input': <app.models.shift_type.ShiftType object at 0x7f45f84a81d0>, 'url': 'https://errors.pydantic.dev/2.5/v/missing'}
  {'type': 'missing', 'loc': ('response', 7, 'end_time'), 'msg': 'Field required', 'input': <app.models.shift_type.ShiftType object at 0x7f45f84a81d0>, 'url': 'https://errors.pydantic.dev/2.5/v/missing'}
  {'type': 'missing', 'loc': ('response', 8, 'start_time'), 'msg': 'Field required', 'input': <app.models.shift_type.ShiftType object at 0x7f45f84a8350>, 'url': 'https://errors.pydantic.dev/2.5/v/missing'}
  {'type': 'missing', 'loc': ('response', 8, 'end_time'), 'msg': 'Field required', 'input': <app.models.shift_type.ShiftType object at 0x7f45f84a8350>, 'url': 'https://errors.pydantic.dev/2.5/v/missing'}
  {'type': 'missing', 'loc': ('response', 9, 'start_time'), 'msg': 'Field required', 'input': <app.models.shift_type.ShiftType object at 0x7f45f84a8210>, 'url': 'https://errors.pydantic.dev/2.5/v/missing'}
  {'type': 'missing', 'loc': ('response', 9, 'end_time'), 'msg': 'Field required', 'input': <app.models.shift_type.ShiftType object at 0x7f45f84a8210>, 'url': 'https://errors.pydantic.dev/2.5/v/missing'}
  {'type': 'missing', 'loc': ('response', 10, 'start_time'), 'msg': 'Field required', 'input': <app.models.shift_type.ShiftType object at 0x7f45f84a8290>, 'url': 'https://errors.pydantic.dev/2.5/v/missing'}
  {'type': 'missing', 'loc': ('response', 10, 'end_time'), 'msg': 'Field required', 'input': <app.models.shift_type.ShiftType object at 0x7f45f84a8290>, 'url': 'https://errors.pydantic.dev/2.5/v/missing'}

INFO:     192.168.65.129:0 - "GET /api/reports/daily?schedule_date=2026-04-29&dept=&team=&status=&date=2026-04-29 HTTP/1.1" 200 OK
INFO:     10.3.5.7:0 - "GET /api/employees/departments HTTP/1.1" 200 OK
INFO:     192.168.65.129:0 - "GET /api/employees/teams HTTP/1.1" 200 OK
INFO:     192.168.65.193:0 - "GET /api/reports/daily?schedule_date=2026-04-14&dept=&team=&status=&date=2026-04-29 HTTP/1.1" 200 OK
INFO:     10.3.5.7:0 - "GET /api/employees/teams HTTP/1.1" 200 OK
INFO:     192.168.65.129:0 - "GET /api/checkins/report?date=2026-04-29 HTTP/1.1" 200 OK
INFO:     192.168.65.129:0 - "GET /api/checkins/report?date=2026-04-21 HTTP/1.1" 200 OK
INFO:     192.168.65.193:0 - "GET /api/checkins/report?date=2026-04-15 HTTP/1.1" 200 OK
INFO:     192.168.65.129:0 - "GET /api/employees/teams HTTP/1.1" 200 OK
INFO:     192.168.65.193:0 - "GET /api/checkins/report?date=2026-04-29 HTTP/1.1" 200 OK
INFO:     10.3.5.15:0 - "GET /api/checkins/report?date=2026-04-29 HTTP/1.1" 200 OK
INFO:     192.168.65.193:0 - "GET /api/employees/teams HTTP/1.1" 200 OK
INFO:     192.168.65.193:0 - "GET /api/employees/teams HTTP/1.1" 200 OK
INFO:     10.3.5.7:0 - "GET /api/checkins/report?date=2026-04-29 HTTP/1.1" 200 OK
INFO:     10.3.5.7:0 - "GET /api/employees/teams HTTP/1.1" 200 OK
INFO:     192.168.65.193:0 - "GET /api/checkins/report?date=2026-04-29 HTTP/1.1" 200 OK
INFO:     192.168.65.129:0 - "GET /api/checkins/report?date=2026-04-29 HTTP/1.1" 200 OK
INFO:     10.3.5.15:0 - "GET /api/employees/teams HTTP/1.1" 200 OK
INFO:     10.3.5.7:0 - "GET /api/employees/teams HTTP/1.1" 200 OK
INFO:     192.168.65.193:0 - "GET /api/checkins/report?date=2026-04-29 HTTP/1.1" 200 OK
INFO:     10.3.5.15:0 - "GET /api/checkins/report?date=2026-04-29 HTTP/1.1" 200 OK
INFO:     192.168.65.129:0 - "GET /api/employees/teams HTTP/1.1" 200 OK
INFO:     10.3.5.7:0 - "GET /api/checkins/report?date=2026-04-14 HTTP/1.1" 200 OK
INFO:     10.3.5.7:0 - "GET /api/checkins/report?date=2026-04-24 HTTP/1.1" 200 OK
INFO:     10.3.5.15:0 - "GET /api/checkins/report?date=2026-04-25 HTTP/1.1" 200 OK
INFO:     192.168.65.129:0 - "GET /api/checkins/report?date=2026-04-24 HTTP/1.1" 200 OK
INFO:     192.168.65.193:0 - "GET /api/checkins/report?date=2026-04-29 HTTP/1.1" 200 OK
INFO:     10.3.5.15:0 - "GET /api/employees/teams HTTP/1.1" 200 OK
INFO:     10.3.5.7:0 - "GET /api/checkins/report?date=2026-04-29 HTTP/1.1" 200 OK
INFO:     10.3.5.15:0 - "GET /api/employees/teams HTTP/1.1" 200 OK
INFO:     192.168.65.129:0 - "GET /api/employees/teams HTTP/1.1" 200 OK
INFO:     192.168.65.129:0 - "GET /api/checkins/report?date=2026-04-29 HTTP/1.1" 200 OK
INFO:     192.168.65.193:0 - "GET /api/checkins/report?date=2026-04-29 HTTP/1.1" 200 OK
INFO:     10.3.5.7:0 - "GET /api/employees/teams HTTP/1.1" 200 OK
